phase,control,rounds,job_id,panel,keys_completed,trials,alpha_hex_text,delta_hex_text,alpha_description,delta_description,value_score,mean_returned_hw,mean_hw_theoretical_z,mean_hw_key_t,mean_hw_key_p,mean_hw_between_key_sd,mean_hw_key_ci_lower,mean_hw_key_ci_upper,mean_hw_bootstrap_ci_lower,mean_hw_bootstrap_ci_upper,mean_returned_active_bytes,mean_active_theoretical_z,mean_active_key_t,mean_active_key_p,mean_active_between_key_sd,mean_active_key_ci_lower,mean_active_key_ci_upper,mean_active_bootstrap_ci_lower,mean_active_bootstrap_ci_upper,degenerate_swaps,attempts,degenerate_rate,all_trials,all_mean_returned_hw,all_mean_returned_active_bytes,all_active_bytes_leq_14_successes,all_active_bytes_leq_14_probability,all_active_mask_successes,all_active_mask_probability,all_exact_successes,all_exact_probability,all_same_weight_successes,all_same_weight_probability,all_weight1_successes,all_weight1_probability,all_weight_leq_48_successes,all_weight_leq_48_probability,nondegenerate_trials,nondegenerate_mean_returned_hw,nondegenerate_mean_returned_active_bytes,nondegenerate_active_bytes_leq_14_successes,nondegenerate_active_bytes_leq_14_probability,nondegenerate_active_mask_successes,nondegenerate_active_mask_probability,nondegenerate_exact_successes,nondegenerate_exact_probability,nondegenerate_same_weight_successes,nondegenerate_same_weight_probability,nondegenerate_weight1_successes,nondegenerate_weight1_probability,nondegenerate_weight_leq_48_successes,nondegenerate_weight_leq_48_probability,degenerate_trials,active_bytes_leq_14_successes,active_bytes_leq_14_probability,active_bytes_leq_14_ideal_probability,active_bytes_leq_14_binomial_z,active_bytes_leq_14_exact_p,active_bytes_leq_14_ci_lower,active_bytes_leq_14_ci_upper,active_bytes_leq_14_key_t,active_bytes_leq_14_key_p,active_bytes_leq_14_between_key_sd,active_bytes_leq_14_key_ci_lower,active_bytes_leq_14_key_ci_upper,active_bytes_leq_14_bootstrap_ci_lower,active_bytes_leq_14_bootstrap_ci_upper,active_mask_successes,active_mask_probability,active_mask_ideal_probability,active_mask_binomial_z,active_mask_exact_p,active_mask_ci_lower,active_mask_ci_upper,active_mask_key_t,active_mask_key_p,active_mask_between_key_sd,active_mask_key_ci_lower,active_mask_key_ci_upper,active_mask_bootstrap_ci_lower,active_mask_bootstrap_ci_upper,active_mask_zero_upper,exact_successes,exact_probability,exact_ideal_probability,exact_binomial_z,exact_exact_p,exact_ci_lower,exact_ci_upper,exact_key_t,exact_key_p,exact_between_key_sd,exact_key_ci_lower,exact_key_ci_upper,exact_bootstrap_ci_lower,exact_bootstrap_ci_upper,exact_zero_upper,same_weight_successes,same_weight_probability,same_weight_ideal_probability,same_weight_binomial_z,same_weight_exact_p,same_weight_ci_lower,same_weight_ci_upper,same_weight_key_t,same_weight_key_p,same_weight_between_key_sd,same_weight_key_ci_lower,same_weight_key_ci_upper,same_weight_bootstrap_ci_lower,same_weight_bootstrap_ci_upper,same_weight_zero_upper,weight1_successes,weight1_probability,weight1_ideal_probability,weight1_binomial_z,weight1_exact_p,weight1_ci_lower,weight1_ci_upper,weight1_key_t,weight1_key_p,weight1_between_key_sd,weight1_key_ci_lower,weight1_key_ci_upper,weight1_bootstrap_ci_lower,weight1_bootstrap_ci_upper,weight1_zero_upper,weight_leq_48_successes,weight_leq_48_probability,weight_leq_48_ideal_probability,weight_leq_48_binomial_z,weight_leq_48_exact_p,weight_leq_48_ci_lower,weight_leq_48_ci_upper,weight_leq_48_key_t,weight_leq_48_key_p,weight_leq_48_between_key_sd,weight_leq_48_key_ci_lower,weight_leq_48_key_ci_upper,weight_leq_48_bootstrap_ci_lower,weight_leq_48_bootstrap_ci_upper,hw_distribution_chi_square,hw_distribution_df,hw_distribution_p,hw_distribution_merged_bins,active_distribution_chi_square,active_distribution_df,active_distribution_p,active_distribution_merged_bins,output_bits_min_p,output_bits_min_within_job_q,byte_activity_min_p,byte_activity_min_within_job_q,mean_hw_broad_p,mean_hw_bonferroni_p,mean_hw_bh_q,mean_active_broad_p,mean_active_bonferroni_p,mean_active_bh_q,weight_leq_48_broad_p,weight_leq_48_bonferroni_p,weight_leq_48_bh_q,active_bytes_leq_14_broad_p,active_bytes_leq_14_bonferroni_p,active_bytes_leq_14_bh_q,hw_distribution_broad_p,hw_distribution_bonferroni_p,hw_distribution_bh_q,active_distribution_broad_p,active_distribution_bonferroni_p,active_distribution_bh_q,output_bits_broad_p,output_bits_bonferroni_p,output_bits_bh_q,byte_activity_broad_p,byte_activity_bonferroni_p,byte_activity_bh_q,broad_tests_in_family,minimum_broad_bh_q,broad_flag_q_le_0_05,degenerate_mean_returned_hw,degenerate_mean_returned_active_bytes,degenerate_active_bytes_leq_14_successes,degenerate_active_bytes_leq_14_probability,degenerate_active_mask_successes,degenerate_active_mask_probability,degenerate_exact_successes,degenerate_exact_probability,degenerate_same_weight_successes,degenerate_same_weight_probability,degenerate_weight1_successes,degenerate_weight1_probability,degenerate_weight_leq_48_successes,degenerate_weight_leq_48_probability
calibration,feistel_null,16,bit_a019_d019_off+000,bit_positions,8,160000,'00001000000000000000000000000000,'00001000000000000000000000000000,"single bit 19 (byte 2, bit-in-byte 3, MSB-first)","single bit 19 (byte 2, bit-in-byte 3, offset +0)",,64.00506875000005,0.3584147497174137,0.26404798967504356,0.7993478307362591,0.05429539534211258,63.959676663545885,64.0504608364542,63.97339375000006,64.04178125000003,15.936825000000002,-1.0821155749911924,-1.068820581066308,0.320616466067099,0.0017862570603636694,15.935331651726132,15.938318348273876,15.935631250000029,15.937931250000021,0,160000,0.0,160000,64.00506875000005,15.936825000000002,311,0.00194375,0,0.0,0,0.0,0,0.0,0,0.0,503,0.00314375,160000,64.00506875000005,15.936825000000002,311,0.00194375,0,0.0,0,0.0,0,0.0,0,0.0,503,0.00314375,0,311,0.00194375,0.001765552991277432,1.697867307964583,0.08964773246505028,0.0017338788689508229,0.0021719834408992804,2.0770503021301514,0.07641720390337572,0.00024266010914740098,0.0017408810719078236,0.0021466189280921763,0.001775,0.0020875,0,0.0,7.493776486492083e-37,-3.4626640579743416e-16,1.0,0.0,2.3055230812293166e-05,,0.0,0.0,0.0,0.0,0.0,0.0,1.8723151429367313e-05,0,0.0,2.938735877055719e-39,-2.168404344971009e-17,1.0,0.0,2.3055230812293166e-05,,0.0,0.0,0.0,0.0,0.0,0.0,1.8723151429367313e-05,0,0.0,3.76158192263132e-37,-2.4532694666933986e-16,1.0,0.0,2.3055230812293166e-05,,0.0,0.0,0.0,0.0,0.0,0.0,1.8723151429367313e-05,0,0.0,3.76158192263132e-37,-2.4532694666933986e-16,1.0,0.0,2.3055230812293166e-05,,0.0,0.0,0.0,0.0,0.0,0.0,1.8723151429367313e-05,503,0.00314375,0.0029626033033715747,1.3332080724886917,0.18216093497695582,0.0028753606566316735,0.003430384885633508,2.699371473341798,0.030666905981478802,0.00018980723303996009,0.002985067182101947,0.0033024328178980528,0.00301875,0.0032624999999999998,54.78332562659103,44,0.1277916513856754,45,3.2721952514662034,3,0.35153133434735884,4,0.032152946624722636,0.972968640268904,0.05187194823148242,0.2977938135770917,0.7993478307362591,1.0,1.0,0.320616466067099,1.0,0.7599797714183087,0.030666905981478802,1.0,0.46381935743567343,0.07641720390337572,1.0,0.48907010498160464,0.1277916513856754,1.0,0.584190406334516,0.35153133434735884,1.0,0.7666965934866902,0.972968640268904,1.0,1.0,0.2977938135770917,1.0,0.7415079980382296,64,0.46381935743567343,False,,,,,,,,,,,,,,
calibration,feistel_null,16,bit_a044_d044_off+000,bit_positions,8,160000,'00000000000800000000000000000000,'00000000000800000000000000000000,"single bit 44 (byte 5, bit-in-byte 4, MSB-first)","single bit 44 (byte 5, bit-in-byte 4, offset +0)",,64.01493749999993,1.0562407543925258,1.1160593453383145,0.3012376242030308,0.03785607848917189,63.98328902637213,64.04658597362773,63.990406249999786,64.0395999999998,15.93815625,1.052056809023803,0.6800284230101522,0.5183364732258662,0.00272952605774877,15.93587430910959,15.940438190890411,15.936481250000009,15.939987500000004,0,160000,0.0,160000,64.01493749999993,15.93815625,268,0.001675,0,0.0,0,0.0,0,0.0,0,0.0,468,0.002925,160000,64.01493749999993,15.93815625,268,0.001675,0,0.0,0,0.0,0,0.0,0,0.0,468,0.002925,0,268,0.001675,0.001765552991277432,-0.8627920559975273,0.4044242221453734,0.0014805857150889889,0.0018878127327094675,-0.682776711232374,0.5166997436977055,0.00037511902872859663,0.0013613926438814767,0.0019886073561185234,0.00143125,0.00190625,0,0.0,7.493776486492083e-37,-3.4626640579743416e-16,1.0,0.0,2.3055230812293166e-05,,0.0,0.0,0.0,0.0,0.0,0.0,1.8723151429367313e-05,0,0.0,2.938735877055719e-39,-2.168404344971009e-17,1.0,0.0,2.3055230812293166e-05,,0.0,0.0,0.0,0.0,0.0,0.0,1.8723151429367313e-05,0,0.0,3.76158192263132e-37,-2.4532694666933986e-16,1.0,0.0,2.3055230812293166e-05,,0.0,0.0,0.0,0.0,0.0,0.0,1.8723151429367313e-05,0,0.0,3.76158192263132e-37,-2.4532694666933986e-16,1.0,0.0,2.3055230812293166e-05,,0.0,0.0,0.0,0.0,0.0,0.0,1.8723151429367313e-05,468,0.002925,0.0029626033033715747,-0.27675375008388475,0.800284211267946,0.0026663025425019585,0.0032019608507189443,-0.19191140369846987,0.8532600111747225,0.0005542047068934521,0.0024616732701714123,0.003388326729828588,0.00255625,0.00326875,44.12447315695219,44,0.46637607124151254,45,1.674055407354774,3,0.6427171923562209,4,0.0005451723270021576,0.06468810271983531,0.11333402266556593,1.0,0.3012376242030308,1.0,0.7415079980382296,0.5183364732258662,1.0,0.8506034432424471,0.8532600111747225,1.0,1.0,0.5166997436977055,1.0,0.8506034432424471,0.46637607124151254,1.0,0.8506034432424471,0.6427171923562209,1.0,0.9585843975775434,0.06468810271983531,1.0,0.46381935743567343,1.0,1.0,1.0,64,0.46381935743567343,False,,,,,,,,,,,,,,
calibration,feistel_null,16,bit_a068_d068_off+000,bit_positions,8,160000,'00000000000000000800000000000000,'00000000000000000800000000000000,"single bit 68 (byte 8, bit-in-byte 4, MSB-first)","single bit 68 (byte 8, bit-in-byte 4, offset +0)",,64.02102499999992,1.4866920074393044,2.6590406046777297,0.032512348982211364,0.022364337044330145,64.00232794633249,64.03972205366736,64.00684374999993,64.03551875000005,15.937218749999985,-0.45088148960481855,-0.3612706038787612,0.7285548639132744,0.0022019370530996945,15.935377884555482,15.939059615444489,15.935818749999957,15.938649999999996,0,160000,0.0,160000,64.02102499999992,15.937218749999985,288,0.0018,0,0.0,0,0.0,0,0.0,0,0.0,433,0.00270625,160000,64.02102499999992,15.937218749999985,288,0.0018,0,0.0,0,0.0,0,0.0,0,0.0,433,0.00270625,0,288,0.0018,0.001765552991277432,0.32821229933368673,0.7431960726094183,0.0015982523582073014,0.0020201285518403806,0.42378410795117394,0.6844414748454302,0.00022990681342044406,0.0016077930939552903,0.0019922069060447096,0.00165,0.00195,0,0.0,7.493776486492083e-37,-3.4626640579743416e-16,1.0,0.0,2.3055230812293166e-05,,0.0,0.0,0.0,0.0,0.0,0.0,1.8723151429367313e-05,0,0.0,2.938735877055719e-39,-2.168404344971009e-17,1.0,0.0,2.3055230812293166e-05,,0.0,0.0,0.0,0.0,0.0,0.0,1.8723151429367313e-05,0,0.0,3.76158192263132e-37,-2.4532694666933986e-16,1.0,0.0,2.3055230812293166e-05,,0.0,0.0,0.0,0.0,0.0,0.0,1.8723151429367313e-05,0,0.0,3.76158192263132e-37,-2.4532694666933986e-16,1.0,0.0,2.3055230812293166e-05,,0.0,0.0,0.0,0.0,0.0,0.0,1.8723151429367313e-05,433,0.00270625,0.0029626033033715747,-1.886715572656461,0.059271194054920776,0.0024576174457408458,0.0029731649701353943,-1.7532822852006669,0.12300250869959989,0.0004135538486270992,0.0023605103303272583,0.0030519896696727415,0.00245,0.0029625,46.2225415423802,44,0.38060279659134355,45,0.5550739004456374,3,0.906635616432913,4,0.003701838944591806,0.2864624594575819,0.012935907611608323,0.20697452178573317,0.032512348982211364,1.0,0.46381935743567343,0.7285548639132744,1.0,0.9714064852176992,0.12300250869959989,1.0,0.584190406334516,0.6844414748454302,1.0,0.9714064852176992,0.38060279659134355,1.0,0.7666965934866902,0.906635616432913,1.0,1.0,0.2864624594575819,1.0,0.7415079980382296,0.20697452178573317,1.0,0.6697881683515202,64,0.46381935743567343,False,,,,,,,,,,,,,,
calibration,feistel_null,16,bit_a093_d093_off+000,bit_positions,8,160000,'00000000000000000000000400000000,'00000000000000000000000400000000,"single bit 93 (byte 11, bit-in-byte 5, MSB-first)","single bit 93 (byte 11, bit-in-byte 5, offset +0)",,64.01279374999997,0.9046547381785408,0.9299466856505414,0.3833482967433451,0.0389121119365972,63.980262410316165,64.04532508968374,63.9883812499999,64.03712499999996,15.937637500000024,0.22043095050061529,0.1715790372907596,0.8686232524875698,0.0022666447828456463,15.935742537539662,15.939532462460386,15.936068750000004,15.93901250000004,0,160000,0.0,160000,64.01279374999997,15.937637500000024,261,0.00163125,0,0.0,0,0.0,0,0.0,0,0.0,471,0.00294375,160000,64.01279374999997,15.937637500000024,261,0.00163125,0,0.0,0,0.0,0,0.0,0,0.0,471,0.00294375,0,261,0.00163125,0.001765552991277432,-1.2796435803634523,0.21097855644946445,0.0014394670596299972,0.0018414378730041338,-1.4362174201907478,0.19408513155308468,0.00026449075058091755,0.001410130198936807,0.0018523698010631928,0.0014562499999999999,0.00179375,0,0.0,7.493776486492083e-37,-3.4626640579743416e-16,1.0,0.0,2.3055230812293166e-05,,0.0,0.0,0.0,0.0,0.0,0.0,1.8723151429367313e-05,0,0.0,2.938735877055719e-39,-2.168404344971009e-17,1.0,0.0,2.3055230812293166e-05,,0.0,0.0,0.0,0.0,0.0,0.0,1.8723151429367313e-05,0,0.0,3.76158192263132e-37,-2.4532694666933986e-16,1.0,0.0,2.3055230812293166e-05,,0.0,0.0,0.0,0.0,0.0,0.0,1.8723151429367313e-05,0,0.0,3.76158192263132e-37,-2.4532694666933986e-16,1.0,0.0,2.3055230812293166e-05,,0.0,0.0,0.0,0.0,0.0,0.0,1.8723151429367313e-05,471,0.00294375,0.0029626033033715747,-0.13875702243480678,0.9084534870068408,0.0026842077831479116,0.0032215540371551303,-0.12110485216873366,0.9070110174782192,0.00044032252789452935,0.0025756311544152914,0.003311868845584709,0.002675,0.0032312499999999997,43.14795024328435,44,0.5080437452758738,45,1.7981958810814893,3,0.615327610978839,4,0.004008260488953276,0.36709686559901494,0.03198683977615851,0.5117894364185361,0.3833482967433451,1.0,0.7666965934866902,0.8686232524875698,1.0,1.0,0.9070110174782192,1.0,1.0,0.19408513155308468,1.0,0.6697881683515202,0.5080437452758738,1.0,0.8506034432424471,0.615327610978839,1.0,0.9585843975775434,0.36709686559901494,1.0,0.7666965934866902,0.5117894364185361,1.0,0.8506034432424471,64,0.6697881683515202,False,,,,,,,,,,,,,,
calibration,feistel_null,16,bit_a118_d118_off+000,bit_positions,8,160000,'00000000000000000000000000000200,'00000000000000000000000000000200,"single bit 118 (byte 14, bit-in-byte 6, MSB-first)","single bit 118 (byte 14, bit-in-byte 6, offset +0)",,64.00593125,0.4194027095915025,0.3659080132507103,0.7252416082091883,0.04584788464899118,63.96760145922098,64.04426104077902,63.975143750000015,64.034225,15.9376375,0.22043095046074695,0.15648047166598722,0.8800717343153838,0.0024853499322303766,15.935559695459084,15.939715304540915,15.936075000000011,15.939256249999982,0,160000,0.0,160000,64.00593125,15.9376375,297,0.00185625,0,0.0,0,0.0,0,0.0,0,0.0,444,0.002775,160000,64.00593125,15.9376375,297,0.00185625,0,0.0,0,0.0,0,0.0,0,0.0,444,0.002775,0,297,0.00185625,0.001765552991277432,0.8641642592327331,0.38772895449790273,0.0016512860695010725,0.0020795873786375696,0.4826841624834292,0.644048892122412,0.0005314652925101104,0.0014119338963414936,0.0023005661036585067,0.0015375,0.0022125,0,0.0,7.493776486492083e-37,-3.4626640579743416e-16,1.0,0.0,2.3055230812293166e-05,,0.0,0.0,0.0,0.0,0.0,0.0,1.8723151429367313e-05,0,0.0,2.938735877055719e-39,-2.168404344971009e-17,1.0,0.0,2.3055230812293166e-05,,0.0,0.0,0.0,0.0,0.0,0.0,1.8723151429367313e-05,0,0.0,3.76158192263132e-37,-2.4532694666933986e-16,1.0,0.0,2.3055230812293166e-05,,0.0,0.0,0.0,0.0,0.0,0.0,1.8723151429367313e-05,0,0.0,3.76158192263132e-37,-2.4532694666933986e-16,1.0,0.0,2.3055230812293166e-05,,0.0,0.0,0.0,0.0,0.0,0.0,1.8723151429367313e-05,444,0.002775,0.0029626033033715747,-1.3807275712765086,0.17470704952202415,0.002523161382955815,0.0030451149142910147,-1.3900627607540637,0.20710919434690897,0.0003817254061682112,0.0024558695741257763,0.003094130425874224,0.00255625,0.0030375000000000003,46.40882854394061,44,0.3733226409650259,45,1.555052143075229,3,0.6696238282150883,4,0.0007314308375616489,0.09362314720789106,0.06522564248713436,0.7075499873180568,0.7252416082091883,1.0,0.9714064852176992,0.8800717343153838,1.0,1.0,0.20710919434690897,1.0,0.6697881683515202,0.644048892122412,1.0,0.9585843975775434,0.3733226409650259,1.0,0.7666965934866902,0.6696238282150883,1.0,0.9714064852176992,0.09362314720789106,1.0,0.499323451775419,0.7075499873180568,1.0,0.9714064852176992,64,0.499323451775419,False,,,,,,,,,,,,,,
calibration,feistel_null,16,bytepos_ab15_db15_a07_d10_off+00,byte_positions,8,160000,'00000000000000000000000000000007,'00000000000000000000000000000010,"byte 15, value 0x07","byte 15, value 0x10, byte offset +0",,64.00009374999992,0.0066291260679404,0.004836609292338964,0.9962759101365437,0.054824573723089236,63.954259259347985,64.04592824065185,63.96563749999998,64.03694999999986,15.938131250000021,1.0119784544271957,1.3825242966928946,0.20930880260985008,0.001291438151807676,15.937051580686116,15.939210919313922,15.937375000000022,15.939043749999994,0,160000,0.0,160000,64.00009374999992,15.938131250000021,256,0.0016,0,0.0,0,0.0,0,0.0,0,0.0,447,0.00279375,160000,64.00009374999992,15.938131250000021,256,0.0016,0,0.0,0,0.0,0,0.0,0,0.0,447,0.00279375,0,256,0.0016,0.001765552991277432,-1.5773946691962557,0.12140347370754019,0.0014101183738791053,0.0018082913121207117,-2.920080291486202,0.022337465937457883,0.0001603567451474546,0.0014659384061322845,0.0017340615938677157,0.0015125,0.00171875,0,0.0,7.493776486492083e-37,-3.4626640579743416e-16,1.0,0.0,2.3055230812293166e-05,,0.0,0.0,0.0,0.0,0.0,0.0,1.8723151429367313e-05,0,0.0,2.938735877055719e-39,-2.168404344971009e-17,1.0,0.0,2.3055230812293166e-05,,0.0,0.0,0.0,0.0,0.0,0.0,1.8723151429367313e-05,0,0.0,1.003213898765773e-33,-1.266942081559073e-14,1.0,0.0,2.3055230812293166e-05,,0.0,0.0,0.0,0.0,0.0,0.0,1.8723151429367313e-05,0,0.0,3.76158192263132e-37,-2.4532694666933986e-16,1.0,0.0,2.3055230812293166e-05,,0.0,0.0,0.0,0.0,0.0,0.0,1.8723151429367313e-05,447,0.00279375,0.0029626033033715747,-1.2427308436274305,0.22278131683330243,0.002541043971911992,0.00306473067977126,-1.1954751169797755,0.2708247660130726,0.00039949745216423386,0.0024597617718529357,0.003127738228147064,0.0025125,0.003025,35.188380699169144,44,0.8259170664653478,45,6.542976328596885,3,0.08798294536343997,4,0.006004979278330845,0.40065277585590947,0.054361354367768344,0.4099026768153534,0.9962759101365437,1.0,1.0,0.20930880260985008,1.0,0.6697881683515202,0.2708247660130726,1.0,0.7415079980382296,0.022337465937457883,1.0,0.46381935743567343,0.8259170664653478,1.0,1.0,0.08798294536343997,1.0,0.499323451775419,0.40065277585590947,1.0,0.7715815092994888,0.4099026768153534,1.0,0.7715815092994888,64,0.46381935743567343,False,,,,,,,,,,,,,,
calibration,feistel_null,16,value_b00_a07_d10,byte_values,8,160000,'07000000000000000000000000000000,'10000000000000000000000000000000,"byte 0, value 0x07, weight 3","byte 0, value 0x10, weight 1",2,63.98147499999997,-1.3099153121503648,-1.1956219343398875,0.2707710038005491,0.043823729710130474,63.94483744509845,64.01811255490148,63.95457499999994,64.00943124999999,15.9374,-0.16031341851742464,-0.12721097660206168,0.9023506021214516,0.0022234143627696996,15.93554117907527,15.939258820924726,15.936024999999994,15.938868750000042,0,160000,0.0,160000,63.98147499999997,15.9374,303,0.00189375,0,0.0,0,0.0,0,0.0,0,0.0,497,0.00310625,160000,63.98147499999997,15.9374,303,0.00189375,0,0.0,0,0.0,0,0.0,0,0.0,497,0.00310625,0,303,0.00189375,0.001765552991277432,1.2214655658320972,0.22204625016117424,0.0016866690410401958,0.002119199566488097,1.6520993945268378,0.1424953985898535,0.0002194758366133795,0.0017102636087990306,0.0020772363912009693,0.00174375,0.00203125,0,0.0,7.493776486492083e-37,-3.4626640579743416e-16,1.0,0.0,2.3055230812293166e-05,,0.0,0.0,0.0,0.0,0.0,0.0,1.8723151429367313e-05,0,0.0,2.938735877055719e-39,-2.168404344971009e-17,1.0,0.0,2.3055230812293166e-05,,0.0,0.0,0.0,0.0,0.0,0.0,1.8723151429367313e-05,0,0.0,1.003213898765773e-33,-1.266942081559073e-14,1.0,0.0,2.3055230812293166e-05,,0.0,0.0,0.0,0.0,0.0,0.0,1.8723151429367313e-05,0,0.0,3.76158192263132e-37,-2.4532694666933986e-16,1.0,0.0,2.3055230812293166e-05,,0.0,0.0,0.0,0.0,0.0,0.0,1.8723151429367313e-05,497,0.00310625,0.0029626033033715747,1.0572146171905357,0.28998850786121155,0.0028394973717958674,0.003391251156376403,2.184307588716001,0.06522459713939158,0.00018600595228571127,0.002950745132341488,0.0032617548676585123,0.00298125,0.003225,60.8411606250141,44,0.04687822332433759,45,3.9865999827377303,3,0.2629147299432855,4,0.007989615442806691,0.9854845518213579,0.037121714807022324,0.5452928615849209,0.2707710038005491,1.0,0.7415079980382296,0.9023506021214516,1.0,1.0,0.06522459713939158,1.0,0.46381935743567343,0.1424953985898535,1.0,0.6079803673167082,0.04687822332433759,1.0,0.46381935743567343,0.2629147299432855,1.0,0.7415079980382296,0.9854845518213579,1.0,1.0,0.5452928615849209,1.0,0.8724685785358733,64,0.46381935743567343,False,,,,,,,,,,,,,,
calibration,feistel_null,16,value_b00_a0F_dF0,byte_values,8,160000,'0F000000000000000000000000000000,'F0000000000000000000000000000000,"byte 0, value 0x0F, weight 4","byte 0, value 0xF0, weight 4",,64.04098125000009,2.8978119776562568,2.6642705708721706,0.03226664139778521,0.043506271612776024,64.00460909670971,64.07735340329049,64.01084999999969,64.0681125000002,15.937793750000003,0.4709206669002744,0.32550318562811487,0.7543138072756933,0.002552511018589288,15.935659797385771,15.939927702614234,15.936037499999998,15.939312500000018,0,160000,0.0,160000,64.04098125000009,15.937793750000003,280,0.00175,0,0.0,0,0.0,0,0.0,0,0.0,442,0.0027625,160000,64.04098125000009,15.937793750000003,280,0.00175,0,0.0,0,0.0,0,0.0,0,0.0,442,0.0027625,0,280,0.00175,0.001765552991277432,-0.1481894427987989,0.9288025495781531,0.0015511539780738207,0.0019672337809433244,-0.1478128181499622,0.8866581002388311,0.00029760952365713795,0.0015011922117463801,0.00199880778825362,0.0015625,0.0019375,0,0.0,7.493776486492083e-37,-3.4626640579743416e-16,1.0,0.0,2.3055230812293166e-05,,0.0,0.0,0.0,0.0,0.0,0.0,1.8723151429367313e-05,0,0.0,2.938735877055719e-39,-2.168404344971009e-17,1.0,0.0,2.3055230812293166e-05,,0.0,0.0,0.0,0.0,0.0,0.0,1.8723151429367313e-05,0,0.0,3.135043433643041e-32,-7.082421544802926e-14,1.0,0.0,2.3055230812293166e-05,,0.0,0.0,0.0,0.0,0.0,0.0,1.8723151429367313e-05,0,0.0,3.76158192263132e-37,-2.4532694666933986e-16,1.0,0.0,2.3055230812293166e-05,,0.0,0.0,0.0,0.0,0.0,0.0,1.8723151429367313e-05,442,0.0027625,0.0029626033033715747,-1.4727253897092272,0.14725923836465482,0.002511241299576659,0.003032036100132197,-2.235352616868954,0.060491232554359606,0.00025319388392522997,0.0025508246158098234,0.002974175384190177,0.0025875,0.00291875,53.40596529137727,44,0.15649700684726456,45,0.22222749493213828,3,0.9739236819018924,4,0.0003743703298678382,0.04791940222308329,0.3671614830414377,0.968026463428358,0.03226664139778521,1.0,0.46381935743567343,0.7543138072756933,1.0,0.9852261972580484,0.060491232554359606,1.0,0.46381935743567343,0.8866581002388311,1.0,1.0,0.15649700684726456,1.0,0.6259880273890582,0.9739236819018924,1.0,1.0,0.04791940222308329,1.0,0.46381935743567343,0.968026463428358,1.0,1.0,64,0.46381935743567343,False,,,,,,,,,,,,,,
calibration,hespn,4,bit_a019_d019_off+000,bit_positions,8,159998,'00001000000000000000000000000000,'00001000000000000000000000000000,"single bit 19 (byte 2, bit-in-byte 3, MSB-first)","single bit 19 (byte 2, bit-in-byte 3, offset +0)",,20.01508768859608,-3110.1835376995873,-475.53277513516645,4.8025311521574526e-17,0.2616183822567291,19.796370562850814,20.233807444949907,19.851082753900386,20.177121757800702,5.784172302153787,-16277.044993246778,-397.8609062724694,1.6733877293334821e-16,0.0721808704025322,5.723827921340964,5.844517356936883,5.735953889138933,5.829541389138914,2,160000,1.25e-05,160000,20.014850000000006,5.784112500000008,160000,1.0,5235,0.03271875,2948,0.018425,3056,0.0191,3056,0.0191,159999,0.99999375,159998,20.01508768859608,5.784172302153787,159998,1.0,5233,0.03270665883323542,2946,0.018412730159126988,3054,0.01908773859673246,3054,0.01908773859673246,159997,0.9999937499218741,2,159998,1.0,0.001765552991277432,9511.153146967808,0.0,0.999976944480997,1.0,,0.0,0.0,1.0,1.0,1.0,1.0,5233,0.03270665883323542,7.493776486492083e-37,1.511273579804894e+19,0.0,0.03184046791932793,0.033589836228130394,13.327063704732577,3.136063580390219e-06,0.006941397512613944,0.026903521496610554,0.03850982858839794,0.0279821000850085,0.0370446000850085,,2946,0.018412730159126988,2.938735877055719e-39,1.3586111923751964e+20,0.0,0.01775960173665256,0.01908339131912177,17.12254078929113,5.68734311701777e-07,0.0030415458308948005,0.015869908446715868,0.02095550034416322,0.016437704395439543,0.020375,,3054,0.01908773859673246,3.76158192263132e-37,1.244877144211663e+19,0.0,0.018422862376453752,0.019770121072756296,17.1439883153633,5.638747996932489e-07,0.003149105025204671,0.01645500046133432,0.021720435832295045,0.017113372587258726,0.0211625,,3054,0.01908773859673246,3.76158192263132e-37,1.244877144211663e+19,0.0,0.018422862376453752,0.019770121072756296,17.1439883153633,5.638747996932489e-07,0.003149105025204671,0.01645500046133432,0.021720435832295045,0.01713125,0.0211625,,159997,0.9999937499218741,0.0029626033033715747,7337.929369381422,0.0,0.9999651772910164,0.9999998417617346,159524.98347147813,1.004556210322552e-34,1.767766952966174e-05,0.9999789710984276,1.0000085289015725,0.99998125,1.0,2550163914.312195,44,0.0,45,4979408009.132561,3,0.0,4,0.0,0.0,0.0,0.0,4.8025311521574526e-17,3.0736199373807696e-15,5.122699895634616e-17,1.6733877293334821e-16,1.0709681467734286e-14,1.6999494393229025e-16,1.004556210322552e-34,6.429159746064333e-33,1.26061955805183e-34,0.0,0.0,0.0,0.0,0.0,0.0,0.0,0.0,0.0,0.0,0.0,0.0,0.0,0.0,0.0,64,0.0,True,1.0,1.0,2,1.0,2,1.0,2,1.0,2,1.0,2,1.0,2,1.0
calibration,hespn,4,bit_a044_d044_off+000,bit_positions,8,160000,'00000000000800000000000000000000,'00000000000800000000000000000000,"single bit 44 (byte 5, bit-in-byte 4, MSB-first)","single bit 44 (byte 5, bit-in-byte 4, offset +0)",,1.0,-4454.772721475249,,0.0,0.0,1.0,1.0,1.0,1.0,1.0,-23946.816891096114,,0.0,0.0,1.0,1.0,1.0,1.0,0,160000,0.0,160000,1.0,1.0,160000,1.0,160000,1.0,160000,1.0,160000,1.0,160000,1.0,160000,1.0,160000,1.0,1.0,160000,1.0,160000,1.0,160000,1.0,160000,1.0,160000,1.0,160000,1.0,0,160000,1.0,0.001765552991277432,9511.212592232278,0.0,0.9999769447691877,1.0,,0.0,0.0,1.0,1.0,1.0,1.0,160000,1.0,7.493776486492083e-37,4.620719692155179e+20,0.0,0.9999769447691877,1.0,,0.0,0.0,1.0,1.0,1.0,1.0,,160000,1.0,2.938735877055719e-39,7.378697629483821e+21,0.0,0.9999769447691877,1.0,,0.0,0.0,1.0,1.0,1.0,1.0,,160000,1.0,3.76158192263132e-37,6.521908912666391e+20,0.0,0.9999769447691877,1.0,,0.0,0.0,1.0,1.0,1.0,1.0,,160000,1.0,3.76158192263132e-37,6.521908912666391e+20,0.0,0.9999769447691877,1.0,,0.0,0.0,1.0,1.0,1.0,1.0,,160000,1.0,0.0029626033033715747,7338.0212313541515,0.0,0.9999769447691877,1.0,,0.0,0.0,1.0,1.0,1.0,1.0,2552524417.439476,44,0.0,45,4979470252.510719,3,0.0,4,0.0,0.0,0.0,0.0,0.0,0.0,0.0,0.0,0.0,0.0,0.0,0.0,0.0,0.0,0.0,0.0,0.0,0.0,0.0,0.0,0.0,0.0,0.0,0.0,0.0,0.0,0.0,0.0,64,0.0,True,,,,,,,,,,,,,,
calibration,hespn,4,bit_a068_d068_off+000,bit_positions,8,160000,'00000000000000000800000000000000,'00000000000000000800000000000000,"single bit 68 (byte 8, bit-in-byte 4, MSB-first)","single bit 68 (byte 8, bit-in-byte 4, offset +0)",,11.137274999999992,-3737.959131949964,-488.36174605131043,3.986062286318365e-17,0.3061631392854616,10.881316210125513,11.393233789874467,10.953206250000006,11.346749999999968,3.6023812500000036,-19774.8505463549,-445.10414723996746,7.629498241396161e-17,0.07838386740677959,3.5368506969296867,3.6679118030703206,3.555612500000004,3.6559562500000036,0,160000,0.0,160000,11.137274999999992,3.6023812500000036,160000,1.0,56717,0.35448125,52673,0.32920625,52897,0.33060625,52897,0.33060625,160000,1.0,160000,11.137274999999992,3.6023812500000036,160000,1.0,56717,0.35448125,52673,0.32920625,52897,0.33060625,52897,0.33060625,160000,1.0,0,160000,1.0,0.001765552991277432,9511.212592232278,0.0,0.9999769447691877,1.0,,0.0,0.0,1.0,1.0,1.0,1.0,56717,0.35448125,7.493776486492083e-37,1.637958492374783e+20,0.0,0.35213687842516367,0.3568308955342515,70.61761579337704,3.0025383735320844e-11,0.014197935903805574,0.34261147854046087,0.3663510214595391,0.3448125,0.363025,,52673,0.32920625,2.938735877055719e-39,2.429113376486258e+21,0.0,0.32690364620011303,0.33151504398369236,67.42211807728299,4.150299183949099e-11,0.013810540423376429,0.31766034926704445,0.3407521507329555,0.31964375,0.337425,,52897,0.33060625,3.76158192263132e-37,2.156183848458213e+20,0.0,0.32830113920558557,0.3329175002252845,68.70115202167722,3.639356896443762e-11,0.013611062661883314,0.31922711684905253,0.34198538315094745,0.321675,0.33891875,,52897,0.33060625,3.76158192263132e-37,2.156183848458213e+20,0.0,0.32830113920558557,0.3329175002252845,68.70115202167722,3.639356896443762e-11,0.013611062661883314,0.31922711684905253,0.34198538315094745,0.321575,0.33906875000000003,,160000,1.0,0.0029626033033715747,7338.0212313541515,0.0,0.9999769447691877,1.0,,0.0,0.0,1.0,1.0,1.0,1.0,2552524417.439476,44,0.0,45,4979470252.510719,3,0.0,4,0.0,0.0,0.0,0.0,3.986062286318365e-17,2.5510798632437535e-15,4.323864174989413e-17,7.629498241396161e-17,4.882878874493543e-15,8.004719466382858e-17,0.0,0.0,0.0,0.0,0.0,0.0,0.0,0.0,0.0,0.0,0.0,0.0,0.0,0.0,0.0,0.0,0.0,0.0,64,0.0,True,,,,,,,,,,,,,,
calibration,hespn,4,bit_a093_d093_off+000,bit_positions,8,159996,'00000000000000000000000400000000,'00000000000000000000000400000000,"single bit 93 (byte 11, bit-in-byte 5, MSB-first)","single bit 93 (byte 11, bit-in-byte 5, offset +0)",,19.50976899422486,-3145.8950796481295,-581.8979242519096,1.1690137344483246e-17,0.21625337499832165,19.32897174773738,19.69055643948065,19.361483951385075,19.638656249999983,5.791632290807279,-16264.98404678751,-678.1253216243662,4.004837543492057e-18,0.042317915177731286,5.756252777142215,5.827010102038885,5.762061265875788,5.816285371243187,4,160000,2.5e-05,160000,19.50930625000004,5.791512500000006,160000,1.0,1236,0.007725,168,0.00105,226,0.0014125,226,0.0014125,160000,1.0,159996,19.50976899422486,5.791632290807279,159996,1.0,1232,0.00770019250481262,164,0.001025025625640641,222,0.001387534688367209,222,0.001387534688367209,159996,1.0,4,159996,1.0,0.001765552991277432,9511.0937013318,0.0,0.9999769441927991,1.0,,0.0,0.0,1.0,1.0,1.0,1.0,1232,0.00770019250481262,7.493776486492083e-37,3.5579986382204375e+18,0.0,0.007277689605303478,0.008140678289308678,13.058644212109119,3.598419011507503e-06,0.0016678195851177586,0.0063058707709819015,0.009094534904306364,0.0065876500225033755,0.008718900022503376,,164,0.001025025625640641,2.938735877055719e-39,7.563259611556948e+18,0.0,0.0008742123516363164,0.001194363407750001,6.035896493034115,0.0005232304417215811,0.0004803278867003524,0.0006234611533049207,0.001426589478352281,0.0007375300035629876,0.001362520628094214,,222,0.001387534688367209,3.76158192263132e-37,9.049261732803261e+17,0.0,0.0012111057416415725,0.00158240923546807,6.669581920851163,0.00028531792810367854,0.0005884224776730693,0.0008955980643305451,0.0018794650685143002,0.0010312815664224226,0.0017812968820323048,,222,0.001387534688367209,3.76158192263132e-37,9.049261732803261e+17,0.0,0.0012111057416415725,0.00158240923546807,6.669581920851163,0.00028531792810367854,0.0005884224776730693,0.0008955980643305451,0.0018794650685143002,0.001031305007438575,0.0018000081254062703,,159996,1.0,0.0029626033033715747,7337.929505515469,0.0,0.9999769441927991,1.0,,0.0,0.0,1.0,1.0,1.0,1.0,2552460604.3290396,44,0.0,45,4979345765.754405,3,0.0,4,0.0,0.0,0.0,0.0,1.1690137344483246e-17,7.481687900469278e-16,1.3125768246437329e-17,4.004837543492057e-18,2.5630960278349165e-16,4.6601745960634845e-18,0.0,0.0,0.0,0.0,0.0,0.0,0.0,0.0,0.0,0.0,0.0,0.0,0.0,0.0,0.0,0.0,0.0,0.0,64,0.0,True,1.0,1.0,4,1.0,4,1.0,4,1.0,4,1.0,4,1.0,4,1.0
calibration,hespn,4,bit_a118_d118_off+000,bit_positions,8,160000,'00000000000000000000000000000200,'00000000000000000000000000000200,"single bit 118 (byte 14, bit-in-byte 6, MSB-first)","single bit 118 (byte 14, bit-in-byte 6, offset +0)",,1.0,-4454.772721475249,,0.0,0.0,1.0,1.0,1.0,1.0,1.0,-23946.816891096114,,0.0,0.0,1.0,1.0,1.0,1.0,0,160000,0.0,160000,1.0,1.0,160000,1.0,160000,1.0,160000,1.0,160000,1.0,160000,1.0,160000,1.0,160000,1.0,1.0,160000,1.0,160000,1.0,160000,1.0,160000,1.0,160000,1.0,160000,1.0,0,160000,1.0,0.001765552991277432,9511.212592232278,0.0,0.9999769447691877,1.0,,0.0,0.0,1.0,1.0,1.0,1.0,160000,1.0,7.493776486492083e-37,4.620719692155179e+20,0.0,0.9999769447691877,1.0,,0.0,0.0,1.0,1.0,1.0,1.0,,160000,1.0,2.938735877055719e-39,7.378697629483821e+21,0.0,0.9999769447691877,1.0,,0.0,0.0,1.0,1.0,1.0,1.0,,160000,1.0,3.76158192263132e-37,6.521908912666391e+20,0.0,0.9999769447691877,1.0,,0.0,0.0,1.0,1.0,1.0,1.0,,160000,1.0,3.76158192263132e-37,6.521908912666391e+20,0.0,0.9999769447691877,1.0,,0.0,0.0,1.0,1.0,1.0,1.0,,160000,1.0,0.0029626033033715747,7338.0212313541515,0.0,0.9999769447691877,1.0,,0.0,0.0,1.0,1.0,1.0,1.0,2552524417.439476,44,0.0,45,4979470252.510719,3,0.0,4,0.0,0.0,0.0,0.0,0.0,0.0,0.0,0.0,0.0,0.0,0.0,0.0,0.0,0.0,0.0,0.0,0.0,0.0,0.0,0.0,0.0,0.0,0.0,0.0,0.0,0.0,0.0,0.0,64,0.0,True,,,,,,,,,,,,,,
calibration,hespn,4,bytepos_ab15_db15_a07_d10_off+00,byte_positions,8,160000,'00000000000000000000000000000007,'00000000000000000000000000000010,"byte 15, value 0x07","byte 15, value 0x10, byte offset +0",,15.92760000000002,-3399.2320027912174,-1052.910463230805,1.8408846638167903e-19,0.12913660264561672,15.819639098440101,16.035560901559936,15.843018750000038,16.009100000000014,4.491206249999987,-18349.944804214105,-1150.4318940726296,9.902427270258961e-20,0.02814161176086875,4.46767927379952,4.514733226200454,4.47177499999999,4.508643749999983,0,160000,0.0,160000,15.92760000000002,4.491206249999987,160000,1.0,3241,0.02025625,3241,0.02025625,3367,0.02104375,0,0.0,160000,1.0,160000,15.92760000000002,4.491206249999987,160000,1.0,3241,0.02025625,3241,0.02025625,3367,0.02104375,0,0.0,160000,1.0,0,160000,1.0,0.001765552991277432,9511.212592232278,0.0,0.9999769447691877,1.0,,0.0,0.0,1.0,1.0,1.0,1.0,3241,0.02025625,7.493776486492083e-37,9.359845326421834e+18,0.0,0.019571550274517076,0.020958410161066688,15.409118065501403,1.1696666287819637e-06,0.0037181444585015406,0.01714780344305114,0.02336469655694886,0.01785625,0.0227,,3241,0.02025625,2.938735877055719e-39,1.4946474385723163e+20,0.0,0.019571550274517076,0.020958410161066688,15.409118065501403,1.1696666287819637e-06,0.0037181444585015406,0.01714780344305114,0.02336469655694886,0.01793125,0.022693750000000002,,3367,0.02104375,1.003213898765773e-33,2.657580049639395e+17,0.0,0.020346028614329485,0.02175890124398736,18.28691819350332,3.620722007843488e-07,0.003254824715491055,0.018322648441612004,0.023764851558387996,0.01899375,0.0231125,,0,0.0,3.76158192263132e-37,-2.4532694666933986e-16,1.0,0.0,2.3055230812293166e-05,,0.0,0.0,0.0,0.0,0.0,0.0,1.8723151429367313e-05,160000,1.0,0.0029626033033715747,7338.0212313541515,0.0,0.9999769447691877,1.0,,0.0,0.0,1.0,1.0,1.0,1.0,2552524417.439476,44,0.0,45,4979470252.510719,3,0.0,4,0.0,0.0,0.0,0.0,1.8408846638167903e-19,1.1781661848427458e-17,2.18178923119027e-19,9.902427270258961e-20,6.337553452965735e-18,1.195764802446365e-19,0.0,0.0,0.0,0.0,0.0,0.0,0.0,0.0,0.0,0.0,0.0,0.0,0.0,0.0,0.0,0.0,0.0,0.0,64,0.0,True,,,,,,,,,,,,,,
calibration,hespn,4,value_b00_a07_d10,byte_values,8,160000,'07000000000000000000000000000000,'10000000000000000000000000000000,"byte 0, value 0x07, weight 3","byte 0, value 0x10, weight 1",2,21.846387500000006,-2980.710525026001,-604.1154986669742,8.993100398174613e-18,0.19736030819293074,21.681390153251428,22.011384846748584,21.72011249999997,21.971493750000047,6.22417499999999,-15571.763359243945,-577.6316480840429,1.2308071082507389e-17,0.0475621998770366,6.184412005824053,6.263937994175927,6.193437499999984,6.255306249999992,0,160000,0.0,160000,21.846387500000006,6.22417499999999,160000,1.0,3222,0.0201375,3222,0.0201375,3338,0.0208625,0,0.0,159999,0.99999375,160000,21.846387500000006,6.22417499999999,160000,1.0,3222,0.0201375,3222,0.0201375,3338,0.0208625,0,0.0,159999,0.99999375,0,160000,1.0,0.001765552991277432,9511.212592232278,0.0,0.9999769447691877,1.0,,0.0,0.0,1.0,1.0,1.0,1.0,3222,0.0201375,7.493776486492083e-37,9.304974280077492e+18,0.0,0.01945478706397998,0.020837677992795043,26.998796265748258,2.4516021575856225e-08,0.002109629283614947,0.018373805782015203,0.021901194217984796,0.01873125,0.0213875,,3222,0.0201375,2.938735877055719e-39,1.4858852351373043e+20,0.0,0.01945478706397998,0.020837677992795043,26.998796265748258,2.4516021575856225e-08,0.002109629283614947,0.018373805782015203,0.021901194217984796,0.01874375,0.021437499999999998,,3338,0.0208625,1.003213898765773e-33,2.6346902897820912e+17,0.0,0.020167752374746255,0.021574684510949106,31.429884363224573,8.527748536470393e-09,0.0018774507792673092,0.019292911869202525,0.022432088130797473,0.0196125,0.02201875,,0,0.0,3.76158192263132e-37,-2.4532694666933986e-16,1.0,0.0,2.3055230812293166e-05,,0.0,0.0,0.0,0.0,0.0,0.0,1.8723151429367313e-05,159999,0.99999375,0.0029626033033715747,7337.9752324449355,0.0,0.9999651777262941,0.9999998417637126,159524.98347147813,1.004556210322552e-34,1.767766952966174e-05,0.9999789710984276,1.0000085289015725,0.99998125,1.0,2542931829.2104907,44,0.0,45,4979470252.510719,3,0.0,4,0.0,0.0,0.0,0.0,8.993100398174613e-18,5.7555842548317525e-16,1.0277829026485272e-17,1.2308071082507389e-17,7.877165492804729e-16,1.3581319815180567e-17,1.004556210322552e-34,6.429159746064333e-33,1.26061955805183e-34,0.0,0.0,0.0,0.0,0.0,0.0,0.0,0.0,0.0,0.0,0.0,0.0,0.0,0.0,0.0,64,0.0,True,,,,,,,,,,,,,,
calibration,hespn,4,value_b00_a0F_dF0,byte_values,8,160000,'0F000000000000000000000000000000,'F0000000000000000000000000000000,"byte 0, value 0x0F, weight 4","byte 0, value 0xF0, weight 4",,22.830668750000005,-2911.1113303790244,-403.3568611183985,1.5201656996599399e-16,0.2886884157425568,22.58931919460709,23.07201830539292,22.649006249999985,23.026075000000017,6.22128124999998,-15576.40242879232,-375.72777705244926,2.4980152489056336e-16,0.07314236088174901,6.160132706045448,6.282429793954514,6.176074999999975,6.269981249999979,0,160000,0.0,160000,22.830668750000005,6.22128124999998,160000,1.0,3463,0.02164375,3463,0.02164375,3593,0.02245625,0,0.0,159990,0.9999375,160000,22.830668750000005,6.22128124999998,160000,1.0,3463,0.02164375,3463,0.02164375,3593,0.02245625,0,0.0,159990,0.9999375,0,160000,1.0,0.001765552991277432,9511.212592232278,0.0,0.9999769447691877,1.0,,0.0,0.0,1.0,1.0,1.0,1.0,3463,0.02164375,7.493776486492083e-37,1.0000970183708365e+19,0.0,0.020936280619345875,0.022368626017299456,16.076004719237613,8.758076441569891e-07,0.0038080213741146837,0.018460164461227002,0.024827335538772997,0.0193375,0.02420625,,3463,0.02164375,2.938735877055719e-39,1.5970268681814045e+20,0.0,0.020936280619345875,0.022368626017299456,16.076004719237613,8.758076441569891e-07,0.0038080213741146837,0.018460164461227002,0.024827335538772997,0.019375,0.024274999999999998,,3593,0.02245625,3.135043433643041e-32,5.073123616366129e+16,0.0,0.021735807327863066,0.023194067958064467,17.45600369685328,4.982720046345843e-07,0.003638625868962858,0.019414282647563962,0.02549821735243604,0.020225,0.0248625,,0,0.0,3.76158192263132e-37,-2.4532694666933986e-16,1.0,0.0,2.3055230812293166e-05,,0.0,0.0,0.0,0.0,0.0,0.0,1.8723151429367313e-05,159990,0.9999375,0.0029626033033715747,7337.561242261988,0.0,0.9998850632884319,0.9999700284268358,54485.08096719538,1.852814726203552e-31,5.175491695067087e-05,0.9998942318066321,0.999980768193368,0.99990625,0.99996875,2535328987.7186255,44,0.0,45,4979470252.510719,3,0.0,4,0.0,0.0,0.0,0.0,1.5201656996599399e-16,9.729060477823615e-15,1.5692033028747766e-16,2.4980152489056336e-16,1.5987297592996055e-14,2.4980152489056336e-16,1.852814726203552e-31,1.1858014247702733e-29,2.2803873553274486e-31,0.0,0.0,0.0,0.0,0.0,0.0,0.0,0.0,0.0,0.0,0.0,0.0,0.0,0.0,0.0,64,0.0,True,,,,,,,,,,,,,,
calibration,hespn,6,bit_a019_d019_off+000,bit_positions,8,160000,'00001000000000000000000000000000,'00001000000000000000000000000000,"single bit 19 (byte 2, bit-in-byte 3, MSB-first)","single bit 19 (byte 2, bit-in-byte 3, offset +0)",,40.045868750000025,-1693.8128644307571,-83.9019474114877,8.995556121414522e-12,0.8075201669032268,39.37076499583101,40.72097250416904,39.480237500000015,40.5410875000001,11.094493749999993,-7763.988878405639,-75.63588357972608,1.857923102658379e-11,0.18110570795906022,10.943085589119658,11.245901910880328,10.97208749999998,11.202249999999964,0,160000,0.0,160000,40.045868750000025,11.094493749999993,131892,0.824325,6440,0.04025,4575,0.02859375,4687,0.02929375,4687,0.02929375,103223,0.64514375,160000,40.045868750000025,11.094493749999993,131892,0.824325,6440,0.04025,4575,0.02859375,4687,0.02929375,4687,0.02929375,103223,0.64514375,0,131892,0.824325,0.001765552991277432,7837.375071249789,0.0,0.8224513753402616,0.8261868649916021,265.1103250162923,2.868495309163469e-15,0.008775778353757892,0.8169882656926732,0.8316617343073267,0.81873125,0.830025,6440,0.04025,7.493776486492083e-37,1.8598396760924594e+19,0.0,0.03929216044302623,0.041224544128727114,14.994433292094188,1.408727127172489e-06,0.007592430440906259,0.03390256930538407,0.04659743069461593,0.03525,0.0450625,,4575,0.02859375,2.938735877055719e-39,2.10984635343053e+20,0.0,0.0277825476414182,0.029422093567002185,19.687483052555226,2.1789918957901614e-07,0.004107957217401369,0.025159411821092686,0.032028088178907316,0.02594375,0.0312375,,4687,0.02929375,3.76158192263132e-37,1.910511692104211e+19,0.0,0.028472897298003168,0.030131717452558677,19.39971384028427,2.411588998248094e-07,0.004270951508237279,0.025723145183847666,0.03286435481615234,0.0265,0.03206875,,4687,0.02929375,3.76158192263132e-37,1.910511692104211e+19,0.0,0.028472897298003168,0.030131717452558677,19.39971384028427,2.411588998248094e-07,0.004270951508237279,0.025723145183847666,0.03286435481615234,0.026525,0.03196875,,103223,0.64514375,0.0029626033033715747,4726.341162776918,0.0,0.6427935530895659,0.6474886865441555,105.37242549883447,1.8274050200795664e-12,0.01723755114982569,0.6307327966010835,0.6595547033989165,0.6346375,0.65690625,539841284.1639256,44,0.0,45,2196309875.013054,3,0.0,4,0.0,0.0,0.0,0.0,8.995556121414522e-12,5.757155917705294e-10,9.138342726516339e-12,1.857923102658379e-11,1.1890707857013625e-09,1.857923102658379e-11,1.8274050200795664e-12,1.1695392128509225e-10,1.886353569114391e-12,2.868495309163469e-15,1.8358369978646202e-13,4.079637773032489e-15,0.0,0.0,0.0,0.0,0.0,0.0,0.0,0.0,0.0,0.0,0.0,0.0,64,0.0,True,,,,,,,,,,,,,,
calibration,hespn,6,bit_a044_d044_off+000,bit_positions,8,160000,'00000000000800000000000000000000,'00000000000800000000000000000000,"single bit 44 (byte 5, bit-in-byte 4, MSB-first)","single bit 44 (byte 5, bit-in-byte 4, offset +0)",,38.88866249999998,-1775.6397030914059,-180.89868598379726,4.1633059439393915e-14,0.3926263352184762,38.560418669374535,39.21690633062543,38.61811250000004,39.12140624999995,11.097731250000026,-7758.7987314810725,-132.55340603724818,3.66860349097378e-13,0.10327107857305629,11.011394467713684,11.184068032286367,11.025256250000014,11.157875000000017,0,160000,0.0,160000,38.88866249999998,11.097731250000026,148187,0.92616875,2318,0.0144875,1512,0.00945,1562,0.0097625,1562,0.0097625,125983,0.78739375,160000,38.88866249999998,11.097731250000026,148187,0.92616875,2318,0.0144875,1512,0.00945,1562,0.0097625,1562,0.0097625,125983,0.78739375,0,148187,0.92616875,0.001765552991277432,8807.745869755896,0.0,0.9248765797341243,0.927445452277459,1216.5252241535443,6.69762738798329e-20,0.002149241976006544,0.9243719387424137,0.9279655612575862,0.924775,0.927575,2318,0.0144875,7.493776486492083e-37,6.694267654009815e+18,0.0,0.013907699703289854,0.01508498947339293,19.17452590790099,2.6134555564695176e-07,0.002137045691068464,0.01270088509178814,0.01627411490821186,0.013125,0.01588125,,1512,0.00945,2.938735877055719e-39,6.97286925986221e+19,0.0,0.00898171053320173,0.009936191527580721,16.45924741805644,7.454656782561587e-07,0.0016239282179772777,0.008092362034546143,0.010807637965453858,0.00845625,0.01053125,,1562,0.0097625,3.76158192263132e-37,6.367013575990564e+18,0.0,0.009286505820927448,0.010256382374312352,16.283458716095996,8.022909803259044e-07,0.0016957404619474393,0.00834482549615791,0.01118017450384209,0.008725,0.01093125,,1562,0.0097625,3.76158192263132e-37,6.367013575990564e+18,0.0,0.009286505820927448,0.010256382374312352,16.283458716095996,8.022909803259044e-07,0.0016957404619474393,0.00834482549615791,0.01118017450384209,0.008725,0.01093125,,125983,0.78739375,0.0029626033033715747,5773.276336541257,0.0,0.7853806219191993,0.7893964591134353,281.8629653915802,1.8680566471702495e-15,0.007871578054712324,0.7808129460600192,0.7939745539399808,0.7825125,0.792525,805339848.2596784,44,0.0,45,3097694378.346332,3,0.0,4,0.0,0.0,0.0,0.0,4.1633059439393915e-14,2.6645158041212105e-12,5.124068854079251e-14,3.66860349097378e-13,2.3479062342232192e-11,4.0481141969365847e-13,1.8680566471702495e-15,1.1955562541889597e-13,2.7803633818347898e-15,6.69762738798329e-20,4.286481528309306e-18,1.2247090080883732e-19,0.0,0.0,0.0,0.0,0.0,0.0,0.0,0.0,0.0,0.0,0.0,0.0,64,0.0,True,,,,,,,,,,,,,,
calibration,hespn,6,bit_a068_d068_off+000,bit_positions,8,160000,'00000000000000000800000000000000,'00000000000000000800000000000000,"single bit 68 (byte 8, bit-in-byte 4, MSB-first)","single bit 68 (byte 8, bit-in-byte 4, offset +0)",,26.65406875000001,-2640.756123660159,-273.6654548530841,2.2967253563823216e-15,0.38598311578315003,26.33137878980947,26.976758710190545,26.40746249999998,26.901206250000076,7.757918750000004,-13112.966322315846,-245.94509755855196,4.850110805190493e-15,0.0940671300474185,7.679276661242699,7.8365608387573085,7.697799999999995,7.818718750000005,0,160000,0.0,160000,26.65406875000001,7.757918750000004,146432,0.9152,34028,0.212675,31051,0.19406875,31198,0.1949875,31198,0.1949875,131757,0.82348125,160000,26.65406875000001,7.757918750000004,146432,0.9152,34028,0.212675,31051,0.19406875,31198,0.1949875,31198,0.1949875,131757,0.82348125,0,146432,0.9152,0.001765552991277432,8703.235237575582,0.0,0.9138243038653178,0.9165606292367531,711.9172095664767,2.849378216240563e-18,0.0036290494623248187,0.9121660387238674,0.9182339612761327,0.91280625,0.91748125,34028,0.212675,7.493776486492083e-37,9.827115605291026e+19,0.0,0.21067205306407683,0.21468836340834216,71.59690329025742,2.7269156786212054e-11,0.008401700508145446,0.20565100259792343,0.21969899740207657,0.2073625,0.2179875,,31051,0.19406875,2.938735877055719e-39,1.4319746255818882e+21,0.0,0.19213335436278844,0.19601523743990207,60.38982292225153,8.962680988132858e-11,0.009089434113298807,0.18646979291550742,0.2016677070844926,0.18830625,0.19989375,,31198,0.1949875,3.76158192263132e-37,1.2716907141085379e+20,0.0,0.19304861366196585,0.19693744478845485,62.115586538565076,7.360747883009413e-11,0.008878736637929655,0.18756469041305057,0.20241030958694944,0.1895125,0.20066250000000002,,31198,0.1949875,3.76158192263132e-37,1.2716907141085379e+20,0.0,0.19304861366196585,0.19693744478845485,62.115586538565076,7.360747883009413e-11,0.008878736637929655,0.18756469041305057,0.20241030958694944,0.18928125,0.20103125,,131757,0.82348125,0.0029626033033715747,6038.8740383565155,0.0,0.8216041250934548,0.8253466458807558,418.4762881502918,1.1749657588120936e-16,0.005545779444122995,0.8188448623579692,0.8281176376420307,0.8198375,0.8270875,1219261500.4058108,44,0.0,45,3375630184.897229,3,0.0,4,0.0,0.0,0.0,0.0,2.2967253563823216e-15,1.4699042280846858e-13,3.340691427465195e-15,4.850110805190493e-15,3.1040709153219153e-13,6.466814406920657e-15,1.1749657588120936e-16,7.519780856397399e-15,1.9281489375377946e-16,2.849378216240563e-18,1.8236020583939603e-16,4.928654211875568e-18,0.0,0.0,0.0,0.0,0.0,0.0,0.0,0.0,0.0,0.0,0.0,0.0,64,0.0,True,,,,,,,,,,,,,,
calibration,hespn,6,bit_a093_d093_off+000,bit_positions,8,160000,'00000000000000000000000400000000,'00000000000000000000000400000000,"single bit 93 (byte 11, bit-in-byte 5, MSB-first)","single bit 93 (byte 11, bit-in-byte 5, offset +0)",,36.95404374999989,-1912.4379068049766,-354.9684510022917,3.718534830954053e-16,0.21550511335922973,36.77387696651339,37.13421053348639,36.811418749999824,37.08853750000003,10.52631874999998,-8674.84964406916,-308.87986421163896,9.843485093091371e-16,0.04955043561509485,10.484893549149893,10.567743950850064,10.494668749999965,10.558662500000004,0,160000,0.0,160000,36.95404374999989,10.52631874999998,156578,0.9786125,1167,0.00729375,596,0.003725,644,0.004025,644,0.004025,137144,0.85715,160000,36.95404374999989,10.52631874999998,156578,0.9786125,1167,0.00729375,596,0.003725,644,0.004025,644,0.004025,137144,0.85715,0,156578,0.9786125,0.001765552991277432,9307.431747035107,0.0,0.9778917594234074,0.979315824029975,2205.1919096878096,1.0414742171276158e-21,0.0012529251488303014,0.9775650283623418,0.9796599716376582,0.9777875,0.9794125,1167,0.00729375,7.493776486492083e-37,3.3702374254656835e+18,0.0,0.006882632146476354,0.007722869801198631,18.423290448029633,3.440466044708465e-07,0.0011197695872684828,0.006357599197638881,0.008229900802361119,0.00660625,0.0080625,,596,0.003725,2.938735877055719e-39,2.748564866982723e+19,0.0,0.0034324006033135466,0.004035801869610428,11.18599164212603,1.0173360122270153e-05,0.0009418826132501104,0.0029375664296036417,0.004512433570396358,0.0031875,0.00438125,,644,0.004025,3.76158192263132e-37,2.6250683373482225e+18,0.0,0.0037206530771531367,0.004347529069811738,11.450035969350575,8.70580214713136e-06,0.0009942692937888753,0.0031937700686585024,0.004856229931341497,0.0034375,0.0047125,,644,0.004025,3.76158192263132e-37,2.6250683373482225e+18,0.0,0.0037206530771531367,0.004347529069811738,11.450035969350575,8.70580214713136e-06,0.0009942692937888753,0.0031937700686585024,0.004856229931341497,0.0034437499999999998,0.0047374999999999995,,137144,0.85715,0.0029626033033715747,6286.670162305043,0.0,0.8554258290015873,0.8588612186213526,402.1853078563999,1.551434057143603e-16,0.006007198063276127,0.8521278567387276,0.8621721432612723,0.85340625,0.86129375,1075964719.5393643,44,0.0,45,3955776799.6869535,3,0.0,4,0.0,0.0,0.0,0.0,3.718534830954053e-16,2.379862291810594e-14,5.80454217514779e-16,9.843485093091371e-16,6.299830459578477e-14,1.4999596332329708e-15,1.551434057143603e-16,9.92917796571906e-15,2.482294491429765e-16,1.0414742171276158e-21,6.665434989616741e-20,1.9604220557696297e-21,0.0,0.0,0.0,0.0,0.0,0.0,0.0,0.0,0.0,0.0,0.0,0.0,64,0.0,True,,,,,,,,,,,,,,
calibration,hespn,6,bit_a118_d118_off+000,bit_positions,8,160000,'00000000000000000000000000000200,'00000000000000000000000000000200,"single bit 118 (byte 14, bit-in-byte 6, MSB-first)","single bit 118 (byte 14, bit-in-byte 6, offset +0)",,25.81118124999994,-2700.3572703629015,-262.0824548321796,3.108650344646849e-15,0.41213858014143423,25.466624774390937,26.155737725608944,25.53427499999999,26.077762499999878,7.21217499999999,-13987.866784288099,-225.53114547932853,8.894951589103021e-15,0.10942588816181079,7.120692668128803,7.303657331871176,7.141943749999989,7.284587499999988,0,160000,0.0,160000,25.81118124999994,7.21217499999999,160000,1.0,17154,0.1072125,14862,0.0928875,15017,0.09385625,15017,0.09385625,149978,0.9373625,160000,25.81118124999994,7.21217499999999,160000,1.0,17154,0.1072125,14862,0.0928875,15017,0.09385625,15017,0.09385625,149978,0.9373625,0,160000,1.0,0.001765552991277432,9511.212592232278,0.0,0.9999769447691877,1.0,,0.0,0.0,1.0,1.0,1.0,1.0,17154,0.1072125,7.493776486492083e-37,4.9539890999518716e+19,0.0,0.10570055131617129,0.1087386979823719,40.76429617957079,1.3935919489463027e-09,0.007438929934569124,0.10099339894016268,0.11343160105983732,0.1027625,0.11241875,,14862,0.0928875,2.938735877055719e-39,6.853887760586784e+20,0.0,0.09146944029033013,0.09432033132809495,37.21892523146782,2.627953149267179e-09,0.0070589229247203745,0.08698609275076218,0.09878890724923782,0.08873125,0.0977375,,15017,0.09385625,3.76158192263132e-37,6.12121913384445e+19,0.0,0.09243153875884207,0.09529569751113681,36.69607983500886,2.900225340068751e-09,0.0072341668243728775,0.0878083351842647,0.0999041648157353,0.0895,0.098675,,15017,0.09385625,3.76158192263132e-37,6.12121913384445e+19,0.0,0.09243153875884207,0.09529569751113681,36.69607983500886,2.900225340068751e-09,0.0072341668243728775,0.0878083351842647,0.0999041648157353,0.0896,0.098775,,149978,0.9373625,0.0029626033033715747,6877.020163187799,0.0,0.9361641329423747,0.9385449887427305,1144.3184701441905,1.027873391769666e-19,0.002309568605358405,0.9354316523259812,0.9392933476740187,0.9358562500000001,0.93885,1832895291.5247626,44,0.0,45,4708337268.090588,3,0.0,4,0.0,0.0,0.0,0.0,3.108650344646849e-15,1.9895362205739834e-13,4.325078740378225e-15,8.894951589103021e-15,5.692769017025934e-13,1.1385538034051867e-14,1.027873391769666e-19,6.5783897073258625e-18,1.827330474257184e-19,0.0,0.0,0.0,0.0,0.0,0.0,0.0,0.0,0.0,0.0,0.0,0.0,0.0,0.0,0.0,64,0.0,True,,,,,,,,,,,,,,
calibration,hespn,6,bytepos_ab15_db15_a07_d10_off+00,byte_positions,8,160000,'00000000000000000000000000000007,'00000000000000000000000000000010,"byte 15, value 0x07","byte 15, value 0x10, byte offset +0",,34.927993750000105,-2055.701276207262,-147.61961421095305,1.7271608594924318e-13,0.5570265949264982,34.4623078627374,35.393679637262814,34.53953750000007,35.26426875000014,9.668356249999995,-10050.2786574199,-121.11445799501769,6.898563250216329e-13,0.1464054459308442,9.545958234161281,9.790754265838709,9.567881250000022,9.754912499999989,0,160000,0.0,160000,34.927993750000105,9.668356249999995,145712,0.9107,1871,0.01169375,1848,0.01155,1905,0.01190625,3,1.875e-05,127815,0.79884375,160000,34.927993750000105,9.668356249999995,145712,0.9107,1871,0.01169375,1848,0.01155,1905,0.01190625,3,1.875e-05,127815,0.79884375,0,145712,0.9107,0.001765552991277432,8660.359080783657,0.0,0.9092920845015696,0.9120930129388642,456.5046423259632,6.391656529037693e-17,0.005631607230622537,0.9059918585327984,0.9154081414672015,0.90699375,0.9143249999999999,1871,0.01169375,7.493776486492083e-37,5.403354090013962e+18,0.0,0.011172729817524244,0.012232575010481505,22.08700835257221,9.852905979479367e-08,0.001497483007296863,0.010441822876114844,0.012945677123885155,0.01070625,0.01263125,,1848,0.01155,2.938735877055719e-39,8.522395762053813e+19,0.0,0.011032192168685949,0.01208561874805579,21.858837169256486,1.0586004071361637e-07,0.0014945137766415636,0.010300555215063819,0.01279944478493618,0.010562499999999999,0.01248125,,1905,0.01190625,1.003213898765773e-33,1.5036204320056573e+17,0.0,0.011380518343908345,0.012449777512520785,20.106170795148117,1.8848204393900125e-07,0.0016749067138202057,0.01050599294546824,0.01330650705453176,0.01083125,0.012975,,3,1.875e-05,3.76158192263132e-37,1.2228579211249482e+16,3.633390936399991e-95,3.866717459415263e-06,5.479446912998179e-05,1.0,0.3506166628202074,5.303300858899106e-05,-2.5586704717364696e-05,6.308670471736469e-05,0.0,5.625e-05,,127815,0.79884375,0.0029626033033715747,5857.546338225627,0.0,0.7968710178640441,0.8008056476068929,224.836782938329,9.089009983357197e-15,0.010012115428676555,0.7904734120318547,0.8072140879681452,0.792725,0.80558125,1148278171.7119696,44,0.0,45,3308543591.1676006,3,0.0,4,0.0,0.0,0.0,0.0,1.7271608594924318e-13,1.1053829500751564e-11,2.0470054631021413e-13,6.898563250216329e-13,4.4150804801384503e-11,7.237836852685984e-13,9.089009983357197e-15,5.816966389348606e-13,1.140581644970315e-14,6.391656529037693e-17,4.090660178584123e-15,1.0764895206800324e-16,0.0,0.0,0.0,0.0,0.0,0.0,0.0,0.0,0.0,0.0,0.0,0.0,64,0.0,True,,,,,,,,,,,,,,
calibration,hespn,6,value_b00_a07_d10,byte_values,8,160000,'07000000000000000000000000000000,'10000000000000000000000000000000,"byte 0, value 0x07, weight 3","byte 0, value 0x10, weight 1",2,44.58479374999998,-1372.8623997510454,-135.30767600275047,3.176886184417746e-13,0.4058490812370877,44.24549542706158,44.924092072938386,44.285593750000075,44.77562499999992,12.07380625000001,-6194.019531683499,-121.26364172924075,6.839398658977943e-13,0.09011914905716659,11.998464755948753,12.14914774405127,12.006975,12.122462500000008,0,160000,0.0,160000,44.58479374999998,12.07380625000001,123288,0.77055,1227,0.00766875,1126,0.0070375,1189,0.00743125,0,0.0,88202,0.5512625,160000,44.58479374999998,12.07380625000001,123288,0.77055,1227,0.00766875,1126,0.0070375,1189,0.00743125,0,0.0,88202,0.5512625,0,123288,0.77055,0.001765552991277432,7325.0049975863,0.0,0.7684816734211336,0.7726085187973774,249.1142434609196,4.434379793992711e-15,0.008728729248047165,0.7632525997293914,0.7778474002706087,0.76484375,0.77619375,1227,0.00766875,7.493776486492083e-37,3.5435144139215027e+18,0.0,0.007247121525751334,0.008108362403612993,17.951460406894448,4.111831118938499e-07,0.0012082861238725112,0.006658597521127712,0.008678902478872288,0.0068625000000000005,0.00840625,,1126,0.0070375,2.938735877055719e-39,5.192758456749239e+19,0.0,0.006633724045902263,0.007459290414653698,18.35327547088246,3.5317000454443566e-07,0.001084550598174193,0.006130793009360357,0.007944206990639644,0.00633125,0.00771875,,1189,0.00743125,1.003213898765773e-33,9.384801541494626e+16,0.0,0.007016246875202657,0.00786424842708959,16.9770547316028,6.029870381958738e-07,0.0012380680514414383,0.0063961992065936285,0.008466300793406371,0.0066187500000000005,0.00821875,,0,0.0,3.76158192263132e-37,-2.4532694666933986e-16,1.0,0.0,2.3055230812293166e-05,,0.0,0.0,0.0,0.0,0.0,0.0,1.8723151429367313e-05,88202,0.5512625,0.0029626033033715747,4035.391547437985,0.0,0.5488214197433678,0.5537017225020939,125.84459448577918,5.276381133212123e-13,0.012323344571526479,0.5409599261137519,0.5615650738862481,0.54465625,0.55986875,335898957.7306103,44,0.0,45,1714153212.0706942,3,0.0,4,0.0,0.0,0.0,0.0,3.176886184417746e-13,2.0332071580273574e-11,3.630727067905995e-13,6.839398658977943e-13,4.377215141745884e-11,7.237836852685984e-13,5.276381133212123e-13,3.376883925255759e-11,5.723532076704676e-13,4.434379793992711e-15,2.838003068155335e-13,6.0383044003305e-15,0.0,0.0,0.0,0.0,0.0,0.0,0.0,0.0,0.0,0.0,0.0,0.0,64,0.0,True,,,,,,,,,,,,,,
calibration,hespn,6,value_b00_a0F_dF0,byte_values,8,160000,'0F000000000000000000000000000000,'F0000000000000000000000000000000,"byte 0, value 0x0F, weight 4","byte 0, value 0xF0, weight 4",,44.992506249999984,-1344.0327723985931,-151.87757276620866,1.415499440925531e-13,0.35397794366058716,44.69657328330427,45.2884392166957,44.756918750000054,45.20836249999996,12.071637500000016,-6197.496328947594,-133.3657375668344,3.515067374014702e-13,0.08198740212462362,12.003094316513762,12.14018068348627,12.01879375000003,12.123400000000029,0,160000,0.0,160000,44.992506249999984,12.071637500000016,123097,0.76935625,1202,0.0075125,1098,0.0068625,1186,0.0074125,0,0.0,85792,0.5362,160000,44.992506249999984,12.071637500000016,123097,0.76935625,1202,0.0075125,1098,0.0068625,1186,0.0074125,0,0.0,85792,0.5362,0,123097,0.76935625,0.001765552991277432,7313.630905992887,0.0,0.7672841932510539,0.7714185422780121,236.94364355970887,6.2963855006311595e-15,0.009162830095398625,0.7616959323389083,0.7770165676610916,0.763825,0.7754,1202,0.0075125,7.493776486492083e-37,3.4713156687315784e+18,0.0,0.007095218287004697,0.00794777310987997,21.47407022758703,1.1967831471279588e-07,0.000989498429941727,0.006685258610648965,0.008339741389351035,0.006925,0.0081875,,1098,0.0068625,2.938735877055719e-39,5.063631248233272e+19,0.0,0.0064638167438994905,0.007279206364561037,21.791303421182906,1.0814783993015757e-07,0.0008907260281045219,0.006117834405064485,0.007607165594935514,0.00633125,0.00745,,1186,0.0074125,3.135043433643041e-32,1.674568496802179e+16,0.0,0.006998024508968374,0.007844971696800327,20.518101149311747,1.638815876458598e-07,0.0010218156109871991,0.006558240771166855,0.008266759228833144,0.00675625,0.00809375,,0,0.0,3.76158192263132e-37,-2.4532694666933986e-16,1.0,0.0,2.3055230812293166e-05,,0.0,0.0,0.0,0.0,0.0,0.0,1.8723151429367313e-05,85792,0.5362,0.0029626033033715747,3924.5341762265593,0.0,0.5337527120411933,0.5386459760756236,141.26998721878394,2.349373302471184e-13,0.010676175077513193,0.5272744942722173,0.5451255057277827,0.52940625,0.54365,312114517.9270116,44,0.0,45,1711177642.252749,3,0.0,4,0.0,0.0,0.0,0.0,1.415499440925531e-13,9.059196421923398e-12,1.7092823437591319e-13,3.515067374014702e-13,2.2496431193694093e-11,3.946742314683174e-13,2.349373302471184e-13,1.5035989135815578e-11,2.733816206511923e-13,6.2963855006311595e-15,4.029686720403942e-13,8.223850449803963e-15,0.0,0.0,0.0,0.0,0.0,0.0,0.0,0.0,0.0,0.0,0.0,0.0,64,0.0,True,,,,,,,,,,,,,,
calibration,hespn,8,bit_a019_d019_off+000,bit_positions,8,159999,'00001000000000000000000000000000,'00001000000000000000000000000000,"single bit 19 (byte 2, bit-in-byte 3, MSB-first)","single bit 19 (byte 2, bit-in-byte 3, offset +0)",,59.00048750304689,-353.51781417389543,-38.991851591953605,1.899990030547536e-09,0.3626591414572102,58.697298759478464,59.30368001883546,58.77230813915703,59.23919374999994,15.029250182813621,-1456.0417804612441,-30.26904447415952,1.1078980407026689e-08,0.08486944454434209,14.958298056288193,15.100203318780519,14.975743749999985,15.083101375068733,1,160000,6.25e-06,160000,59.000125000000025,15.029162499999973,26386,0.1649125,906,0.0056625,283,0.00176875,327,0.00204375,327,0.00204375,16319,0.10199375,159999,59.00048750304689,15.029250182813621,26385,0.1649072806705042,905,0.005656285351783448,282,0.0017625110156938482,326,0.0020375127344545905,326,0.0020375127344545905,16318,0.10198813742585891,1,26385,0.1649072806705042,0.001765552991277432,1554.4152080474482,0.0,0.16309189205917232,0.16673482013684113,52.87123393328524,2.2691320880714504e-10,0.008727513104336376,0.1576108615007298,0.17220362859877517,0.16007173514925746,0.1710759950497525,905,0.005656285351783448,7.493776486492083e-37,2.613602743396608e+18,0.0,0.005294669959069194,0.006035986364735374,7.441206340722342,0.00014428862828077524,0.002149969298219614,0.00385885693713942,0.007453695565485711,0.0042375262513125655,0.00698125,,282,0.0017625110156938482,2.938735877055719e-39,1.3004995212638773e+19,0.0,0.0015629344758019371,0.0019804736969572865,9.622560128793365,2.7554955914350098e-05,0.0005180673918414373,0.001329396072168949,0.002195626428956107,0.0014062725011250562,0.0020812612505625282,,326,0.0020375127344545905,3.76158192263132e-37,1.328843093596933e+18,0.0,0.0018225043300999408,0.0022708722008745012,8.746762711797556,5.133893095927001e-05,0.0006588672648000676,0.001486685682675232,0.002588339318574831,0.0015750250012500626,0.00243125,,326,0.0020375127344545905,3.76158192263132e-37,1.328843093596933e+18,0.0,0.0018225043300999408,0.0022708722008745012,8.746762711797556,5.133893095927001e-05,0.0006588672648000676,0.001486685682675232,0.002588339318574831,0.0015875,0.0024250125006250313,,16318,0.10198813742585891,0.0029626033033715747,728.8083711354503,0.0,0.10050935550693826,0.10348135913660662,38.81383523954479,1.961577595677752e-09,0.007216149463498803,0.09595526060553453,0.10802096445571854,0.09751311253062653,0.10685061253062654,8747040.731261784,44,0.0,45,45962858.27256377,3,0.0,4,0.0,0.0,0.0,0.0,1.899990030547536e-09,1.2159936195504232e-07,2.2943275840574022e-09,1.1078980407026689e-08,7.090547460497081e-07,1.2017877051689968e-08,1.961577595677752e-09,1.2554096612337613e-07,2.324832705988447e-09,2.2691320880714504e-10,1.4522445363657283e-08,3.025509450761934e-10,0.0,0.0,0.0,0.0,0.0,0.0,0.0,0.0,0.0,0.0,0.0,0.0,64,0.0,True,1.0,1.0,1,1.0,1,1.0,1,1.0,1,1.0,1,1.0,1,1.0
calibration,hespn,8,bit_a044_d044_off+000,bit_positions,8,160000,'00000000000800000000000000000000,'00000000000800000000000000000000,"single bit 44 (byte 5, bit-in-byte 4, MSB-first)","single bit 44 (byte 5, bit-in-byte 4, offset +0)",,37.93051249999994,-1843.3911393307976,-228.99684841307374,7.99444494635482e-15,0.3219941500689328,37.66131865389994,38.199706346099944,37.71424374999994,38.125031250000006,10.261949999999997,-9098.668224686904,-201.58500371629998,1.9513489020750895e-14,0.07963330243774094,10.19537489310358,10.328525106896414,10.206174999999984,10.309737499999986,0,160000,0.0,160000,37.93051249999994,10.261949999999997,101009,0.63130625,32267,0.20166875,31571,0.19731875,31610,0.1975625,31610,0.1975625,89499,0.55936875,160000,37.93051249999994,10.261949999999997,101009,0.63130625,32267,0.20166875,31571,0.19731875,31610,0.1975625,31610,0.1975625,89499,0.55936875,0,101009,0.63130625,0.001765552991277432,5998.285695965094,0.0,0.6289367978890076,0.6336709433189737,286.9727803704749,1.647310329640582e-15,0.006204804446095442,0.6261189036684431,0.6364935963315568,0.6279875,0.6358625,32267,0.20166875,7.493776486492083e-37,9.318547644173197e+19,0.0,0.19970497352306685,0.2036433424037616,132.46847191155248,3.685094595826734e-13,0.004305970730110865,0.19806886838170215,0.20526863161829786,0.19885,0.20440625,,31571,0.19731875,2.938735877055719e-39,1.4559553928777105e+21,0.0,0.1953710807223972,0.1992773931021719,147.75243685407008,1.7163247407973106e-13,0.003777275804068327,0.19416086840103317,0.2004766315989668,0.1948125,0.1996625,,31610,0.1975625,3.76158192263132e-37,1.2884846295586539e+20,0.0,0.19561391852236185,0.19952204645414795,147.72502725388966,1.7185545310383514e-13,0.0037826436333790285,0.19440013078342572,0.2007248692165743,0.19494375,0.19993750000000002,,31610,0.1975625,3.76158192263132e-37,1.2884846295586539e+20,0.0,0.19561391852236185,0.19952204645414795,147.72502725388966,1.7185545310383514e-13,0.0037826436333790285,0.19440013078342572,0.2007248692165743,0.195,0.19985,,89499,0.55936875,0.0029626033033715747,4095.052132691603,0.0,0.5569319443363581,0.5618034041317256,237.41249766456568,6.209868063978035e-15,0.006628775878158573,0.553826954681065,0.5649105453189349,0.55580625,0.5640999999999999,596521136.4305996,44,0.0,45,1526844313.3804474,3,0.0,4,0.0,0.0,0.0,0.0,7.99444494635482e-15,5.116444765667084e-13,1.461841361619167e-14,1.9513489020750895e-14,1.2488632973280573e-12,3.469064714800159e-14,6.209868063978035e-15,3.9743155609459424e-13,1.168916341454689e-14,1.647310329640582e-15,1.0542786109699725e-13,3.1947836696059773e-15,0.0,0.0,0.0,0.0,0.0,0.0,0.0,0.0,0.0,0.0,0.0,0.0,64,0.0,True,,,,,,,,,,,,,,
calibration,hespn,8,bit_a068_d068_off+000,bit_positions,8,160000,'00000000000000000800000000000000,'00000000000000000800000000000000,"single bit 68 (byte 8, bit-in-byte 4, MSB-first)","single bit 68 (byte 8, bit-in-byte 4, offset +0)",,58.19545625000013,-410.4432247318902,-48.69783062678793,4.02926134635148e-10,0.33713470965674697,57.91360457931954,58.47730792068073,57.97646875000018,58.405375000000184,14.903124999999976,-1658.241922793514,-38.55858804816315,2.053905837692196e-09,0.07587555601115378,14.839691447734365,14.966558552265587,14.850631249999944,14.95039374999998,0,160000,0.0,160000,58.19545625000013,14.903124999999976,32011,0.20006875,1240,0.00775,543,0.00339375,573,0.00358125,573,0.00358125,18467,0.11541875,160000,58.19545625000013,14.903124999999976,32011,0.20006875,1240,0.00775,543,0.00339375,573,0.00358125,573,0.00358125,18467,0.11541875,0,32011,0.20006875,0.001765552991277432,1889.4397705079389,0.0,0.19811085582590082,0.20203751817677404,41.40376389620681,1.2502309653412116e-09,0.013546742821484012,0.18874338958130227,0.2113941104186977,0.1913625,0.20879375,1240,0.00775,7.493776486492083e-37,3.5810577614202634e+18,0.0,0.007326129105376379,0.008191850962410463,12.161873611616873,5.811200954035318e-06,0.0018023793797565008,0.006243173129809583,0.009256826870190417,0.0067125,0.009049999999999999,,543,0.00339375,2.938735877055719e-39,2.5041455080060715e+19,0.0,0.003114692223791249,0.003691034106527576,14.856613360351675,1.5001608931251412e-06,0.0006461078525624472,0.0028535903176285494,0.00393390968237145,0.00306875,0.003875,,573,0.00358125,3.76158192263132e-37,2.335658629348651e+18,0.0,0.003294449150743715,0.003886263474446597,15.435030880881648,1.1563357397020645e-06,0.0006562542516869075,0.003032607715681295,0.004129892284318705,0.00321875,0.0040437500000000005,,573,0.00358125,3.76158192263132e-37,2.335658629348651e+18,0.0,0.003294449150743715,0.003886263474446597,15.435030880881648,1.1563357397020645e-06,0.0006562542516869075,0.003032607715681295,0.004129892284318705,0.0032125,0.00405,,18467,0.11541875,0.0029626033033715747,827.6576132351677,0.0,0.11385695121776206,0.11699449917384366,42.028161852734115,1.1262850506040424e-09,0.0075681162734574465,0.1090916464580633,0.1217458535419367,0.110575,0.12024375,10022848.304679133,44,0.0,45,58872944.10190255,3,0.0,4,0.0,0.0,0.0,0.0,4.02926134635148e-10,2.5787272616649474e-08,5.157454523329895e-10,2.053905837692196e-09,1.3144997361230054e-07,2.3899995202236462e-09,1.1262850506040424e-09,7.208224323865871e-08,1.4133773184050727e-09,1.2502309653412116e-09,8.001478178183754e-08,1.5387458034968758e-09,0.0,0.0,0.0,0.0,0.0,0.0,0.0,0.0,0.0,0.0,0.0,0.0,64,0.0,True,,,,,,,,,,,,,,
calibration,hespn,8,bit_a093_d093_off+000,bit_positions,8,160000,'00000000000000000000000400000000,'00000000000000000000000400000000,"single bit 93 (byte 11, bit-in-byte 5, MSB-first)","single bit 93 (byte 11, bit-in-byte 5, offset +0)",,56.594831250000055,-523.624503895567,-73.65301215865446,2.237171273021863e-11,0.2843737077677899,56.35708888074477,56.83257361925534,56.405081250000165,56.771768749999936,14.631987499999989,-2092.9117179271893,-70.00858023519396,3.1899798039428036e-11,0.05274420584291417,14.587892240420569,14.676082759579408,14.595674999999966,14.663793750000002,0,160000,0.0,160000,56.594831250000055,14.631987499999989,51473,0.32170625,134,0.0008375,45,0.00028125,48,0.0003,48,0.0003,31695,0.19809375,160000,56.594831250000055,14.631987499999989,51473,0.32170625,134,0.0008375,45,0.00028125,48,0.0003,48,0.0003,31695,0.19809375,0,51473,0.32170625,0.001765552991277432,3048.4061086807433,0.0,0.3194174723890626,0.3240014896912865,88.2890709905824,6.298161045123667e-12,0.010249614539790546,0.313137357806095,0.33027514219390497,0.31545625,0.32848125,134,0.0008375,7.493776486492083e-37,3.869852742179962e+17,0.0,0.0007017532928468403,0.0009918271157896906,7.967484426141546,9.354980364447396e-05,0.0002973093626895345,0.0005889431525951533,0.0010860568474048468,0.00064375,0.00103125,,45,0.00028125,2.938735877055719e-39,2.0752587082923246e+18,0.0,0.0002051528457713851,0.0003763167356509937,8.614793072724607,5.664554855212905e-05,9.234059624177069e-05,0.00020405132962611787,0.0003584486703738822,0.000225,0.00034375000000000003,,48,0.0003,3.76158192263132e-37,1.956572673799917e+17,0.0,0.00022120434276777157,0.0003977370337399672,11.224972160321824,9.939988572805536e-06,7.559289460184545e-05,0.00023680275858630758,0.0003631972414136925,0.00025,0.00035,,48,0.0003,3.76158192263132e-37,1.956572673799917e+17,0.0,0.00022120434276777157,0.0003977370337399672,11.224972160321824,9.939988572805536e-06,7.559289460184545e-05,0.00023680275858630758,0.0003631972414136925,0.00025,0.00035,,31695,0.19809375,0.0029626033033715747,1436.1311843491687,0.0,0.19614318438695147,0.20005526130546905,77.79260004433696,1.526318655614851e-11,0.007094688027974574,0.19216244237617744,0.2040250576238226,0.193625,0.20284375,26879616.02070572,44,0.0,45,208973403.9609177,3,0.0,4,0.0,0.0,0.0,0.0,2.237171273021863e-11,1.4317896147339923e-09,3.492169792034128e-11,3.1899798039428036e-11,2.0415870745233943e-09,4.747876917496266e-11,1.526318655614851e-11,9.768439395935047e-10,2.4421098489837617e-11,6.298161045123667e-12,4.030823068879147e-10,1.0335443766356787e-11,0.0,0.0,0.0,0.0,0.0,0.0,0.0,0.0,0.0,0.0,0.0,0.0,64,0.0,True,,,,,,,,,,,,,,
calibration,hespn,8,bit_a118_d118_off+000,bit_positions,8,160000,'00000000000000000000000000000200,'00000000000000000000000000000200,"single bit 118 (byte 14, bit-in-byte 6, MSB-first)","single bit 118 (byte 14, bit-in-byte 6, offset +0)",,55.32026249999998,-613.7501245169187,-73.00300994292544,2.380215675856722e-11,0.33628757225037975,55.039119053914604,55.601405946085364,55.09953125000003,55.5265500000001,14.386262500000033,-2486.8418655799783,-60.655355382679616,8.692061386068275e-11,0.07233594122467646,14.325788139750426,14.44673686024964,14.338193750000016,14.430481250000035,0,160000,0.0,160000,55.32026249999998,14.386262500000033,55261,0.34538125,662,0.0041375,309,0.00193125,339,0.00211875,339,0.00211875,27564,0.172275,160000,55.32026249999998,14.386262500000033,55261,0.34538125,662,0.0041375,309,0.00193125,339,0.00211875,339,0.00211875,27564,0.172275,0,55261,0.34538125,0.001765552991277432,3273.982333580475,0.0,0.34305107354599956,0.3477170302794445,101.50858796839618,2.373220587253285e-12,0.00957448012389483,0.3373767843026961,0.35338571569730387,0.33934375,0.35164999999999996,662,0.0041375,7.493776486492083e-37,1.9118227726292052e+18,0.0,0.0038288625359542464,0.004464312255161122,12.03949118315836,6.219625062966728e-06,0.0009720192531896829,0.0033248715681065376,0.004950128431893462,0.00354375,0.00480625,,309,0.00193125,2.938735877055719e-39,1.4250109796940628e+19,0.0,0.0017220729943798303,0.0021587908736659034,13.194667278675375,3.3550836791507054e-06,0.00041398542072327687,0.0015851495270256624,0.0022773504729743377,0.00166875,0.00221875,,339,0.00211875,3.76158192263132e-37,1.3818294508711916e+18,0.0,0.001899387198505964,0.0023564543311278747,14.043387048154049,2.199529162227514e-06,0.0004267296735472169,0.00176199506503431,0.00247550493496569,0.0018375,0.002375,,339,0.00211875,3.76158192263132e-37,1.3818294508711916e+18,0.0,0.001899387198505964,0.0023564543311278747,14.043387048154049,2.199529162227514e-06,0.0004267296735472169,0.00176199506503431,0.00247550493496569,0.00183125,0.0024,,27564,0.172275,0.0029626033033715747,1246.1096903763885,0.0,0.17042752448039336,0.17413435867185476,55.38720862157653,1.6399448976182905e-10,0.008646179998787239,0.16504661262883752,0.1795033873711625,0.16714375,0.1781,17849962.962697253,44,0.0,45,154691628.92848435,3,0.0,4,0.0,0.0,0.0,0.0,2.380215675856722e-11,1.523338032548302e-09,3.626995315591195e-11,8.692061386068275e-11,5.562919287083696e-09,1.2362042860185992e-10,1.6399448976182905e-10,1.0495647344757059e-08,2.2816624662515345e-10,2.373220587253285e-12,1.5188611758421025e-10,4.105030204978655e-12,0.0,0.0,0.0,0.0,0.0,0.0,0.0,0.0,0.0,0.0,0.0,0.0,64,0.0,True,,,,,,,,,,,,,,
calibration,hespn,8,bytepos_ab15_db15_a07_d10_off+00,byte_positions,8,160000,'00000000000000000000000000000007,'00000000000000000000000000000010,"byte 15, value 0x07","byte 15, value 0x10, byte offset +0",,57.12310000000002,-486.2702623541753,-67.85067222600769,3.970481942674743e-11,0.28667085905025663,56.883437164212445,57.3627628357876,56.93636250000008,57.30049375000005,14.714243750000017,-1961.0439116075968,-54.45600319225705,1.8461592551764536e-10,0.06353553245176852,14.661126715603455,14.76736078439658,14.672543749999996,14.753956250000023,0,160000,0.0,160000,57.12310000000002,14.714243750000017,42402,0.2650125,582,0.0036375,329,0.00205625,385,0.00240625,1,6.25e-06,21305,0.13315625,160000,57.12310000000002,14.714243750000017,42402,0.2650125,582,0.0036375,329,0.00205625,385,0.00240625,1,6.25e-06,21305,0.13315625,0,42402,0.2650125,0.001765552991277432,2508.226083320271,0.0,0.2628511222305986,0.267182395557422,88.83939584431832,6.030289863570838e-12,0.00838113314875399,0.25800569734067735,0.2720193026593226,0.25995625,0.270525,582,0.0036375,7.493776486492083e-37,1.6807867880214464e+18,0.0,0.003348416388887358,0.003944792229028445,10.871927317142639,1.2298335741135416e-05,0.0009463274878633264,0.002846350421432973,0.004428649578567027,0.0030499999999999998,0.0042625,,329,0.00205625,2.938735877055719e-39,1.5172447000626106e+19,0.0,0.0018402301205994397,0.0022906186200663528,10.152469806790805,1.9361336734584176e-05,0.000572860928024545,0.0015773262789872682,0.0025351737210127317,0.0016875,0.002425,,385,0.00240625,1.003213898765773e-33,3.038812946573113e+16,0.0,0.002172113315005232,0.0026586975662870704,11.260391076051876,9.733201111715595e-06,0.0006044108701868292,0.0019009498672633914,0.0029115501327366088,0.00203125,0.0027937500000000002,,1,6.25e-06,3.76158192263132e-37,4076193070416494.5,6.018531076210112e-32,1.5823628738244924e-07,3.482227370593671e-05,1.0000000000000002,0.3506166628202074,1.767766952966369e-05,-8.5289015724549e-06,2.10289015724549e-05,0.0,1.8750000000000002e-05,,21305,0.13315625,0.0029626033033715747,958.2025175911954,0.0,0.13149506953662604,0.1348307353529777,51.09091594324431,2.8823769807764944e-10,0.007207606968632913,0.12713053977933877,0.13918196022066123,0.1285,0.13755625,10718943.964016415,44,0.0,45,86982144.23365682,3,0.0,4,0.0,0.0,0.0,0.0,3.970481942674743e-11,2.5411084433118353e-09,5.775246462072353e-11,1.8461592551764536e-10,1.1815419233129303e-08,2.513918985772192e-10,2.8823769807764944e-10,1.8447212676969564e-08,3.7647372810141966e-10,6.030289863570838e-12,3.8593855126853365e-10,1.0156277664961412e-11,0.0,0.0,0.0,0.0,0.0,0.0,0.0,0.0,0.0,0.0,0.0,0.0,64,0.0,True,,,,,,,,,,,,,,
calibration,hespn,8,value_b00_a07_d10,byte_values,8,160000,'07000000000000000000000000000000,'10000000000000000000000000000000,"byte 0, value 0x07, weight 3","byte 0, value 0x10, weight 1",2,61.18600624999994,-198.97940628416038,-35.36233582062867,3.753581726277521e-09,0.2250749580496721,60.99783887613549,61.374173623864394,61.03333749999999,61.32306249999986,15.48005,-733.3537330096676,-35.94300397841644,3.3509889053414037e-09,0.03599765865402086,15.449955204235552,15.510144795764445,15.455556249999988,15.502037499999998,0,160000,0.0,160000,61.18600624999994,15.48005,17560,0.10975,45,0.00028125,23,0.00014375,30,0.0001875,0,0.0,8787,0.05491875,160000,61.18600624999994,15.48005,17560,0.10975,45,0.00028125,23,0.00014375,30,0.0001875,0,0.0,8787,0.05491875,0,17560,0.10975,0.001765552991277432,1028.8795735633703,0.0,0.108222351865539,0.1112918049852662,34.73187149671517,4.254608928421111e-09,0.008793829005127889,0.1023981749704789,0.1171018250295211,0.1044,0.1154375,45,0.00028125,7.493776486492083e-37,1.299577413418644e+17,0.0,0.0002051528457713851,0.0003763167356509937,5.960395606792698,0.0005641557422399705,0.00013346347815039138,0.00016967173999280296,0.000392828260007197,0.00019999999999999998,0.00036875,,23,0.00014375,2.938735877055719e-39,1.0606877842382993e+18,0.0,9.112728205051563e-05,0.0002156878213442348,4.4983299876282565,0.0028039354713022403,9.038607667745545e-05,6.818534887361995e-05,0.00021931465112638005,0.0001,0.00020625,,30,0.0001875,1.003213898765773e-33,2367906192134893.0,0.0,0.00012650892560745286,0.0002676571793392424,5.557189302262113,0.0008534335157384817,9.543135154205277e-05,0.00010771739353144408,0.0002672826064685559,0.00013125,0.00025624999999999997,,0,0.0,3.76158192263132e-37,-2.4532694666933986e-16,1.0,0.0,2.3055230812293166e-05,,0.0,0.0,0.0,0.0,0.0,0.0,1.8723151429367313e-05,8787,0.05491875,0.0029626033033715747,382.3881720208093,0.0,0.053807391950710236,0.05604627015758079,28.134380625754826,1.8416893975677973e-08,0.00522329517641881,0.050551965952666325,0.05928553404733368,0.0517125,0.058425,1288708.4534309795,44,0.0,45,12906641.444573242,3,0.0,4,0.0,0.0,0.0,0.0,3.753581726277521e-09,2.4022923048176136e-07,4.214547903188796e-09,3.3509889053414037e-09,2.1446328994184984e-07,3.829701606104462e-09,1.8416893975677973e-08,1.1786812144433903e-06,1.964468690738984e-08,4.254608928421111e-09,2.722949714189511e-07,4.6947408865336396e-09,0.0,0.0,0.0,0.0,0.0,0.0,0.0,0.0,0.0,0.0,0.0,0.0,64,0.0,True,,,,,,,,,,,,,,
calibration,hespn,8,value_b00_a0F_dF0,byte_values,8,160000,'0F000000000000000000000000000000,'F0000000000000000000000000000000,"byte 0, value 0x0F, weight 4","byte 0, value 0xF0, weight 4",,61.22445624999986,-196.2605807105038,-23.40782693228905,6.593154589699123e-08,0.33537599415480895,60.944074902274075,61.50483759772565,61.01066249999993,61.44041249999985,15.486712499999985,-722.6728515009436,-25.765439544142396,3.391082997323533e-08,0.04948565268262355,15.445341459036811,15.52808354096316,15.455250000000007,15.518599999999953,0,160000,0.0,160000,61.22445624999986,15.486712499999985,17497,0.10935625,38,0.0002375,22,0.0001375,29,0.00018125,0,0.0,8620,0.053875,160000,61.22445624999986,15.486712499999985,17497,0.10935625,38,0.0002375,22,0.0001375,29,0.00018125,0,0.0,8620,0.053875,0,17497,0.10935625,0.001765552991277432,1025.1279098440768,0.0,0.1078310208575202,0.11089565033733094,23.779623102709404,5.91173833335869e-08,0.012797193819070537,0.09865752822910662,0.12005497177089339,0.1010625,0.11775000000000001,38,0.0002375,7.493776486492083e-37,1.097420926886855e+17,0.0,0.00016807444509818746,0.0003259728824856478,6.77830764612042,0.00025825379495812104,9.910312089651149e-05,0.00015464771753171777,0.00032035228246828226,0.000175,0.00030000000000000003,,22,0.0001375,2.938735877055719e-39,1.0145709240540253e+18,0.0,8.617246031140706e-05,0.00020816929574035697,7.514430561703706,0.0001356482640105298,5.175491695067657e-05,9.423180663202621e-05,0.0001807681933679738,0.0001,0.00016875,,29,0.00018125,3.135043433643041e-32,409464472236620.5,0.0,0.00012138922381680575,0.0002602949445749681,6.416216343596292,0.00036166417720918427,7.989949043284676e-05,0.00011445235437058715,0.0002480476456294128,0.00013125,0.00023125,,0,0.0,3.76158192263132e-37,-2.4532694666933986e-16,1.0,0.0,2.3055230812293166e-05,,0.0,0.0,0.0,0.0,0.0,0.0,1.8723151429367313e-05,8620,0.053875,0.0029626033033715747,374.7063541816773,0.0,0.0527737092595213,0.054992491293174565,20.586875472652093,1.6014180658702228e-07,0.006994845040660812,0.048027163202449735,0.05972283679755026,0.0492875,0.058125,1178864.69364316,44,0.0,45,12432583.529806575,3,0.0,4,0.0,0.0,0.0,0.0,6.593154589699123e-08,4.219618937407439e-06,6.697807837154665e-08,3.391082997323533e-08,2.170293118287061e-06,3.557857570962395e-08,1.6014180658702228e-07,1.0249075621569426e-05,1.6014180658702228e-07,5.91173833335869e-08,3.7835125333495615e-06,6.102439569918648e-08,0.0,0.0,0.0,0.0,0.0,0.0,0.0,0.0,0.0,0.0,0.0,0.0,64,0.0,True,,,,,,,,,,,,,,
calibration,hespn,10,bit_a019_d019_off+000,bit_positions,8,160000,'00001000000000000000000000000000,'00001000000000000000000000000000,"single bit 19 (byte 2, bit-in-byte 3, MSB-first)","single bit 19 (byte 2, bit-in-byte 3, offset +0)",,63.52178749999986,-33.814730159827086,-25.957130418976416,3.2211583502050894e-08,0.0521085799763224,63.47822363694325,63.565351363056486,63.48992499999984,63.557124999999886,15.858681249999986,-126.3570325580198,-25.34395161614669,3.801965264383011e-08,0.008796303505274909,15.85132735623657,15.866035143763401,15.852774999999989,15.86418749999996,0,160000,0.0,160000,63.52178749999986,15.858681249999986,2291,0.01431875,40,0.00025,12,7.5e-05,13,8.125e-05,13,8.125e-05,1420,0.008875,160000,63.52178749999986,15.858681249999986,2291,0.01431875,40,0.00025,12,7.5e-05,13,8.125e-05,13,8.125e-05,1420,0.008875,0,2291,0.01431875,0.001765552991277432,119.60729848575478,0.0,0.013742322869307277,0.014912873171886045,20.340241819426883,1.740240667843814e-07,0.0017455939431281588,0.012859396942874754,0.015778103057125244,0.0131375,0.01550625,40,0.00025,7.493776486492083e-37,1.1551799230387947e+17,0.0,0.00017860948345185056,0.0003404136507347094,5.916079783099616,0.0005898392224376332,0.00011952286093343937,0.00015007638764660624,0.00034992361235339377,0.00016875,0.000325,,12,7.5e-05,2.938735877055719e-39,5.534023222112865e+17,0.0,3.875417568097171e-05,0.0001310062376295718,5.612486080160914,0.0008053674295212046,3.7796447300922717e-05,4.340137929315379e-05,0.00010659862070684623,5e-05,0.0001,,13,8.125e-05,3.76158192263132e-37,5.2990509915414424e+16,0.0,4.326288961410777e-05,0.00013893596676822773,6.17748252304939,0.000455139077010932,3.720119045714224e-05,5.014902646829752e-05,0.00011235097353170247,5.6250000000000005e-05,0.00010625,,13,8.125e-05,3.76158192263132e-37,5.2990509915414424e+16,0.0,4.326288961410777e-05,0.00013893596676822773,6.17748252304939,0.000455139077010932,3.720119045714224e-05,5.014902646829752e-05,0.00011235097353170247,5.6250000000000005e-05,0.00010625,,1420,0.008875,0.0029626033033715747,43.514207823890196,1.562183835118994e-269,0.008421237436124386,0.009346690481419617,17.509636425503547,4.878946499095434e-07,0.0009550617033170458,0.00807654843457964,0.009673451565420358,0.0082375,0.00948125,25294.778973758905,44,0.0,45,138621.2065273975,3,0.0,4,8.094238025683702e-16,1.0360624672875139e-13,0.0,0.0,3.2211583502050894e-08,2.061541344131257e-06,3.748256989329559e-08,3.801965264383011e-08,2.433257769205127e-06,4.3451031592948695e-08,4.878946499095434e-07,3.122525759421078e-05,5.118894687575538e-07,1.740240667843814e-07,1.113754027420041e-05,1.856256712366735e-07,0.0,0.0,0.0,0.0,0.0,0.0,1.0360624672875139e-13,6.630799790640089e-12,2.1389676744000287e-13,0.0,0.0,0.0,64,0.0,True,,,,,,,,,,,,,,
calibration,hespn,10,bit_a044_d044_off+000,bit_positions,8,160000,'00000000000800000000000000000000,'00000000000800000000000000000000,"single bit 44 (byte 5, bit-in-byte 4, MSB-first)","single bit 44 (byte 5, bit-in-byte 4, offset +0)",,62.94536874999998,-74.57369085262602,-59.46590890096419,9.982210995017842e-11,0.050162314664573715,62.903432005463024,62.98730549453693,62.91299999999997,62.97745000000002,15.776093749999994,-258.75587707639335,-35.573192147668244,3.6013184797928107e-09,0.012833422812001033,15.765364740033041,15.786822759966947,15.767537499999989,15.784393750000007,0,160000,0.0,160000,62.94536874999998,15.776093749999994,5280,0.033,54,0.0003375,5,3.125e-05,7,4.375e-05,7,4.375e-05,2715,0.01696875,160000,62.94536874999998,15.776093749999994,5280,0.033,54,0.0003375,5,3.125e-05,7,4.375e-05,7,4.375e-05,2715,0.01696875,0,5280,0.033,0.001765552991277432,297.6028993900047,0.0,0.03213004226476602,0.03388693299570237,46.30502500300598,5.727621798888285e-10,0.0019078784028338908,0.03140497373930539,0.03459502626069461,0.03181875,0.03429375,54,0.0003375,7.493776486492083e-37,1.5594928961023728e+17,0.0,0.000253550239705975,0.00044034164002347564,4.2166915709923645,0.003952789099135959,0.00022638462845343542,0.00014823771427755923,0.0005267622857224408,0.00019375,0.00048125,,5,3.125e-05,2.938735877055719e-39,2.305843009213694e+17,1.9151125338920437e-169,1.014686529541754e-05,7.292555581256413e-05,2.3759548165574573,0.049173714204803425,3.720119045714225e-05,1.4902646829752589e-07,6.235097353170248e-05,1.25e-05,5.6250000000000005e-05,,7,4.375e-05,3.76158192263132e-37,2.853335149291546e+16,5.674740582951847e-223,1.758994418332867e-05,9.013963010734427e-05,2.965614910077132,0.020937570206924636,4.172614801981401e-05,8.866067276417347e-06,7.863393272358266e-05,1.8750000000000002e-05,6.875e-05,,7,4.375e-05,3.76158192263132e-37,2.853335149291546e+16,5.674740582951847e-223,1.758994418332867e-05,9.013963010734427e-05,2.965614910077132,0.020937570206924636,4.172614801981401e-05,8.866067276417347e-06,7.863393272358266e-05,1.8750000000000002e-05,6.875e-05,,2715,0.01696875,0.0029626033033715747,103.08279525907551,0.0,0.016341544690612657,0.017613544873467717,32.548415385505216,6.686015123900199e-09,0.0012171211642936078,0.01595121124249223,0.01798628875750777,0.0162,0.01776875,86504.72840416753,44,0.0,45,800949.2970127607,3,0.0,4,2.7942243665042803e-91,2.6846406100709115e-89,0.0,0.0,9.982210995017842e-11,6.388615036811419e-09,1.6381064196952356e-10,3.6013184797928107e-09,2.3048438270673988e-07,5.238281425153179e-09,6.686015123900199e-09,4.2790496792961276e-07,9.104361019778994e-09,5.727621798888285e-10,3.665677951288502e-08,9.164194878221255e-10,0.0,0.0,0.0,0.0,0.0,0.0,2.6846406100709115e-89,1.7181699904453834e-87,6.1363213944477977e-89,0.0,0.0,0.0,64,0.0,True,,,,,,,,,,,,,,
calibration,hespn,10,bit_a068_d068_off+000,bit_positions,8,160000,'00000000000000000800000000000000,'00000000000000000800000000000000,"single bit 68 (byte 8, bit-in-byte 4, MSB-first)","single bit 68 (byte 8, bit-in-byte 4, offset +0)",,63.086368749999885,-64.60348523790235,-32.74296515023439,6.414390011917819e-09,0.07892197293859243,63.02038832944694,63.152349170552846,63.034468749999824,63.14019374999993,15.780737499999994,-251.3113227039737,-32.29155205240417,7.065000508826593e-09,0.01373087631165846,15.769258200131137,15.79221679986885,15.77158749999999,15.789137499999999,0,160000,0.0,160000,63.086368749999885,15.780737499999994,4022,0.0251375,180,0.001125,43,0.00026875,52,0.000325,52,0.000325,2332,0.014575,160000,63.086368749999885,15.780737499999994,4022,0.0251375,180,0.001125,43,0.00026875,52,0.000325,52,0.000325,2332,0.014575,0,4022,0.0251375,0.001765552991277432,222.68872543967137,0.0,0.02437594351263914,0.02591632898685788,30.288773384928884,1.102890299413937e-08,0.0021825198411796532,0.023312867750901856,0.026962132249098145,0.02375625,0.02655,180,0.001125,7.493776486492083e-37,5.198309653674576e+17,0.0,0.0009667229177419439,0.0013017762465794517,9.72111104761179,2.5771680484068157e-05,0.0003273268353539886,0.0008513479174332218,0.001398652082566778,0.0009,0.00133125,,43,0.00026875,2.938735877055719e-39,1.9830249879237768e+18,0.0,0.00019450232145686353,0.0003619876064848826,6.072449577776984,0.0005046192911587615,0.00012517844405944204,0.00016409820182925204,0.00037340179817074796,0.00019375,0.00035625,,52,0.000325,3.76158192263132e-37,2.119620396616577e+17,0.0,0.0002427347725510378,0.0004261726957211062,6.745368781616023,0.0002661355364807438,0.00013627702877384935,0.0002110695528075278,0.0004389304471924722,0.00024375000000000002,0.00041874999999999996,,52,0.000325,3.76158192263132e-37,2.119620396616577e+17,0.0,0.0002427347725510378,0.0004261726957211062,6.745368781616023,0.0002661355364807438,0.00013627702877384935,0.0002110695528075278,0.0004389304471924722,0.00025,0.00041874999999999996,,2332,0.014575,0.0029626033033715747,85.46521302920989,0.0,0.013993458727373828,0.015174226895048668,26.86248962230264,2.539254361975352e-08,0.0012227019260637486,0.013552795608893761,0.015597204391106238,0.013712499999999999,0.01529375,105409.94427705836,44,0.0,45,484652.2166740215,3,0.0,4,4.408439722671969e-168,5.64280284502012e-166,0.0,0.0,6.414390011917819e-09,4.105209607627404e-07,8.924368712233486e-09,7.065000508826593e-09,4.5216003256490195e-07,9.420000678435457e-09,2.539254361975352e-08,1.6251227916642253e-06,3.009486651230047e-08,1.102890299413937e-08,7.058497916249197e-07,1.3574034454325379e-08,0.0,0.0,0.0,0.0,0.0,0.0,5.64280284502012e-166,3.611393820812877e-164,1.3889976233895681e-165,0.0,0.0,0.0,64,0.0,True,,,,,,,,,,,,,,
calibration,hespn,10,bit_a093_d093_off+000,bit_positions,8,160000,'00000000000000000000000400000000,'00000000000000000000000400000000,"single bit 93 (byte 11, bit-in-byte 5, MSB-first)","single bit 93 (byte 11, bit-in-byte 5, offset +0)",,62.59174375000012,-99.57875440232532,-59.813179098327545,9.584200253920201e-11,0.06659318625323507,62.53607045305442,62.647417046945804,62.54830625000006,62.63448750000019,15.725756250000009,-339.45364412276643,-69.10638889279267,3.4927603192036753e-11,0.008666373335243217,15.718510980577094,15.733001519422928,15.72006874999999,15.731093750000037,0,160000,0.0,160000,62.59174375000012,15.725756250000009,8191,0.05119375,3,1.875e-05,0,0.0,0,0.0,0,0.0,3325,0.02078125,160000,62.59174375000012,15.725756250000009,8191,0.05119375,3,1.875e-05,0,0.0,0,0.0,0,0.0,3325,0.02078125,0,8191,0.05119375,0.001765552991277432,470.9535833084629,0.0,0.05011886028780347,0.05228493911246054,66.46880954854421,4.584698974283173e-11,0.0021033030995487624,0.04943534460424861,0.052952155395751384,0.04985625,0.0526,3,1.875e-05,7.493776486492083e-37,8663849422790961.0,2.872782594587812e-94,3.866717459415263e-06,5.479446912998179e-05,1.4255728899344746,0.1970220721577505,3.720119045714225e-05,-1.2350973531702473e-05,4.9850973531702477e-05,0.0,4.375e-05,,0,0.0,2.938735877055719e-39,-2.168404344971009e-17,1.0,0.0,2.3055230812293166e-05,,0.0,0.0,0.0,0.0,0.0,0.0,1.8723151429367313e-05,0,0.0,3.76158192263132e-37,-2.4532694666933986e-16,1.0,0.0,2.3055230812293166e-05,,0.0,0.0,0.0,0.0,0.0,0.0,1.8723151429367313e-05,0,0.0,3.76158192263132e-37,-2.4532694666933986e-16,1.0,0.0,2.3055230812293166e-05,,0.0,0.0,0.0,0.0,0.0,0.0,1.8723151429367313e-05,3325,0.02078125,0.0029626033033715747,131.1421298810547,0.0,0.02008783990404644,0.02149210013380023,39.72913927457062,1.667369992269855e-09,0.0012685586590412644,0.019720708420726974,0.021841791579273028,0.0199625,0.02158125,67051.83384085048,44,0.0,45,1169512.5554215012,3,0.0,4,0.0,0.0,0.0,0.0,9.584200253920201e-11,6.1338881625089284e-09,1.6141810953970863e-10,3.4927603192036753e-11,2.2353666042903522e-09,6.209351678584312e-11,1.667369992269855e-09,1.0671167950527071e-07,2.540754273935017e-09,4.584698974283173e-11,2.9342073435412306e-09,7.930290117679002e-11,0.0,0.0,0.0,0.0,0.0,0.0,0.0,0.0,0.0,0.0,0.0,0.0,64,0.0,True,,,,,,,,,,,,,,
calibration,hespn,10,bit_a118_d118_off+000,bit_positions,8,160000,'00000000000000000000000000000200,'00000000000000000000000000000200,"single bit 118 (byte 14, bit-in-byte 6, MSB-first)","single bit 118 (byte 14, bit-in-byte 6, offset +0)",,62.90540000000007,-77.39990826867445,-74.38368552495567,2.087964043039979e-11,0.04162198079991982,62.870603153251665,62.94019684674848,62.87726250000016,62.93151250000002,15.759668750000007,-285.08735606792163,-33.964230513101434,4.971050133745369e-09,0.014809189654200638,15.747287957616711,15.772049542383298,15.749668750000014,15.76884999999999,0,160000,0.0,160000,62.90540000000007,15.759668750000007,5167,0.03229375,52,0.000325,20,0.000125,21,0.00013125,21,0.00013125,2593,0.01620625,160000,62.90540000000007,15.759668750000007,5167,0.03229375,52,0.000325,20,0.000125,21,0.00013125,21,0.00013125,2593,0.01620625,0,5167,0.03229375,0.001765552991277432,290.87372478238336,0.0,0.03143290603960867,0.03317159573181193,76.93609353674553,1.6491773181659288e-11,0.0011223182321809238,0.03135546847717028,0.033232031522829726,0.031593750000000004,0.03304375,52,0.000325,7.493776486492083e-37,1.5017338999504333e+17,0.0,0.0002427347725510378,0.0004261726957211062,6.177482523049389,0.0004551390770109324,0.000148804761828569,0.00020059610587319009,0.0004494038941268099,0.000225,0.00041875,,20,0.000125,2.938735877055719e-39,9.223372036854776e+17,0.0,7.635486604929698e-05,0.0001930457930133245,3.535533905932738,0.009526780547951473,9.999999999999999e-05,4.1397907837028897e-05,0.0002086020921629711,6.25e-05,0.0001875,,21,0.00013125,3.76158192263132e-37,8.560005447874638e+16,0.0,8.124759615938076e-05,0.00020062260724346132,4.020236767271484,0.005058085398949172,9.234059624177068e-05,5.405132962611784e-05,0.00020844867037388213,7.500000000000001e-05,0.00019375,,21,0.00013125,3.76158192263132e-37,8.560005447874638e+16,0.0,8.124759615938076e-05,0.00020062260724346132,4.020236767271484,0.005058085398949172,9.234059624177068e-05,5.405132962611784e-05,0.00020844867037388213,7.500000000000001e-05,0.00019375,,2593,0.01620625,0.0029626033033715747,97.47092833467968,0.0,0.015593201039650926,0.01683691889818748,28.58908008939507,1.6475951354747383e-08,0.001310244660904433,0.01511085805103027,0.017301641948969736,0.01540625,0.01708125,118801.2017662783,44,0.0,45,724020.91971352,3,0.0,4,1.0645592302078096e-121,1.3626358146659963e-119,0.0,0.0,2.087964043039979e-11,1.3362969875455866e-09,3.9302852574870196e-11,4.971050133745369e-09,3.181472085597036e-07,7.069937967993413e-09,1.6475951354747383e-08,1.0544608867038325e-06,1.9895488428374198e-08,1.6491773181659288e-11,1.0554734836261944e-09,3.198404495836953e-11,0.0,0.0,0.0,0.0,0.0,0.0,1.3626358146659963e-119,8.720869213862377e-118,3.2299515606897693e-119,0.0,0.0,0.0,64,0.0,True,,,,,,,,,,,,,,
calibration,hespn,10,bytepos_ab15_db15_a07_d10_off+00,byte_positions,8,160000,'00000000000000000000000000000007,'00000000000000000000000000000010,"byte 15, value 0x07","byte 15, value 0x10, byte offset +0",,63.65983749999997,-24.053121045538777,-21.214333036720628,1.301704958960995e-07,0.04535258497904109,63.62192179010751,63.69775320989244,63.62949375000001,63.68663124999991,15.888949999999976,-77.83216469042894,-36.63219561102859,2.9356508724497783e-09,0.0037486187932768192,15.885816076261582,15.89208392373837,15.886462499999997,15.89128750000001,0,160000,0.0,160000,63.65983749999997,15.888949999999976,1453,0.00908125,1,6.25e-06,1,6.25e-06,1,6.25e-06,0,0.0,903,0.00564375,160000,63.65983749999997,15.888949999999976,1453,0.00908125,1,6.25e-06,1,6.25e-06,1,6.25e-06,0,0.0,903,0.00564375,0,1453,0.00908125,0.001765552991277432,69.7042159973769,0.0,0.00862222258426183,0.009558196004099968,30.677241980837916,1.009363226054044e-08,0.0006745037858625092,0.008517350723300494,0.009645149276699504,0.00861875,0.00949375,1,6.25e-06,7.493776486492083e-37,2887949807596987.0,1.1990042378387333e-31,1.5823628738244924e-07,3.482227370593671e-05,1.0000000000000002,0.3506166628202074,1.767766952966369e-05,-8.5289015724549e-06,2.10289015724549e-05,0.0,1.8750000000000002e-05,,1,6.25e-06,2.938735877055719e-39,4.611686018427388e+16,4.70197740328915e-34,1.5823628738244924e-07,3.482227370593671e-05,1.0000000000000002,0.3506166628202074,1.767766952966369e-05,-8.5289015724549e-06,2.10289015724549e-05,0.0,1.8750000000000002e-05,,1,6.25e-06,1.003213898765773e-33,78930206404496.44,1.6051422380252369e-28,1.5823628738244924e-07,3.482227370593671e-05,1.0000000000000002,0.3506166628202074,1.767766952966369e-05,-8.5289015724549e-06,2.10289015724549e-05,0.0,1.8750000000000002e-05,,0,0.0,3.76158192263132e-37,-2.4532694666933986e-16,1.0,0.0,2.3055230812293166e-05,,0.0,0.0,0.0,0.0,0.0,0.0,1.8723151429367313e-05,903,0.00564375,0.0029626033033715747,19.73277175903242,7.493875776616569e-69,0.0052825410829916005,0.006023045102793709,11.493836132892248,8.486397189770905e-06,0.0006597821610198325,0.005092158309669356,0.0061953416903306425,0.005187499999999999,0.006025,2154.5976773838547,44,0.0,45,22250.52817852335,3,0.0,4,1.3850077413287315e-14,1.7728099089007763e-12,0.0,0.0,1.301704958960995e-07,8.330911737350368e-06,1.4120189385339608e-07,2.9356508724497783e-09,1.8788165583678581e-07,4.369340833413624e-09,8.486397189770905e-06,0.000543129420145338,8.621101907068856e-06,1.009363226054044e-08,6.459924646745882e-07,1.2666518915188003e-08,0.0,0.0,0.0,0.0,0.0,0.0,1.7728099089007763e-12,1.1345983416964969e-10,3.5456198178015527e-12,0.0,0.0,0.0,64,0.0,True,,,,,,,,,,,,,,
calibration,hespn,10,value_b00_a07_d10,byte_values,8,160000,'07000000000000000000000000000000,'10000000000000000000000000000000,"byte 0, value 0x07, weight 3","byte 0, value 0x10, weight 1",2,63.69106250000002,-21.845180121280322,-31.844969994216648,7.783846127987326e-09,0.027439410525740317,63.66812257872333,63.71400242127673,63.67427499999998,63.71064375000004,15.89171875,-73.39348691517826,-40.5887257245373,1.4361777903352238e-09,0.0031902684056549172,15.889051618867258,15.894385881132743,15.889537499999975,15.893637499999995,0,160000,0.0,160000,63.69106250000002,15.89171875,1572,0.009825,1,6.25e-06,0,0.0,1,6.25e-06,0,0.0,929,0.00580625,160000,63.69106250000002,15.89171875,1572,0.009825,1,6.25e-06,0,0.0,1,6.25e-06,0,0.0,929,0.00580625,0,1572,0.009825,0.001765552991277432,76.79069191159763,0.0,0.009347480179252519,0.010320405257408913,22.3913639600531,8.963447390830026e-08,0.0010180513599168616,0.008973887763815925,0.010676112236184076,0.00923125,0.010525,1,6.25e-06,7.493776486492083e-37,2887949807596987.0,1.1990042378387333e-31,1.5823628738244924e-07,3.482227370593671e-05,1.0000000000000002,0.3506166628202074,1.767766952966369e-05,-8.5289015724549e-06,2.10289015724549e-05,0.0,1.8750000000000002e-05,,0,0.0,2.938735877055719e-39,-2.168404344971009e-17,1.0,0.0,2.3055230812293166e-05,,0.0,0.0,0.0,0.0,0.0,0.0,1.8723151429367313e-05,1,6.25e-06,1.003213898765773e-33,78930206404496.44,1.6051422380252369e-28,1.5823628738244924e-07,3.482227370593671e-05,1.0000000000000002,0.3506166628202074,1.767766952966369e-05,-8.5289015724549e-06,2.10289015724549e-05,0.0,1.8750000000000002e-05,,0,0.0,3.76158192263132e-37,-2.4532694666933986e-16,1.0,0.0,2.3055230812293166e-05,,0.0,0.0,0.0,0.0,0.0,0.0,1.8723151429367313e-05,929,0.00580625,0.0029626033033715747,20.928743398657762,2.5211860914665015e-76,0.005439821187024375,0.006190756250393703,10.513001619160415,1.536959694912403e-05,0.0007650571874049677,0.0051666461850862645,0.006445853814913735,0.00535625,0.0063375,1275.5841375320977,44,1.6400529243674878e-238,45,20440.389359398177,3,0.0,4,1.0230382925275254e-28,1.3094890144352326e-26,0.0,0.0,7.783846127987326e-09,4.981661521911889e-07,9.963323043823777e-09,1.4361777903352238e-09,9.191537858145432e-08,2.2418385019866907e-09,1.536959694912403e-05,0.000983654204743938,1.536959694912403e-05,8.963447390830026e-08,5.7366063301312166e-06,9.890700569191753e-08,1.6400529243674878e-238,1.0496338715951922e-236,4.1985354863807685e-238,0.0,0.0,0.0,1.3094890144352326e-26,8.380729692385488e-25,2.8899067904777545e-26,0.0,0.0,0.0,64,0.0,True,,,,,,,,,,,,,,
calibration,hespn,10,value_b00_a0F_dF0,byte_values,8,160000,'0F000000000000000000000000000000,'F0000000000000000000000000000000,"byte 0, value 0x0F, weight 4","byte 0, value 0xF0, weight 4",,63.671943750000096,-23.197079898556115,-16.33273131155319,7.858800832184859e-07,0.05681126923859412,63.624448340332286,63.71943915966789,63.63516250000015,63.70785625000011,15.890125,-75.94848202280791,-69.28144662536961,3.4315278885040654e-11,0.0019340926259727566,15.888508058100317,15.891741941899681,15.88887499999998,15.891356250000005,0,160000,0.0,160000,63.671943750000096,15.890125,1551,0.00969375,0,0.0,0,0.0,1,6.25e-06,0,0.0,876,0.005475,160000,63.671943750000096,15.890125,1551,0.00969375,0,0.0,0,0.0,1,6.25e-06,0,0.0,876,0.005475,0,1551,0.00969375,0.001765552991277432,75.54013733849986,0.0,0.009219439844178088,0.010185951390975242,31.908543434627088,7.67658685955911e-09,0.0007027687589608896,0.009106220614440948,0.01028127938555905,0.0092375,0.01013125,0,0.0,7.493776486492083e-37,-3.4626640579743416e-16,1.0,0.0,2.3055230812293166e-05,,0.0,0.0,0.0,0.0,0.0,0.0,1.8723151429367313e-05,0,0.0,2.938735877055719e-39,-2.168404344971009e-17,1.0,0.0,2.3055230812293166e-05,,0.0,0.0,0.0,0.0,0.0,0.0,1.8723151429367313e-05,1,6.25e-06,3.135043433643041e-32,14119464559883.465,5.016069493828865e-27,1.5823628738244924e-07,3.482227370593671e-05,1.0000000000000002,0.3506166628202074,1.767766952966369e-05,-8.5289015724549e-06,2.10289015724549e-05,0.0,1.8750000000000002e-05,,0,0.0,3.76158192263132e-37,-2.4532694666933986e-16,1.0,0.0,2.3055230812293166e-05,,0.0,0.0,0.0,0.0,0.0,0.0,1.8723151429367313e-05,876,0.005475,0.0029626033033715747,18.490801210190718,1.913749736952808e-61,0.005119293271990088,0.005848802131580752,22.55224728481542,8.530504903511155e-08,0.00031509635714446825,0.005211572853097917,0.0057384271469020824,0.0052812499999999995,0.0056875,1905.7781081824467,44,0.0,45,20214.98913993619,3,0.0,4,9.372871425868974e-24,1.1997275425112287e-21,0.0,0.0,7.858800832184859e-07,5.02963253259831e-05,8.112310536448887e-07,3.4315278885040654e-11,2.196177848642602e-09,6.209351678584312e-11,8.530504903511155e-08,5.4595231382471395e-06,9.578110768854631e-08,7.67658685955911e-09,4.913015590117831e-07,9.963323043823777e-09,0.0,0.0,0.0,0.0,0.0,0.0,1.1997275425112287e-21,7.678256272071864e-20,2.5594187573572877e-21,0.0,0.0,0.0,64,0.0,True,,,,,,,,,,,,,,
calibration,hespn,12,bit_a019_d019_off+000,bit_positions,8,160000,'00001000000000000000000000000000,'00001000000000000000000000000000,"single bit 19 (byte 2, bit-in-byte 3, MSB-first)","single bit 19 (byte 2, bit-in-byte 3, offset +0)",,63.935268750000034,-4.577190582965746,-6.569959662847393,0.00031294022534627966,0.02786738925566863,63.911971029551104,63.95856647044898,63.918112500000085,63.954043749999876,15.931818749999977,-9.107806089579922,-9.403743794974213,3.2037475334983395e-05,0.0017087876863593914,15.930390167743557,15.933247332256396,15.930768749999995,15.932956249999965,0,160000,0.0,160000,63.935268750000034,15.931818749999977,370,0.0023125,0,0.0,0,0.0,0,0.0,0,0.0,553,0.00345625,160000,63.935268750000034,15.931818749999977,370,0.0023125,0,0.0,0,0.0,0,0.0,0,0.0,553,0.00345625,0,370,0.0023125,0.001765552991277432,5.211330156191664,6.359923243234881e-07,0.0020830780863003986,0.0025602423758072134,5.738350266675931,0.0007068317469538984,0.0002695896352395088,0.0020871174246852482,0.0025378825753147516,0.00215,0.00249375,0,0.0,7.493776486492083e-37,-3.4626640579743416e-16,1.0,0.0,2.3055230812293166e-05,,0.0,0.0,0.0,0.0,0.0,0.0,1.8723151429367313e-05,0,0.0,2.938735877055719e-39,-2.168404344971009e-17,1.0,0.0,2.3055230812293166e-05,,0.0,0.0,0.0,0.0,0.0,0.0,1.8723151429367313e-05,0,0.0,3.76158192263132e-37,-2.4532694666933986e-16,1.0,0.0,2.3055230812293166e-05,,0.0,0.0,0.0,0.0,0.0,0.0,1.8723151429367313e-05,0,0.0,3.76158192263132e-37,-2.4532694666933986e-16,1.0,0.0,2.3055230812293166e-05,,0.0,0.0,0.0,0.0,0.0,0.0,1.8723151429367313e-05,553,0.00345625,0.0029626033033715747,3.6331535333066576,0.0003943828806273693,0.003174587723278609,0.0037561339766771533,3.0090306179461863,0.0196890955530406,0.00046401777983176465,0.003068321428052476,0.0038441785719475242,0.00315625,0.0037625000000000002,130.66486312563117,44,1.5845719138533273e-10,45,380.45019357468414,3,3.797660809399832e-82,4,0.0053940241010638984,0.34224210688669443,8.097876217369108e-07,1.2956601947790572e-05,0.00031294022534627966,0.0200281744221619,0.0005270572216358394,3.2037475334983395e-05,0.0020503984214389373,6.614188456254637e-05,0.0196890955530406,1.0,0.02470788461558036,0.0007068317469538984,0.045237231805049495,0.0011599290206422948,1.5845719138533273e-10,1.0141260248661295e-08,6.760840165774197e-10,3.797660809399832e-82,2.4305029180158924e-80,3.472147025736989e-81,0.34224210688669443,1.0,0.37124567526692276,1.2956601947790572e-05,0.0008292225246585966,3.07119453577258e-05,64,3.472147025736989e-81,True,,,,,,,,,,,,,,
calibration,hespn,12,bit_a044_d044_off+000,bit_positions,8,160000,'00000000000800000000000000000000,'00000000000800000000000000000000,"single bit 44 (byte 5, bit-in-byte 4, MSB-first)","single bit 44 (byte 5, bit-in-byte 4, offset +0)",,63.89909999999993,-7.13470742217699,-10.864884207565431,1.2351460879608743e-05,0.02626703528863918,63.877140208949434,63.92105979105042,63.88321249999997,63.91678749999997,15.921956249999992,-24.91871699087303,-13.353472111579507,3.0943494615368977e-06,0.0032923545092195367,15.919203772748862,15.924708727251122,15.919668749999976,15.923893749999998,0,160000,0.0,160000,63.89909999999993,15.921956249999992,612,0.003825,2,1.25e-05,0,0.0,0,0.0,0,0.0,609,0.00380625,160000,63.89909999999993,15.921956249999992,612,0.003825,2,1.25e-05,0,0.0,0,0.0,0,0.0,609,0.00380625,0,612,0.003825,0.001765552991277432,19.622482855699353,1.1458517696838239e-64,0.003528433306011283,0.0041397622690385995,9.96886431039215,2.1838492332995058e-05,0.0005843188953205018,0.0033364971786084994,0.004313502821391501,0.0034875,0.0042250000000000005,2,1.25e-05,7.493776486492083e-37,5775899615193974.0,7.188010886427319e-63,1.5138115757586253e-06,4.515356068829358e-05,1.527525231651947,0.1704706607870537,2.3145502494313787e-05,-6.8501243268789875e-06,3.185012432687899e-05,0.0,3.125e-05,,0,0.0,2.938735877055719e-39,-2.168404344971009e-17,1.0,0.0,2.3055230812293166e-05,,0.0,0.0,0.0,0.0,0.0,0.0,1.8723151429367313e-05,0,0.0,3.76158192263132e-37,-2.4532694666933986e-16,1.0,0.0,2.3055230812293166e-05,,0.0,0.0,0.0,0.0,0.0,0.0,1.8723151429367313e-05,0,0.0,3.76158192263132e-37,-2.4532694666933986e-16,1.0,0.0,2.3055230812293166e-05,,0.0,0.0,0.0,0.0,0.0,0.0,1.8723151429367313e-05,609,0.00380625,0.0029626033033715747,6.20909244942278,2.475142184582838e-09,0.0035104231431417653,0.004120273715479895,11.122445345708279,1.0567273175274773e-05,0.00021453854132599527,0.0036268912909555476,0.003985608709044452,0.00366875,0.0039375,376.7259092288846,44,2.0539253012393778e-54,45,2147.1115520220683,3,0.0,4,0.0005980013702917054,0.06451871710784028,1.5921024785845756e-58,2.547363965735321e-57,1.2351460879608743e-05,0.0007904934962949595,3.0403596011344597e-05,3.0943494615368977e-06,0.00019803836553836145,8.610363719059193e-06,1.0567273175274773e-05,0.0006763054832175855,2.705221932870342e-05,2.1838492332995058e-05,0.0013976635093116837,4.819529342454082e-05,2.0539253012393778e-54,1.3145121927932018e-52,1.4605691031035576e-53,0.0,0.0,0.0,0.06451871710784028,1.0,0.07937883452153582,2.547363965735321e-57,1.6303129380706054e-55,2.0378911725882567e-56,64,0.0,True,,,,,,,,,,,,,,
calibration,hespn,12,bit_a068_d068_off+000,bit_positions,8,160000,'00000000000000000800000000000000,'00000000000000000800000000000000,"single bit 68 (byte 8, bit-in-byte 4, MSB-first)","single bit 68 (byte 8, bit-in-byte 4, offset +0)",,63.95315625000002,-3.3123533281192783,-5.002958945931601,0.0015600707138830469,0.026483154180686433,63.931015779034226,63.97529672096583,63.935475000000054,63.970481249999985,15.928850000000002,-13.867110701785709,-9.716648044029586,2.584955209518294e-05,0.0025179356623996367,15.926744953106919,15.930955046893086,15.927206249999998,15.93048125,0,160000,0.0,160000,63.95315625000002,15.928850000000002,455,0.00284375,4,2.5e-05,0,0.0,1,6.25e-06,1,6.25e-06,571,0.00356875,160000,63.95315625000002,15.928850000000002,455,0.00284375,4,2.5e-05,0,0.0,1,6.25e-06,1,6.25e-06,571,0.00356875,0,455,0.00284375,0.001765552991277432,10.273098666349323,3.338807594008602e-21,0.0025887451227703646,0.0031170251873027617,10.62022401591092,1.4369234605026977e-05,0.00028715040857163547,0.0026036862507795933,0.0030838137492204066,0.00266875,0.00304375,4,2.5e-05,7.493776486492083e-37,1.1551799230387948e+16,8.611034803320572e-126,6.811699245536354e-06,6.4008680719152e-05,1.8708286933869707,0.10355171027145915,3.779644730092272e-05,-6.5986207068462225e-06,5.659862070684622e-05,6.25e-06,5e-05,,0,0.0,2.938735877055719e-39,-2.168404344971009e-17,1.0,0.0,2.3055230812293166e-05,,0.0,0.0,0.0,0.0,0.0,0.0,1.8723151429367313e-05,1,6.25e-06,3.76158192263132e-37,4076193070416494.5,6.018531076210112e-32,1.5823628738244924e-07,3.482227370593671e-05,1.0000000000000002,0.3506166628202074,1.767766952966369e-05,-8.5289015724549e-06,2.10289015724549e-05,0.0,1.8750000000000002e-05,,1,6.25e-06,3.76158192263132e-37,4076193070416494.5,6.018531076210112e-32,1.5823628738244924e-07,3.482227370593671e-05,1.0000000000000002,0.3506166628202074,1.767766952966369e-05,-8.5289015724549e-06,2.10289015724549e-05,0.0,1.8750000000000002e-05,,571,0.00356875,0.0029626033033715747,4.461133899201125,1.511632818410539e-05,0.0032824588865823915,0.003873254635382254,4.79552402773505,0.001976478348785941,0.00035750874115187726,0.0032698652127315297,0.00386763478726847,0.003325,0.00376875,274.9155428238313,44,3.693191222961245e-35,45,1083.684031976956,3,1.2612291380332743e-234,4,0.0034722082237064332,0.44444265263442345,5.871508858317482e-13,9.394414173307972e-12,0.0015600707138830469,0.099844525688515,0.0023772506116313094,2.584955209518294e-05,0.0016543713340917083,5.5145711136390275e-05,0.001976478348785941,0.12649461432230022,0.0028109914293844495,1.4369234605026977e-05,0.0009196310147217265,3.284396481149023e-05,3.693191222961245e-35,2.363642382695197e-33,2.148765802450179e-34,1.2612291380332743e-234,8.071866483412955e-233,2.6906221611376516e-233,0.44444265263442345,1.0,0.4587795123968242,9.394414173307972e-12,6.012425070917102e-10,4.294589336369359e-11,64,2.6906221611376516e-233,True,,,,,,,,,,,,,,
calibration,hespn,12,bit_a093_d093_off+000,bit_positions,8,160000,'00000000000000000000000400000000,'00000000000000000000000400000000,"single bit 93 (byte 11, bit-in-byte 5, MSB-first)","single bit 93 (byte 11, bit-in-byte 5, offset +0)",,63.894018750000015,-7.494006055361621,-9.148950583495683,3.8332783363802155e-05,0.0327644399736096,63.866626992696595,63.921410507303435,63.871937499999994,63.91448749999995,15.92041249999998,-27.393555389261046,-22.794643005426753,7.922498387277879e-08,0.002120267840239976,15.91863991172608,15.92218508827388,15.918862499999975,15.921624999999999,0,160000,0.0,160000,63.894018750000015,15.92041249999998,733,0.00458125,0,0.0,0,0.0,0,0.0,0,0.0,621,0.00388125,160000,63.894018750000015,15.92041249999998,733,0.00458125,0,0.0,0,0.0,0,0.0,0,0.0,621,0.00388125,0,733,0.00458125,0.001765552991277432,26.8280592054532,1.7778363166322875e-110,0.00425623930191418,0.0049244076676327915,17.622169447529615,4.6691147394670267e-07,0.00045193038338727724,0.0042034267443681,0.004959073255631901,0.0042875,0.004875,0,0.0,7.493776486492083e-37,-3.4626640579743416e-16,1.0,0.0,2.3055230812293166e-05,,0.0,0.0,0.0,0.0,0.0,0.0,1.8723151429367313e-05,0,0.0,2.938735877055719e-39,-2.168404344971009e-17,1.0,0.0,2.3055230812293166e-05,,0.0,0.0,0.0,0.0,0.0,0.0,1.8723151429367313e-05,0,0.0,3.76158192263132e-37,-2.4532694666933986e-16,1.0,0.0,2.3055230812293166e-05,,0.0,0.0,0.0,0.0,0.0,0.0,1.8723151429367313e-05,0,0.0,3.76158192263132e-37,-2.4532694666933986e-16,1.0,0.0,2.3055230812293166e-05,,0.0,0.0,0.0,0.0,0.0,0.0,1.8723151429367313e-05,621,0.00388125,0.0029626033033715747,6.7610793600190915,9.766129182664251e-11,0.0035824747316908177,0.004198217018818258,4.923342254471573,0.001707139394239772,0.0005277563696577101,0.003440034633442811,0.004322465366557189,0.00354375,0.004225,311.9417199255139,44,4.6837801726009127e-42,45,3185.6252065387766,3,0.0,4,1.5278711005383644e-06,0.00019556750086891064,3.916297759380185e-212,6.266076415008296e-211,3.8332783363802155e-05,0.002453298135283338,7.666556672760431e-05,7.922498387277879e-08,5.070398967857843e-06,2.5351994839289214e-07,0.001707139394239772,0.10925692123134541,0.0024831118461669413,4.6691147394670267e-07,2.988233433258897e-05,1.4229683015518558e-06,4.6837801726009127e-42,2.997619310464584e-40,2.997619310464584e-41,0.0,0.0,0.0,0.00019556750086891064,0.012516320055610281,0.0003476755571002856,6.266076415008296e-211,4.0102889056053095e-209,8.020577811210619e-210,64,0.0,True,,,,,,,,,,,,,,
calibration,hespn,12,bit_a118_d118_off+000,bit_positions,8,160000,'00000000000000000000000000000200,'00000000000000000000000000000200,"single bit 118 (byte 14, bit-in-byte 6, MSB-first)","single bit 118 (byte 14, bit-in-byte 6, offset +0)",,63.900962500000084,-7.003008784170343,-8.263050541304922,7.409510986583827e-05,0.03390035556076806,63.87262109350059,63.92930390649956,63.88073750000012,63.92330625000015,15.923493749999993,-22.453898181159794,-16.886211873880324,6.255658437830602e-07,0.0023460357901388075,15.921532414996546,15.925455085003444,15.922231249999967,15.92524374999999,0,160000,0.0,160000,63.900962500000084,15.923493749999993,615,0.00384375,0,0.0,0,0.0,0,0.0,0,0.0,595,0.00371875,160000,63.900962500000084,15.923493749999993,615,0.00384375,0,0.0,0,0.0,0,0.0,0,0.0,595,0.00371875,0,615,0.00384375,0.001765552991277432,19.801133508999037,1.3018444811811835e-65,0.0035464453005915344,0.004159248995284312,12.584458952462185,4.618157059919554e-06,0.0004670863334086567,0.0034532560530630522,0.004234243946936948,0.003525,0.0041375,0,0.0,7.493776486492083e-37,-3.4626640579743416e-16,1.0,0.0,2.3055230812293166e-05,,0.0,0.0,0.0,0.0,0.0,0.0,1.8723151429367313e-05,0,0.0,2.938735877055719e-39,-2.168404344971009e-17,1.0,0.0,2.3055230812293166e-05,,0.0,0.0,0.0,0.0,0.0,0.0,1.8723151429367313e-05,0,0.0,3.76158192263132e-37,-2.4532694666933986e-16,1.0,0.0,2.3055230812293166e-05,,0.0,0.0,0.0,0.0,0.0,0.0,1.8723151429367313e-05,0,0.0,3.76158192263132e-37,-2.4532694666933986e-16,1.0,0.0,2.3055230812293166e-05,,0.0,0.0,0.0,0.0,0.0,0.0,1.8723151429367313e-05,595,0.00371875,0.0029626033033715747,5.565107720393749,8.143934507965143e-08,0.00342640033700962,0.004029302571377427,5.496815586180275,0.0009096010653996131,0.0003890808766457542,0.0033934702469181205,0.004044029753081879,0.00348125,0.00398125,152.08434932047655,44,8.06494738778647e-14,45,999.7294675979181,3,2.0597735801472668e-216,4,2.415677131459927e-05,0.0016161191968743892,5.567093587746052e-131,8.907349740393683e-130,7.409510986583827e-05,0.004742087031413649,0.00014097966430764845,6.255658437830602e-07,4.0036214002115854e-05,1.8198279091870842e-06,0.0009096010653996131,0.05821446818557524,0.001455361704639381,4.618157059919554e-06,0.00029556205183485143,1.231508549311881e-05,8.06494738778647e-14,5.161566328183341e-12,3.9704356370641084e-13,2.0597735801472668e-216,1.3182550912942507e-214,3.295637728235627e-215,0.0016161191968743892,0.10343162859996091,0.002405386711626998,8.907349740393683e-130,5.700703833851957e-128,9.501173056419928e-129,64,3.295637728235627e-215,True,,,,,,,,,,,,,,
calibration,hespn,12,bytepos_ab15_db15_a07_d10_off+00,byte_positions,8,160000,'00000000000000000000000000000007,'00000000000000000000000000000010,"byte 15, value 0x07","byte 15, value 0x10, byte offset +0",,63.978112499999966,-1.5476799673244466,-1.0910562529420207,0.31137304041182934,0.05674061124350447,63.93067616189434,64.02554883810559,63.94118125000001,64.013175,15.933687499999989,-6.111949081008851,-4.295531192262593,0.003586230590385727,0.0025103713441878813,15.93158877703519,15.935786222964792,15.932012500000011,15.935274999999997,0,160000,0.0,160000,63.978112499999966,15.933687499999989,345,0.00215625,0,0.0,0,0.0,0,0.0,0,0.0,504,0.00315,160000,63.978112499999966,15.933687499999989,345,0.00215625,0,0.0,0,0.0,0,0.0,0,0.0,504,0.00315,0,345,0.00215625,0.001765552991277432,3.722574712027647,0.00031091613427994204,0.0019349052325017377,0.002395932073532402,3.1578840887117394,0.015975373742734122,0.00034993621867828595,0.0018636959999489633,0.002448804000051037,0.00193125,0.00238125,0,0.0,7.493776486492083e-37,-3.4626640579743416e-16,1.0,0.0,2.3055230812293166e-05,,0.0,0.0,0.0,0.0,0.0,0.0,1.8723151429367313e-05,0,0.0,2.938735877055719e-39,-2.168404344971009e-17,1.0,0.0,2.3055230812293166e-05,,0.0,0.0,0.0,0.0,0.0,0.0,1.8723151429367313e-05,0,0.0,1.003213898765773e-33,-1.266942081559073e-14,1.0,0.0,2.3055230812293166e-05,,0.0,0.0,0.0,0.0,0.0,0.0,1.8723151429367313e-05,0,0.0,3.76158192263132e-37,-2.4532694666933986e-16,1.0,0.0,2.3055230812293166e-05,,0.0,0.0,0.0,0.0,0.0,0.0,1.8723151429367313e-05,504,0.00315,0.0029626033033715747,1.379206981705051,0.1675494035810477,0.0028813388306362835,0.003436906216787391,1.1873228905633704,0.2738240609115386,0.0004464142854857069,0.0027767883176195705,0.0035232116823804296,0.002875,0.0034375,44.02605657752711,44,0.4705383775798947,45,46.07978364754355,3,5.454224272121722e-10,4,0.0015112476350294,0.1934396972837632,4.187550559192421e-09,6.700080894707873e-08,0.31137304041182934,1.0,0.3496118348483698,0.003586230590385727,0.22951875778468653,0.0048833778252060965,0.2738240609115386,1.0,0.31294178389890126,0.015975373742734122,1.0,0.020448478390699677,0.4705383775798947,1.0,0.4780072407160835,5.454224272121722e-10,3.4907035341579023e-08,2.181689708848689e-09,0.1934396972837632,1.0,0.22926186344742305,6.700080894707873e-08,4.288051772613039e-06,2.2568693540068627e-07,64,2.181689708848689e-09,True,,,,,,,,,,,,,,
calibration,hespn,12,value_b00_a07_d10,byte_values,8,160000,'07000000000000000000000000000000,'10000000000000000000000000000000,"byte 0, value 0x07, weight 3","byte 0, value 0x10, weight 1",2,63.957993750000114,-2.970290422713704,-3.391928450183398,0.011568986054678626,0.03502774856649,63.92870981936094,63.98727768063929,63.93550000000016,63.98040624999993,15.933893749999983,-5.7813026553248505,-8.24923292104677,7.489544666343823e-05,0.0012364804602182132,15.932860026466054,15.934927473533913,15.933137500000013,15.934737499999958,0,160000,0.0,160000,63.957993750000114,15.933893749999983,331,0.00206875,0,0.0,0,0.0,0,0.0,0,0.0,486,0.0030375,160000,63.957993750000114,15.933893749999983,331,0.00206875,0,0.0,0,0.0,0,0.0,0,0.0,486,0.0030375,0,331,0.00206875,0.001765552991277432,2.888871663295797,0.004653762459750899,0.0018520574885541098,0.00230378979213507,3.6346340283861944,0.008346324155852581,0.00023594415198758983,0.0018714957526021943,0.002266004247397805,0.00190625,0.0022187500000000002,0,0.0,7.493776486492083e-37,-3.4626640579743416e-16,1.0,0.0,2.3055230812293166e-05,,0.0,0.0,0.0,0.0,0.0,0.0,1.8723151429367313e-05,0,0.0,2.938735877055719e-39,-2.168404344971009e-17,1.0,0.0,2.3055230812293166e-05,,0.0,0.0,0.0,0.0,0.0,0.0,1.8723151429367313e-05,0,0.0,1.003213898765773e-33,-1.266942081559073e-14,1.0,0.0,2.3055230812293166e-05,,0.0,0.0,0.0,0.0,0.0,0.0,1.8723151429367313e-05,0,0.0,3.76158192263132e-37,-2.4532694666933986e-16,1.0,0.0,2.3055230812293166e-05,,0.0,0.0,0.0,0.0,0.0,0.0,1.8723151429367313e-05,486,0.0030375,0.0029626033033715747,0.5512266158105831,0.5808901503750352,0.002773774126380011,0.0033194799533103115,0.8559622471820018,0.4203501812901611,0.0002474873734152917,0.002830595377985631,0.0032444046220143686,0.00289375,0.00320625,45.41200420053287,44,0.4129763573127875,45,40.74775323300391,3,7.396403556805276e-09,4,0.0049926119900286295,0.6390543347236646,2.5768249366815957e-09,4.122919898690553e-08,0.011568986054678626,0.7404151074994321,0.015110512397947593,7.489544666343823e-05,0.004793308586460047,0.00014097966430764845,0.4203501812901611,1.0,0.4410231410257428,0.008346324155852581,0.5341647459745652,0.011128432207803442,0.4129763573127875,1.0,0.4405081144669733,7.396403556805276e-09,4.733698276355377e-07,2.784528397856104e-08,0.6390543347236646,1.0,0.6390543347236646,4.122919898690553e-08,2.638668735161954e-06,1.4659270750899744e-07,64,2.784528397856104e-08,True,,,,,,,,,,,,,,
calibration,hespn,12,value_b00_a0F_dF0,byte_values,8,160000,'0F000000000000000000000000000000,'F0000000000000000000000000000000,"byte 0, value 0x0F, weight 4","byte 0, value 0xF0, weight 4",,63.95958750000008,-2.8575952794642605,-2.179021604014131,0.06573559733814685,0.052456483665881626,63.91573278218028,64.00344221781988,63.923656249999915,63.99047500000022,15.933356249999983,-6.6429872798581435,-5.38597355609786,0.0010237787571811476,0.0021760773193817543,15.931537003833895,15.935175496166071,15.931831250000014,15.934593750000001,0,160000,0.0,160000,63.95958750000008,15.933356249999983,351,0.00219375,0,0.0,0,0.0,0,0.0,0,0.0,490,0.0030625,160000,63.95958750000008,15.933356249999983,351,0.00219375,0,0.0,0,0.0,0,0.0,0,0.0,490,0.0030625,0,351,0.00219375,0.001765552991277432,4.079876018627011,8.337931728044914e-05,0.0019704405406077564,0.002435392615057845,4.544410367271549,0.002653708266143794,0.0002665085096470387,0.001970943310142722,0.002416556689857278,0.0020125,0.0023625,0,0.0,7.493776486492083e-37,-3.4626640579743416e-16,1.0,0.0,2.3055230812293166e-05,,0.0,0.0,0.0,0.0,0.0,0.0,1.8723151429367313e-05,0,0.0,2.938735877055719e-39,-2.168404344971009e-17,1.0,0.0,2.3055230812293166e-05,,0.0,0.0,0.0,0.0,0.0,0.0,1.8723151429367313e-05,0,0.0,3.135043433643041e-32,-7.082421544802926e-14,1.0,0.0,2.3055230812293166e-05,,0.0,0.0,0.0,0.0,0.0,0.0,1.8723151429367313e-05,0,0.0,3.76158192263132e-37,-2.4532694666933986e-16,1.0,0.0,2.3055230812293166e-05,,0.0,0.0,0.0,0.0,0.0,0.0,1.8723151429367313e-05,490,0.0030625,0.0029626033033715747,0.7352222526760204,0.4616619531433084,0.00279766952730421,0.0033455825218151707,1.0748173090093858,0.31810218341595037,0.00026288237456539924,0.002842724834935628,0.003282275165064372,0.00289375,0.00323125,49.94896770746661,44,0.24887909476050496,45,107.44081162748982,3,3.8997439102081723e-23,4,1.81904194458992e-06,0.00023283736890750977,1.4855217216214653e-05,0.00018712430782552645,0.06573559733814685,1.0,0.07937883452153582,0.0010237787571811476,0.06552184045959344,0.0015980936697461816,0.31810218341595037,1.0,0.35100930583829004,0.002653708266143794,0.1698373290332028,0.003692115848547887,0.24887909476050496,1.0,0.28960476481222397,3.8997439102081723e-23,2.4958361025332303e-21,2.079863418777692e-22,0.00023283736890750977,0.014901591610080625,0.0004027457191913683,0.00018712430782552645,0.011975955700833693,0.00034217016288096266,64,2.079863418777692e-22,True,,,,,,,,,,,,,,
calibration,hespn,14,bit_a019_d019_off+000,bit_positions,8,160000,'00001000000000000000000000000000,'00001000000000000000000000000000,"single bit 19 (byte 2, bit-in-byte 3, MSB-first)","single bit 19 (byte 2, bit-in-byte 3, offset +0)",,64.01247499999997,0.8821157095278481,0.7444776584482191,0.48082803931339224,0.047395147430831994,63.972851665164065,64.05209833483586,63.97716249999993,64.03833749999986,15.936631250000017,-1.3927228233455649,-1.738761836398613,0.12563543333165939,0.0014131872537895274,15.935449795889669,15.937812704110366,15.935724999999993,15.937531250000012,0,160000,0.0,160000,64.01247499999997,15.936631250000017,286,0.0017875,0,0.0,0,0.0,0,0.0,0,0.0,465,0.00290625,160000,64.01247499999997,15.936631250000017,286,0.0017875,0,0.0,0,0.0,0,0.0,0,0.0,465,0.00290625,0,286,0.0017875,0.001765552991277432,0.20911186380056535,0.8117524206637013,0.0015864739236840868,0.0020069086789258387,0.21224945635693843,0.8379604998343074,0.0002924648941081891,0.0015429932296833358,0.002032006770316664,0.0016,0.00196875,0,0.0,7.493776486492083e-37,-3.4626640579743416e-16,1.0,0.0,2.3055230812293166e-05,,0.0,0.0,0.0,0.0,0.0,0.0,1.8723151429367313e-05,0,0.0,2.938735877055719e-39,-2.168404344971009e-17,1.0,0.0,2.3055230812293166e-05,,0.0,0.0,0.0,0.0,0.0,0.0,1.8723151429367313e-05,0,0.0,3.76158192263132e-37,-2.4532694666933986e-16,1.0,0.0,2.3055230812293166e-05,,0.0,0.0,0.0,0.0,0.0,0.0,1.8723151429367313e-05,0,0.0,3.76158192263132e-37,-2.4532694666933986e-16,1.0,0.0,2.3055230812293166e-05,,0.0,0.0,0.0,0.0,0.0,0.0,1.8723151429367313e-05,465,0.00290625,0.0029626033033715747,-0.4147504777329627,0.695815961468604,0.0026484000376446925,0.0031823649370679103,-0.4650803146716919,0.6559950955533292,0.00034271760553385226,0.002619730911562861,0.003192769088437139,0.0026875000000000002,0.00311875,34.999325881743545,44,0.8318722881013481,45,4.669301229266137,3,0.1976770650257795,4,0.0011438806431291288,0.14047147126170453,0.11802014526697782,0.7395285637022802,0.48082803931339224,1.0,0.9941849135724058,0.12563543333165939,1.0,0.6606059375590466,0.6559950955533292,1.0,0.9941849135724058,0.8379604998343074,1.0,0.9941849135724058,0.8318722881013481,1.0,0.9941849135724058,0.1976770650257795,1.0,0.790708260103118,0.14047147126170453,1.0,0.6606059375590466,0.7395285637022802,1.0,0.9941849135724058,64,0.6606059375590466,False,,,,,,,,,,,,,,
calibration,hespn,14,bit_a044_d044_off+000,bit_positions,8,160000,'00000000000800000000000000000000,'00000000000800000000000000000000,"single bit 44 (byte 5, bit-in-byte 4, MSB-first)","single bit 44 (byte 5, bit-in-byte 4, offset +0)",,64.01069374999996,0.7561623141284558,0.799357895098901,0.4503512153504942,0.03783848605305359,63.9790599840168,64.04232751598309,63.98866249999996,64.03673749999975,15.93747500000002,-0.04007835459660717,-0.05386049726428748,0.9585512394801727,0.0013128485931672912,15.9363774311092,15.93857256889084,15.936562500000024,15.938293750000021,0,160000,0.0,160000,64.01069374999996,15.93747500000002,298,0.0018625,0,0.0,0,0.0,0,0.0,0,0.0,469,0.00293125,160000,64.01069374999996,15.93747500000002,298,0.0018625,0,0.0,0,0.0,0,0.0,0,0.0,469,0.00293125,0,298,0.0018625,0.001765552991277432,0.9237144769992938,0.3558459366007806,0.0016571817476657533,0.0020861908864674263,1.792824476389195,0.11609705698560732,0.00015294723646688469,0.0017346329104082378,0.0019903670895917622,0.00176875,0.0019625,0,0.0,7.493776486492083e-37,-3.4626640579743416e-16,1.0,0.0,2.3055230812293166e-05,,0.0,0.0,0.0,0.0,0.0,0.0,1.8723151429367313e-05,0,0.0,2.938735877055719e-39,-2.168404344971009e-17,1.0,0.0,2.3055230812293166e-05,,0.0,0.0,0.0,0.0,0.0,0.0,1.8723151429367313e-05,0,0.0,3.76158192263132e-37,-2.4532694666933986e-16,1.0,0.0,2.3055230812293166e-05,,0.0,0.0,0.0,0.0,0.0,0.0,1.8723151429367313e-05,0,0.0,3.76158192263132e-37,-2.4532694666933986e-16,1.0,0.0,2.3055230812293166e-05,,0.0,0.0,0.0,0.0,0.0,0.0,1.8723151429367313e-05,469,0.00293125,0.0029626033033715747,-0.23075484086752543,0.836023753707742,0.0026722706533680507,0.003208492214600988,-0.1574821734624642,0.8793112073637859,0.0005631147434455204,0.0024604742932013974,0.003402025706798602,0.0025625,0.00329375,34.012090008193624,44,0.8611275887861908,45,5.110884996740346,3,0.16385535260980783,4,0.003585351694998247,0.4589250169597756,0.06231821947678414,0.47406455595221586,0.4503512153504942,1.0,0.9941849135724058,0.9585512394801727,1.0,0.9941849135724058,0.8793112073637859,1.0,0.9941849135724058,0.11609705698560732,1.0,0.6606059375590466,0.8611275887861908,1.0,0.9941849135724058,0.16385535260980783,1.0,0.6991161711351801,0.4589250169597756,1.0,0.9941849135724058,0.47406455595221586,1.0,0.9941849135724058,64,0.6606059375590466,False,,,,,,,,,,,,,,
calibration,hespn,14,bit_a068_d068_off+000,bit_positions,8,160000,'00000000000000000800000000000000,'00000000000000000800000000000000,"single bit 68 (byte 8, bit-in-byte 4, MSB-first)","single bit 68 (byte 8, bit-in-byte 4, offset +0)",,64.00894375,0.6324186274237361,0.6465972409079956,0.5385075044635796,0.039122878194509526,63.97623620531502,64.04165129468498,63.983562499999884,64.03436250000001,15.936156249999991,-2.1542115613474717,-1.8030884156534799,0.11436629041372763,0.0021078827393613384,15.934394015929545,15.93791848407044,15.93489374999999,15.937549999999987,0,160000,0.0,160000,64.00894375,15.936156249999991,308,0.001925,0,0.0,0,0.0,0,0.0,0,0.0,447,0.00279375,160000,64.00894375,15.936156249999991,308,0.001925,0,0.0,0,0.0,0,0.0,0,0.0,447,0.00279375,0,308,0.001925,0.001765552991277432,1.5192166546649009,0.12881949225167874,0.0017161709045644393,0.002152193746580528,2.3863843119432233,0.04842547800275227,0.00018898223650461366,0.001767006896465769,0.002082993103534231,0.00180625,0.00204375,0,0.0,7.493776486492083e-37,-3.4626640579743416e-16,1.0,0.0,2.3055230812293166e-05,,0.0,0.0,0.0,0.0,0.0,0.0,1.8723151429367313e-05,0,0.0,2.938735877055719e-39,-2.168404344971009e-17,1.0,0.0,2.3055230812293166e-05,,0.0,0.0,0.0,0.0,0.0,0.0,1.8723151429367313e-05,0,0.0,3.76158192263132e-37,-2.4532694666933986e-16,1.0,0.0,2.3055230812293166e-05,,0.0,0.0,0.0,0.0,0.0,0.0,1.8723151429367313e-05,0,0.0,3.76158192263132e-37,-2.4532694666933986e-16,1.0,0.0,2.3055230812293166e-05,,0.0,0.0,0.0,0.0,0.0,0.0,1.8723151429367313e-05,447,0.00279375,0.0029626033033715747,-1.2427308436274305,0.22278131683330243,0.002541043971911992,0.00306473067977126,-1.2035824160976352,0.2678693869102182,0.00039680644796028343,0.002462011507667632,0.0031254884923323685,0.0025375,0.00305,37.35608756091835,44,0.7502658816514975,45,5.969535643134202,3,0.11310182583881302,4,0.004008260488953276,0.27326610328680745,0.0014361249597175034,0.022977999355480054,0.5385075044635796,1.0,0.9941849135724058,0.11436629041372763,1.0,0.6606059375590466,0.2678693869102182,1.0,0.8744515305177838,0.04842547800275227,1.0,0.5165384320293576,0.7502658816514975,1.0,0.9941849135724058,0.11310182583881302,1.0,0.6606059375590466,0.27326610328680745,1.0,0.8744515305177838,0.022977999355480054,1.0,0.42197363345025235,64,0.42197363345025235,False,,,,,,,,,,,,,,
calibration,hespn,14,bit_a093_d093_off+000,bit_positions,8,160000,'00000000000000000000000400000000,'00000000000000000000000400000000,"single bit 93 (byte 11, bit-in-byte 5, MSB-first)","single bit 93 (byte 11, bit-in-byte 5, offset +0)",,63.99903749999973,-0.06805902770829592,-0.058492733282557156,0.954990925309129,0.04654186863146057,63.96012752409209,64.03794747590737,63.97082499999972,64.03130624999964,15.935843749999995,-2.6551909942094403,-3.3605899651583457,0.012074580842766346,0.0013939761988071057,15.934678356733537,15.93700914326645,15.93497500000003,15.936762500000025,0,160000,0.0,160000,63.99903749999973,15.935843749999995,313,0.00195625,0,0.0,0,0.0,0,0.0,0,0.0,483,0.00301875,160000,63.99903749999973,15.935843749999995,313,0.00195625,0,0.0,0,0.0,0,0.0,0,0.0,483,0.00301875,0,313,0.00195625,0.001765552991277432,1.8169677434977043,0.07388706750086166,0.0017456869853376485,0.0021851737768458276,1.7947953762124056,0.11576277256911871,0.00030052038200428273,0.0017050086732682667,0.0022074913267317335,0.00176875,0.00215625,0,0.0,7.493776486492083e-37,-3.4626640579743416e-16,1.0,0.0,2.3055230812293166e-05,,0.0,0.0,0.0,0.0,0.0,0.0,1.8723151429367313e-05,0,0.0,2.938735877055719e-39,-2.168404344971009e-17,1.0,0.0,2.3055230812293166e-05,,0.0,0.0,0.0,0.0,0.0,0.0,1.8723151429367313e-05,0,0.0,3.76158192263132e-37,-2.4532694666933986e-16,1.0,0.0,2.3055230812293166e-05,,0.0,0.0,0.0,0.0,0.0,0.0,1.8723151429367313e-05,0,0.0,3.76158192263132e-37,-2.4532694666933986e-16,1.0,0.0,2.3055230812293166e-05,,0.0,0.0,0.0,0.0,0.0,0.0,1.8723151429367313e-05,483,0.00301875,0.0029626033033715747,0.4132298881615051,0.6788278098173766,0.0027558555891433628,0.0032999000225659826,0.6163646574661344,0.5571585238624462,0.00025765078802795957,0.0028033485507342436,0.003234151449265756,0.00285,0.0031875,31.78530160045868,44,0.9152704515803175,45,10.953766032315642,3,0.011978525236966952,4,0.020749857079550287,0.6346767621137682,0.0016483345056650482,0.026373352090640772,0.954990925309129,1.0,0.9941849135724058,0.012074580842766346,0.7727731739370461,0.38638658696852307,0.5571585238624462,1.0,0.9941849135724058,0.11576277256911871,1.0,0.6606059375590466,0.9152704515803175,1.0,0.9941849135724058,0.011978525236966952,0.7666256151658849,0.38638658696852307,0.6346767621137682,1.0,0.9941849135724058,0.026373352090640772,1.0,0.42197363345025235,64,0.38638658696852307,False,,,,,,,,,,,,,,
calibration,hespn,14,bit_a118_d118_off+000,bit_positions,8,160000,'00000000000000000000000000000200,'00000000000000000000000000000200,"single bit 118 (byte 14, bit-in-byte 6, MSB-first)","single bit 118 (byte 14, bit-in-byte 6, offset +0)",,64.02140625000028,1.5136504534974298,2.603409322953859,0.035249796540322,0.023256434401625625,64.001963384278,64.04084911572254,64.00593750000026,64.03608125000038,15.937356250000011,-0.23045053910135552,-0.26675488716081625,0.797345390051914,0.0015241947522611954,15.936081991298483,15.93863050870154,15.936400000000017,15.938362500000014,0,160000,0.0,160000,64.02140625000028,15.937356250000011,310,0.0019375,0,0.0,0,0.0,0,0.0,0,0.0,501,0.00313125,160000,64.02140625000028,15.937356250000011,310,0.0019375,0,0.0,0,0.0,0,0.0,0,0.0,501,0.00313125,0,310,0.0019375,0.001765552991277432,1.6383170901980222,0.10146830206691491,0.0017279756500859882,0.002165387437535255,1.3006269568962254,0.23456466104106982,0.0003739270364274675,0.001624889174383642,0.002250110825616358,0.00169375,0.0021625,0,0.0,7.493776486492083e-37,-3.4626640579743416e-16,1.0,0.0,2.3055230812293166e-05,,0.0,0.0,0.0,0.0,0.0,0.0,1.8723151429367313e-05,0,0.0,2.938735877055719e-39,-2.168404344971009e-17,1.0,0.0,2.3055230812293166e-05,,0.0,0.0,0.0,0.0,0.0,0.0,1.8723151429367313e-05,0,0.0,3.76158192263132e-37,-2.4532694666933986e-16,1.0,0.0,2.3055230812293166e-05,,0.0,0.0,0.0,0.0,0.0,0.0,1.8723151429367313e-05,0,0.0,3.76158192263132e-37,-2.4532694666933986e-16,1.0,0.0,2.3055230812293166e-05,,0.0,0.0,0.0,0.0,0.0,0.0,1.8723151429367313e-05,501,0.00313125,0.0029626033033715747,1.2412102540559729,0.2141835584166062,0.002863405128089803,0.003417341406250738,1.319579257680055,0.22849452668931045,0.00036148256231406634,0.0028290430151011246,0.0034334569848988752,0.0028875,0.00335625,41.71012831452584,44,0.5702514708903651,45,3.1664511132122874,3,0.36666679996119844,4,0.006986043443282468,0.8027564753085608,0.026101196995693174,0.3434684157969533,0.035249796540322,1.0,0.4511973957161216,0.797345390051914,1.0,0.9941849135724058,0.22849452668931045,1.0,0.8340076837015816,0.23456466104106982,1.0,0.8340076837015816,0.5702514708903651,1.0,0.9941849135724058,0.36666679996119844,1.0,0.9777781332298625,0.8027564753085608,1.0,0.9941849135724058,0.3434684157969533,1.0,0.9777781332298625,64,0.4511973957161216,False,,,,,,,,,,,,,,
calibration,hespn,14,bytepos_ab15_db15_a07_d10_off+00,byte_positions,8,160000,'00000000000000000000000000000007,'00000000000000000000000000000010,"byte 15, value 0x07","byte 15, value 0x10, byte offset +0",,64.00827499999991,0.5851308614256685,0.7962796913894608,0.4520245768454828,0.029393232943296592,63.98370164230498,64.03284835769485,63.98716874999988,64.02468124999999,15.93746875000003,-0.05009794324006348,-0.0547865020423767,0.9578394327492779,0.0016133234331600927,15.936119977856551,15.938817522143507,15.936468750000005,15.938531250000025,0,160000,0.0,160000,64.00827499999991,15.93746875000003,286,0.0017875,0,0.0,0,0.0,0,0.0,0,0.0,470,0.0029375,160000,64.00827499999991,15.93746875000003,286,0.0017875,0,0.0,0,0.0,0,0.0,0,0.0,470,0.0029375,0,286,0.0017875,0.001765552991277432,0.20911186380056535,0.8117524206637013,0.0015864739236840868,0.0020069086789258387,0.2686449920587022,0.7959481443092105,0.0002310689445660258,0.0015943215280039065,0.0019806784719960937,0.00165,0.00194375,0,0.0,7.493776486492083e-37,-3.4626640579743416e-16,1.0,0.0,2.3055230812293166e-05,,0.0,0.0,0.0,0.0,0.0,0.0,1.8723151429367313e-05,0,0.0,2.938735877055719e-39,-2.168404344971009e-17,1.0,0.0,2.3055230812293166e-05,,0.0,0.0,0.0,0.0,0.0,0.0,1.8723151429367313e-05,0,0.0,1.003213898765773e-33,-1.266942081559073e-14,1.0,0.0,2.3055230812293166e-05,,0.0,0.0,0.0,0.0,0.0,0.0,1.8723151429367313e-05,0,0.0,3.76158192263132e-37,-2.4532694666933986e-16,1.0,0.0,2.3055230812293166e-05,,0.0,0.0,0.0,0.0,0.0,0.0,1.8723151429367313e-05,470,0.0029375,0.0029626033033715747,-0.1847559316511661,0.872104720583609,0.00267823906723804,0.0032150232764267144,-0.12376766964597945,0.9049781638283889,0.0005736786058910885,0.0024578926831836843,0.0034171073168163158,0.00255,0.0033,23.39300971760548,44,0.9954333701201242,45,0.3313762788721051,3,0.9540233651036117,4,0.02275608837779683,0.776835481913123,0.27035196939762784,0.9201939765617319,0.4520245768454828,1.0,0.9941849135724058,0.9578394327492779,1.0,0.9941849135724058,0.9049781638283889,1.0,0.9941849135724058,0.7959481443092105,1.0,0.9941849135724058,0.9954333701201242,1.0,0.9954333701201242,0.9540233651036117,1.0,0.9941849135724058,0.776835481913123,1.0,0.9941849135724058,0.9201939765617319,1.0,0.9941849135724058,64,0.9941849135724058,False,,,,,,,,,,,,,,
calibration,hespn,14,value_b00_a07_d10,byte_values,8,160000,'07000000000000000000000000000000,'10000000000000000000000000000000,"byte 0, value 0x07, weight 3","byte 0, value 0x10, weight 1",2,63.99652500000018,-0.24571960644938026,-0.41805233790534346,0.6884349229741054,0.02351089413163543,63.97686940061991,64.01618059938045,63.98188750000003,64.01247500000012,15.937162500000008,-0.5410577874842053,-0.5251033290959779,0.6157269100881592,0.0018179167826200492,15.935642683535958,15.938682316464062,15.936037500000026,15.938400000000001,0,160000,0.0,160000,63.99652500000018,15.937162500000008,292,0.001825,0,0.0,0,0.0,0,0.0,0,0.0,475,0.00296875,160000,63.99652500000018,15.937162500000008,292,0.001825,0,0.0,0,0.0,0,0.0,0,0.0,475,0.00296875,0,292,0.001825,0.001765552991277432,0.5664131703999296,0.5714618015165558,0.0016218167471331963,0.00204656081580599,0.9825328726069532,0.35856939843848645,0.00017113069358158482,0.0016819311598327918,0.0019680688401672083,0.00171875,0.00194375,0,0.0,7.493776486492083e-37,-3.4626640579743416e-16,1.0,0.0,2.3055230812293166e-05,,0.0,0.0,0.0,0.0,0.0,0.0,1.8723151429367313e-05,0,0.0,2.938735877055719e-39,-2.168404344971009e-17,1.0,0.0,2.3055230812293166e-05,,0.0,0.0,0.0,0.0,0.0,0.0,1.8723151429367313e-05,0,0.0,1.003213898765773e-33,-1.266942081559073e-14,1.0,0.0,2.3055230812293166e-05,,0.0,0.0,0.0,0.0,0.0,0.0,1.8723151429367313e-05,0,0.0,3.76158192263132e-37,-2.4532694666933986e-16,1.0,0.0,2.3055230812293166e-05,,0.0,0.0,0.0,0.0,0.0,0.0,1.8723151429367313e-05,475,0.00296875,0.0029626033033715747,0.045238614430630514,0.9633047619244136,0.00270808564808411,0.00324767408809889,0.03452827224289597,0.973419856556482,0.0005035144344646791,0.0025478013984449764,0.0033896986015550237,0.00260625,0.00326875,53.95578601421156,44,0.14450754884104144,45,1.8709965139383329,3,0.599608474865565,4,0.005648638205302583,0.5266845710764502,0.09231369482499595,0.7343229660828754,0.6884349229741054,1.0,0.9941849135724058,0.6157269100881592,1.0,0.9941849135724058,0.973419856556482,1.0,0.9941849135724058,0.35856939843848645,1.0,0.9777781332298625,0.14450754884104144,1.0,0.6606059375590466,0.599608474865565,1.0,0.9941849135724058,0.5266845710764502,1.0,0.9941849135724058,0.7343229660828754,1.0,0.9941849135724058,64,0.6606059375590466,False,,,,,,,,,,,,,,
calibration,hespn,14,value_b00_a0F_dF0,byte_values,8,160000,'0F000000000000000000000000000000,'F0000000000000000000000000000000,"byte 0, value 0x0F, weight 4","byte 0, value 0xF0, weight 4",,63.998237500000094,-0.12462757017746397,-0.24958499994825112,0.8100739849144071,0.019973567354417396,63.981539179812216,64.01493582018796,63.98529374999999,64.01093750000015,15.936443750000006,-1.6933104830849584,-1.6462836452438643,0.14370000361140012,0.001814709244745147,15.934926615104724,15.937960884895288,15.935343749999976,15.937706250000016,0,160000,0.0,160000,63.998237500000094,15.936443750000006,282,0.0017625,0,0.0,0,0.0,0,0.0,0,0.0,484,0.003025,160000,63.998237500000094,15.936443750000006,282,0.0017625,0,0.0,0,0.0,0,0.0,0,0.0,484,0.003025,0,282,0.0017625,0.001765552991277432,-0.029089007265677477,1.0,0.0015629247065156117,0.0019804613203480963,-0.02773094412017599,0.978650774297837,0.00031139088893910455,0.0015021707020420347,0.002022829297957965,0.0015625,0.0019625,0,0.0,7.493776486492083e-37,-3.4626640579743416e-16,1.0,0.0,2.3055230812293166e-05,,0.0,0.0,0.0,0.0,0.0,0.0,1.8723151429367313e-05,0,0.0,2.938735877055719e-39,-2.168404344971009e-17,1.0,0.0,2.3055230812293166e-05,,0.0,0.0,0.0,0.0,0.0,0.0,1.8723151429367313e-05,0,0.0,3.135043433643041e-32,-7.082421544802926e-14,1.0,0.0,2.3055230812293166e-05,,0.0,0.0,0.0,0.0,0.0,0.0,1.8723151429367313e-05,0,0.0,3.76158192263132e-37,-2.4532694666933986e-16,1.0,0.0,2.3055230812293166e-05,,0.0,0.0,0.0,0.0,0.0,0.0,1.8723151429367313e-05,484,0.003025,0.0029626033033715747,0.45922879737786443,0.6454656476635874,0.002761828146122175,0.0033064269540394745,0.4048832320371281,0.69765041334538,0.0004358898943540673,0.002660586928793035,0.0033894130712069648,0.0027375,0.00330625,30.295497465451394,44,0.9423497156170555,45,3.267287165023606,3,0.3522216754141719,4,0.0045466862538147855,0.49036167550382165,0.04722500521690716,0.7556000834705145,0.8100739849144071,1.0,0.9941849135724058,0.14370000361140012,1.0,0.6606059375590466,0.69765041334538,1.0,0.9941849135724058,0.978650774297837,1.0,0.9941849135724058,0.9423497156170555,1.0,0.9941849135724058,0.3522216754141719,1.0,0.9777781332298625,0.49036167550382165,1.0,0.9941849135724058,0.7556000834705145,1.0,0.9941849135724058,64,0.6606059375590466,False,,,,,,,,,,,,,,
calibration,hespn,16,bit_a019_d019_off+000,bit_positions,8,160000,'00001000000000000000000000000000,'00001000000000000000000000000000,"single bit 19 (byte 2, bit-in-byte 3, MSB-first)","single bit 19 (byte 2, bit-in-byte 3, offset +0)",,64.01181249999986,0.8352698852669064,0.8259894912178746,0.4360539143358107,0.040449419473138744,63.97799593905254,64.04562906094718,63.98793749999989,64.03964374999975,15.937943750000011,0.71139079469065,0.7384452702082571,0.4842606818353046,0.0016996717120061858,15.936522788888873,15.93936471111115,15.93691875,15.939143750000008,0,160000,0.0,160000,64.01181249999986,15.937943750000011,270,0.0016875,0,0.0,0,0.0,0,0.0,0,0.0,453,0.00283125,160000,64.01181249999986,15.937943750000011,270,0.0016875,0,0.0,0,0.0,0,0.0,0,0.0,453,0.00283125,0,270,0.0016875,0.001765552991277432,-0.743691620464406,0.47485566173691585,0.001492340265850359,0.001901056363970555,-0.7425504387065093,0.4819229268123193,0.00029730936268953443,0.0014389431525951533,0.0019360568474048466,0.0015125,0.00189375,0,0.0,7.493776486492083e-37,-3.4626640579743416e-16,1.0,0.0,2.3055230812293166e-05,,0.0,0.0,0.0,0.0,0.0,0.0,1.8723151429367313e-05,0,0.0,2.938735877055719e-39,-2.168404344971009e-17,1.0,0.0,2.3055230812293166e-05,,0.0,0.0,0.0,0.0,0.0,0.0,1.8723151429367313e-05,0,0.0,3.76158192263132e-37,-2.4532694666933986e-16,1.0,0.0,2.3055230812293166e-05,,0.0,0.0,0.0,0.0,0.0,0.0,1.8723151429367313e-05,0,0.0,3.76158192263132e-37,-2.4532694666933986e-16,1.0,0.0,2.3055230812293166e-05,,0.0,0.0,0.0,0.0,0.0,0.0,1.8723151429367313e-05,453,0.00283125,0.0029626033033715747,-0.9667373883292746,0.345652541033298,0.002576817911607933,0.003103953477623449,-0.7688075539732285,0.4671491210824046,0.0004832460922907558,0.0024272461565491258,0.0032352538434508742,0.0025,0.003125,40.88026327102961,44,0.6061109029455626,45,0.9523352987506507,3,0.8127831824160902,4,0.0005553770521581207,0.07108826267623945,0.02231267557172733,0.35700280914763727,0.4360539143358107,1.0,0.8505424513976616,0.4842606818353046,1.0,0.8505424513976616,0.4671491210824046,1.0,0.8505424513976616,0.4819229268123193,1.0,0.8505424513976616,0.6061109029455626,1.0,0.9281559080287348,0.8127831824160902,1.0,0.9281559080287348,0.07108826267623945,1.0,0.6735956787251042,0.35700280914763727,1.0,0.8505424513976616,64,0.6735956787251042,False,,,,,,,,,,,,,,
calibration,hespn,16,bit_a044_d044_off+000,bit_positions,8,160000,'00000000000800000000000000000000,'00000000000800000000000000000000,"single bit 44 (byte 5, bit-in-byte 4, MSB-first)","single bit 44 (byte 5, bit-in-byte 4, offset +0)",,64.03046249999993,2.154024032184406,1.9052314587384072,0.09844567986738016,0.04522335640228706,63.9926548279013,64.06827017209855,64.00143749999984,64.05954999999992,15.937174999999986,-0.5210186102058358,-0.570401205971418,0.5862400902785877,0.001611565343761103,15.935827697656029,15.938522302343943,15.936099999999962,15.938212499999999,0,160000,0.0,160000,64.03046249999993,15.937174999999986,290,0.0018125,0,0.0,0,0.0,0,0.0,0,0.0,465,0.00290625,160000,64.03046249999993,15.937174999999986,290,0.0018125,0,0.0,0,0.0,0,0.0,0,0.0,465,0.00290625,0,290,0.0018125,0.001765552991277432,0.44731273486680817,0.6550472791369544,0.0016100333080046783,0.0020333459222251944,0.39683791808304514,0.7033075403108365,0.00033461064793919177,0.0015327584977227623,0.002092241502277238,0.00160625,0.0020375,0,0.0,7.493776486492083e-37,-3.4626640579743416e-16,1.0,0.0,2.3055230812293166e-05,,0.0,0.0,0.0,0.0,0.0,0.0,1.8723151429367313e-05,0,0.0,2.938735877055719e-39,-2.168404344971009e-17,1.0,0.0,2.3055230812293166e-05,,0.0,0.0,0.0,0.0,0.0,0.0,1.8723151429367313e-05,0,0.0,3.76158192263132e-37,-2.4532694666933986e-16,1.0,0.0,2.3055230812293166e-05,,0.0,0.0,0.0,0.0,0.0,0.0,1.8723151429367313e-05,0,0.0,3.76158192263132e-37,-2.4532694666933986e-16,1.0,0.0,2.3055230812293166e-05,,0.0,0.0,0.0,0.0,0.0,0.0,1.8723151429367313e-05,465,0.00290625,0.0029626033033715747,-0.4147504777329627,0.695815961468604,0.0026484000376446925,0.0031823649370679103,-0.293307695313123,0.7777918149995214,0.000543426627982104,0.0024519339696362752,0.0033605660303637247,0.002575,0.00326875,41.59777779170816,44,0.5751189963094139,45,4.020671233332059,3,0.2592406442061319,4,0.0004784851013363183,0.06037377346623392,0.10032910767899636,0.7334650334475341,0.09844567986738016,1.0,0.7000581679458144,0.5862400902785877,1.0,0.9281559080287348,0.7777918149995214,1.0,0.9281559080287348,0.7033075403108365,1.0,0.9281559080287348,0.5751189963094139,1.0,0.9281559080287348,0.2592406442061319,1.0,0.8505424513976616,0.06037377346623392,1.0,0.6735956787251042,0.7334650334475341,1.0,0.9281559080287348,64,0.6735956787251042,False,,,,,,,,,,,,,,
calibration,hespn,16,bit_a068_d068_off+000,bit_positions,8,160000,'00000000000000000800000000000000,'00000000000000000800000000000000,"single bit 68 (byte 8, bit-in-byte 4, MSB-first)","single bit 68 (byte 8, bit-in-byte 4, offset +0)",,64.0304375000001,2.152256265243942,2.7954645432758913,0.026697729673427383,0.030796402271256143,64.00469106339041,64.0561839366098,64.01048750000025,64.0501375000002,15.935875000000022,-2.6050930508782493,-5.073438056757097,0.0014415502459099484,0.0009059328262661238,15.935117621203675,15.936632378796373,15.93530625000004,15.936443750000036,0,160000,0.0,160000,64.0304375000001,15.935875000000022,282,0.0017625,0,0.0,0,0.0,0,0.0,0,0.0,455,0.00284375,160000,64.0304375000001,15.935875000000022,282,0.0017625,0,0.0,0,0.0,0,0.0,0,0.0,455,0.00284375,0,282,0.0017625,0.001765552991277432,-0.029089007265677477,1.0,0.0015629247065156117,0.0019804613203480963,-0.03762301212296483,0.9710387321530464,0.0002295181287579947,0.0015706180424650145,0.001954381957534985,0.0016250000000000001,0.00191875,0,0.0,7.493776486492083e-37,-3.4626640579743416e-16,1.0,0.0,2.3055230812293166e-05,,0.0,0.0,0.0,0.0,0.0,0.0,1.8723151429367313e-05,0,0.0,2.938735877055719e-39,-2.168404344971009e-17,1.0,0.0,2.3055230812293166e-05,,0.0,0.0,0.0,0.0,0.0,0.0,1.8723151429367313e-05,0,0.0,3.76158192263132e-37,-2.4532694666933986e-16,1.0,0.0,2.3055230812293166e-05,,0.0,0.0,0.0,0.0,0.0,0.0,1.8723151429367313e-05,0,0.0,3.76158192263132e-37,-2.4532694666933986e-16,1.0,0.0,2.3055230812293166e-05,,0.0,0.0,0.0,0.0,0.0,0.0,1.8723151429367313e-05,455,0.00284375,0.0029626033033715747,-0.874739569896556,0.39475336082127643,0.0025887451227703646,0.0031170251873027617,-0.8491117385081793,0.4239031630717448,0.00039590538191412787,0.002512764817733988,0.003174735182266012,0.0025875,0.00310625,48.01282553117147,44,0.3134710495621584,45,8.000118286456518,3,0.046009261128020944,4,0.00995156999514422,0.5316084276120155,0.005673374672009459,0.09077399475215134,0.026697729673427383,1.0,0.6735956787251042,0.0014415502459099484,0.0922592157382367,0.0922592157382367,0.4239031630717448,1.0,0.8505424513976616,0.9710387321530464,1.0,0.9864520453618248,0.3134710495621584,1.0,0.8505424513976616,0.046009261128020944,1.0,0.6735956787251042,0.5316084276120155,1.0,0.895340509662342,0.09077399475215134,1.0,0.7000581679458144,64,0.0922592157382367,False,,,,,,,,,,,,,,
calibration,hespn,16,bit_a093_d093_off+000,bit_positions,8,160000,'00000000000000000000000400000000,'00000000000000000000000400000000,"single bit 93 (byte 11, bit-in-byte 5, MSB-first)","single bit 93 (byte 11, bit-in-byte 5, offset +0)",,64.00467499999976,0.3305724201880512,0.33922479388536225,0.7443898975028269,0.03897974748859483,63.972087115579455,64.03726288442007,63.97759374999964,64.02864374999977,15.937681250000011,0.2905680710816984,0.2705423659927752,0.7945463319513599,0.0018949062359092876,15.936097068742267,15.939265431257759,15.936400000000042,15.938843750000013,0,160000,0.0,160000,64.00467499999976,15.937681250000011,276,0.001725,0,0.0,0,0.0,0,0.0,0,0.0,439,0.00274375,160000,64.00467499999976,15.937681250000011,276,0.001725,0,0.0,0,0.0,0,0.0,0,0.0,439,0.00274375,0,276,0.001725,0.001765552991277432,-0.3863903138650417,0.7208995081343637,0.0015276204206352588,0.001940770843940161,-0.7254339614983522,0.4917198547142731,0.00015811388300841894,0.0015928134858048493,0.0018571865141951507,0.001625,0.001825,0,0.0,7.493776486492083e-37,-3.4626640579743416e-16,1.0,0.0,2.3055230812293166e-05,,0.0,0.0,0.0,0.0,0.0,0.0,1.8723151429367313e-05,0,0.0,2.938735877055719e-39,-2.168404344971009e-17,1.0,0.0,2.3055230812293166e-05,,0.0,0.0,0.0,0.0,0.0,0.0,1.8723151429367313e-05,0,0.0,3.76158192263132e-37,-2.4532694666933986e-16,1.0,0.0,2.3055230812293166e-05,,0.0,0.0,0.0,0.0,0.0,0.0,1.8723151429367313e-05,0,0.0,3.76158192263132e-37,-2.4532694666933986e-16,1.0,0.0,2.3055230812293166e-05,,0.0,0.0,0.0,0.0,0.0,0.0,1.8723151429367313e-05,439,0.00274375,0.0029626033033715747,-1.610722117358305,0.11243341669787227,0.0024933636606896447,0.003012415400964376,-2.5509368712121434,0.03805153903716374,0.00024266010914740104,0.0025408810719078235,0.0029466189280921767,0.0025875,0.00289375,45.08874524302347,44,0.42617719692631295,45,3.3291070966706804,3,0.34361198174718216,4,0.010695065840209201,0.765028115923916,0.01801926964431934,0.2883083143091094,0.7443898975028269,1.0,0.9281559080287348,0.7945463319513599,1.0,0.9281559080287348,0.03805153903716374,1.0,0.6735956787251042,0.4917198547142731,1.0,0.8505424513976616,0.42617719692631295,1.0,0.8505424513976616,0.34361198174718216,1.0,0.8505424513976616,0.765028115923916,1.0,0.9281559080287348,0.2883083143091094,1.0,0.8505424513976616,64,0.6735956787251042,False,,,,,,,,,,,,,,
calibration,hespn,16,bit_a118_d118_off+000,bit_positions,8,160000,'00000000000000000000000000000200,'00000000000000000000000000000200,"single bit 118 (byte 14, bit-in-byte 6, MSB-first)","single bit 118 (byte 14, bit-in-byte 6, offset +0)",,64.01520625,1.0752442491421925,2.1018054359015403,0.07367452736055827,0.020463249942656688,63.99809854492341,64.0323139550766,64.00044374999996,64.02698749999998,15.937550000000012,0.08015670927864649,0.14732761575471617,0.8870270846758759,0.0009599107101724652,15.93674749456341,15.938352505436612,15.93695,15.938193750000051,0,160000,0.0,160000,64.01520625,15.937550000000012,309,0.00193125,0,0.0,0,0.0,0,0.0,0,0.0,465,0.00290625,160000,64.01520625,15.937550000000012,309,0.00193125,0,0.0,0,0.0,0,0.0,0,0.0,465,0.00290625,0,309,0.00193125,0.001765552991277432,1.5787668724314614,0.11450106470681382,0.0017220729943798303,0.0021587908736659034,1.4466296309787328,0.19125038147379853,0.00032396814217274076,0.00166040585520208,0.00220209414479792,0.00170625,0.0021125,0,0.0,7.493776486492083e-37,-3.4626640579743416e-16,1.0,0.0,2.3055230812293166e-05,,0.0,0.0,0.0,0.0,0.0,0.0,1.8723151429367313e-05,0,0.0,2.938735877055719e-39,-2.168404344971009e-17,1.0,0.0,2.3055230812293166e-05,,0.0,0.0,0.0,0.0,0.0,0.0,1.8723151429367313e-05,0,0.0,3.76158192263132e-37,-2.4532694666933986e-16,1.0,0.0,2.3055230812293166e-05,,0.0,0.0,0.0,0.0,0.0,0.0,1.8723151429367313e-05,0,0.0,3.76158192263132e-37,-2.4532694666933986e-16,1.0,0.0,2.3055230812293166e-05,,0.0,0.0,0.0,0.0,0.0,0.0,1.8723151429367313e-05,465,0.00290625,0.0029626033033715747,-0.4147504777329627,0.695815961468604,0.0026484000376446925,0.0031823649370679103,-0.3499468152032498,0.7366713499073376,0.0004554726744195059,0.0025254653149546554,0.0032870346850453445,0.00266875,0.0032375,55.23594554029119,44,0.11930415738231877,45,4.238462171886446,3,0.23683919344303145,4,0.011987674308193582,0.7818377062121961,0.21402697797284306,0.9662636272817429,0.07367452736055827,1.0,0.6735956787251042,0.8870270846758759,1.0,0.9461622236542676,0.7366713499073376,1.0,0.9281559080287348,0.19125038147379853,1.0,0.8505424513976616,0.11930415738231877,1.0,0.7635466072468401,0.23683919344303145,1.0,0.8505424513976616,0.7818377062121961,1.0,0.9281559080287348,0.9662636272817429,1.0,0.9864520453618248,64,0.6735956787251042,False,,,,,,,,,,,,,,
calibration,hespn,16,bytepos_ab15_db15_a07_d10_off+00,byte_positions,8,160000,'00000000000000000000000000000007,'00000000000000000000000000000010,"byte 15, value 0x07","byte 15, value 0x10, byte offset +0",,64.00771250000011,0.5453561049979289,0.45561253511616806,0.662465281879749,0.04787893773457123,63.9676847063486,64.04774029365161,63.97836249999994,64.0399750000002,15.936387500000018,-1.7834867809814314,-1.288618357173624,0.2384828024253601,0.00244185965433973,15.934346054241308,15.938428945758732,15.934781250000018,15.937893750000022,0,160000,0.0,160000,64.00771250000011,15.936387500000018,279,0.00174375,0,0.0,0,0.0,0,0.0,0,0.0,497,0.00310625,160000,64.00771250000011,15.936387500000018,279,0.00174375,0,0.0,0,0.0,0,0.0,0,0.0,497,0.00310625,0,279,0.00174375,0.001765552991277432,-0.20773966056535959,0.8816172987109558,0.0015452695959833733,0.001960619034220997,-0.17939408240315738,0.8627105550530505,0.0003437581167872882,0.0014563610223857974,0.0020311389776142027,0.001525,0.00196875,0,0.0,7.493776486492083e-37,-3.4626640579743416e-16,1.0,0.0,2.3055230812293166e-05,,0.0,0.0,0.0,0.0,0.0,0.0,1.8723151429367313e-05,0,0.0,2.938735877055719e-39,-2.168404344971009e-17,1.0,0.0,2.3055230812293166e-05,,0.0,0.0,0.0,0.0,0.0,0.0,1.8723151429367313e-05,0,0.0,1.003213898765773e-33,-1.266942081559073e-14,1.0,0.0,2.3055230812293166e-05,,0.0,0.0,0.0,0.0,0.0,0.0,1.8723151429367313e-05,0,0.0,3.76158192263132e-37,-2.4532694666933986e-16,1.0,0.0,2.3055230812293166e-05,,0.0,0.0,0.0,0.0,0.0,0.0,1.8723151429367313e-05,497,0.00310625,0.0029626033033715747,1.0572146171905357,0.28998850786121155,0.0028394973717958674,0.003391251156376403,1.1644533023923438,0.2823865316406718,0.00034891413188429534,0.0028145504858924607,0.0033979495141075395,0.0028875,0.0033250000000000003,47.91144698478007,44,0.31709318425002747,45,4.0264448474423284,3,0.25862268686771056,4,0.015627272076984184,0.9940159250112647,0.026101196995693174,0.4176191519310908,0.662465281879749,1.0,0.9281559080287348,0.2384828024253601,1.0,0.8505424513976616,0.2823865316406718,1.0,0.8505424513976616,0.8627105550530505,1.0,0.9389489423347157,0.31709318425002747,1.0,0.8505424513976616,0.25862268686771056,1.0,0.8505424513976616,0.9940159250112647,1.0,0.9940159250112647,0.4176191519310908,1.0,0.8505424513976616,64,0.8505424513976616,False,,,,,,,,,,,,,,
calibration,hespn,16,value_b00_a07_d10,byte_values,8,160000,'07000000000000000000000000000000,'10000000000000000000000000000000,"byte 0, value 0x07, weight 3","byte 0, value 0x10, weight 1",2,64.00462499999995,0.3270368862950643,0.2787361836646381,0.7885020076511754,0.046931386086356025,63.965389379350675,64.04386062064923,63.97834999999999,64.0364999999998,15.937125000000005,-0.6011753194332231,-0.44588499743813576,0.6691453219279111,0.00237877519508144,15.935136294169064,15.939113705830946,15.93556874999998,15.938675000000032,0,160000,0.0,160000,64.00462499999995,15.937125000000005,297,0.00185625,0,0.0,0,0.0,0,0.0,0,0.0,479,0.00299375,160000,64.00462499999995,15.937125000000005,297,0.00185625,0,0.0,0,0.0,0,0.0,0,0.0,479,0.00299375,0,297,0.00185625,0.001765552991277432,0.8641642592327331,0.38772895449790273,0.0016512860695010725,0.0020795873786375696,1.4085347294716368,0.20180595093900747,0.0001821253492986159,0.0017039893976272381,0.002008510602372762,0.0017375,0.00196875,0,0.0,7.493776486492083e-37,-3.4626640579743416e-16,1.0,0.0,2.3055230812293166e-05,,0.0,0.0,0.0,0.0,0.0,0.0,1.8723151429367313e-05,0,0.0,2.938735877055719e-39,-2.168404344971009e-17,1.0,0.0,2.3055230812293166e-05,,0.0,0.0,0.0,0.0,0.0,0.0,1.8723151429367313e-05,0,0.0,1.003213898765773e-33,-1.266942081559073e-14,1.0,0.0,2.3055230812293166e-05,,0.0,0.0,0.0,0.0,0.0,0.0,1.8723151429367313e-05,0,0.0,3.76158192263132e-37,-2.4532694666933986e-16,1.0,0.0,2.3055230812293166e-05,,0.0,0.0,0.0,0.0,0.0,0.0,1.8723151429367313e-05,479,0.00299375,0.0029626033033715747,0.2292342512960678,0.8180648249345444,0.0027319682698509467,0.0032737893969019367,0.1755819824372699,0.865593556214816,0.0005017380506086532,0.002574286492513459,0.0034132135074865406,0.00268125,0.0033374999999999998,44.244489649328195,44,0.461313615472078,45,0.894980924740456,3,0.8266388555880919,4,0.005562586908683909,0.646174466861541,0.014467952108330934,0.23148723373329494,0.7885020076511754,1.0,0.9281559080287348,0.6691453219279111,1.0,0.9281559080287348,0.865593556214816,1.0,0.9389489423347157,0.20180595093900747,1.0,0.8505424513976616,0.461313615472078,1.0,0.8505424513976616,0.8266388555880919,1.0,0.9281559080287348,0.646174466861541,1.0,0.9281559080287348,0.23148723373329494,1.0,0.8505424513976616,64,0.8505424513976616,False,,,,,,,,,,,,,,
calibration,hespn,16,value_b00_a0F_dF0,byte_values,8,160000,'0F000000000000000000000000000000,'F0000000000000000000000000000000,"byte 0, value 0x0F, weight 4","byte 0, value 0xF0, weight 4",,64.02351874999991,1.663026760996645,1.461984665932398,0.18713793239079848,0.0455005254090276,63.98547935881282,64.061558141187,63.993412499999835,64.05285624999986,15.937931249999995,0.6913516173496304,0.7981203668180274,0.45102343831786906,0.0015282897771359918,15.936653567771996,15.939208932227993,15.936931249999983,15.938856249999992,0,160000,0.0,160000,64.02351874999991,15.937931249999995,271,0.00169375,0,0.0,0,0.0,0,0.0,0,0.0,473,0.00295625,160000,64.02351874999991,15.937931249999995,271,0.00169375,0,0.0,0,0.0,0,0.0,0,0.0,473,0.00295625,0,271,0.00169375,0.001765552991277432,-0.6841414026978452,0.5124454602932287,0.0014982185821374055,0.0019076771443223678,-1.3773587082902443,0.2108279726520051,0.00014744853823816443,0.001570479937169176,0.0018170200628308238,0.00159375,0.0017875,0,0.0,7.493776486492083e-37,-3.4626640579743416e-16,1.0,0.0,2.3055230812293166e-05,,0.0,0.0,0.0,0.0,0.0,0.0,1.8723151429367313e-05,0,0.0,2.938735877055719e-39,-2.168404344971009e-17,1.0,0.0,2.3055230812293166e-05,,0.0,0.0,0.0,0.0,0.0,0.0,1.8723151429367313e-05,0,0.0,3.135043433643041e-32,-7.082421544802926e-14,1.0,0.0,2.3055230812293166e-05,,0.0,0.0,0.0,0.0,0.0,0.0,1.8723151429367313e-05,0,0.0,3.76158192263132e-37,-2.4532694666933986e-16,1.0,0.0,2.3055230812293166e-05,,0.0,0.0,0.0,0.0,0.0,0.0,1.8723151429367313e-05,473,0.00295625,0.0029626033033715747,-0.04675920400208813,0.9816520026169665,0.002696146117256774,0.0032346146591306973,-0.04223506499728353,0.9674907673450674,0.0004254724265029236,0.0026005461498669964,0.0033119538501330038,0.0026875000000000002,0.003225,45.42137378583156,44,0.4125960517347774,45,1.4305842612107402,3,0.6983815296266775,4,0.014384858586500496,0.8134823670194062,0.11333402266556593,0.4430141540188758,0.18713793239079848,1.0,0.8505424513976616,0.45102343831786906,1.0,0.8505424513976616,0.9674907673450674,1.0,0.9864520453618248,0.2108279726520051,1.0,0.8505424513976616,0.4125960517347774,1.0,0.8505424513976616,0.6983815296266775,1.0,0.9281559080287348,0.8134823670194062,1.0,0.9281559080287348,0.4430141540188758,1.0,0.8505424513976616,64,0.8505424513976616,False,,,,,,,,,,,,,,
calibration,spn_null,4,bit_a019_d019_off+000,bit_positions,8,160000,'00001000000000000000000000000000,'00001000000000000000000000000000,"single bit 19 (byte 2, bit-in-byte 3, MSB-first)","single bit 19 (byte 2, bit-in-byte 3, offset +0)",,64.02038750000007,1.4416139501489726,1.080917415830834,0.31556081527002416,0.05334779249683544,63.97578762934995,64.06498737065019,63.989500000000014,64.05540000000009,15.936762499999992,-1.1823114615823813,-0.9731341182244737,0.362905807010555,0.0021435534583149536,15.93497044446221,15.938554555537774,15.93547499999998,15.938243750000021,0,160000,0.0,160000,64.02038750000007,15.936762499999992,304,0.0019,0,0.0,0,0.0,0,0.0,0,0.0,471,0.00294375,160000,64.02038750000007,15.936762499999992,304,0.0019,0,0.0,0,0.0,0,0.0,0,0.0,471,0.00294375,0,304,0.0019,0.001765552991277432,1.281015783598658,0.20031576655018712,0.0016925682596345714,0.0021257995510912293,1.1775618511219685,0.2774517642333744,0.00032293298729878044,0.0016300212663338377,0.002169978733666162,0.0016875,0.00209375,0,0.0,7.493776486492083e-37,-3.4626640579743416e-16,1.0,0.0,2.3055230812293166e-05,,0.0,0.0,0.0,0.0,0.0,0.0,1.8723151429367313e-05,0,0.0,2.938735877055719e-39,-2.168404344971009e-17,1.0,0.0,2.3055230812293166e-05,,0.0,0.0,0.0,0.0,0.0,0.0,1.8723151429367313e-05,0,0.0,3.76158192263132e-37,-2.4532694666933986e-16,1.0,0.0,2.3055230812293166e-05,,0.0,0.0,0.0,0.0,0.0,0.0,1.8723151429367313e-05,0,0.0,3.76158192263132e-37,-2.4532694666933986e-16,1.0,0.0,2.3055230812293166e-05,,0.0,0.0,0.0,0.0,0.0,0.0,1.8723151429367313e-05,471,0.00294375,0.0029626033033715747,-0.13875702243480678,0.9084534870068408,0.0026842077831479116,0.0032215540371551303,-0.1747009368836049,0.8662601843127781,0.0003052370273363684,0.0026885654590907363,0.003198934540909264,0.0027375,0.0031374999999999997,29.032337186222186,44,0.9599846346979145,45,2.6924531432692658,3,0.4415113275026721,4,0.009527904150619694,0.7828310596257795,0.03198683977615851,0.5117894364185361,0.31556081527002416,1.0,0.9754221929616307,0.362905807010555,1.0,0.9754221929616307,0.8662601843127781,1.0,0.9754221929616307,0.2774517642333744,1.0,0.9754221929616307,0.9599846346979145,1.0,0.9754221929616307,0.4415113275026721,1.0,0.9754221929616307,0.7828310596257795,1.0,0.9754221929616307,0.5117894364185361,1.0,0.9754221929616307,64,0.9754221929616307,False,,,,,,,,,,,,,,
calibration,spn_null,4,bit_a044_d044_off+000,bit_positions,8,160000,'00000000000800000000000000000000,'00000000000800000000000000000000,"single bit 44 (byte 5, bit-in-byte 4, MSB-first)","single bit 44 (byte 5, bit-in-byte 4, offset +0)",,63.97553749999999,-1.7297599634784906,-1.9194680018791521,0.09640520458794122,0.03604665379751185,63.94540174327052,64.00567325672945,63.95433750000003,64.00052499999984,15.937299999999983,-0.3206268370633267,-0.33936277806159143,0.7442903630248229,0.0016669047449142924,15.93590643275887,15.938693567241096,15.93624374999996,15.938381249999996,0,160000,0.0,160000,63.97553749999999,15.937299999999983,274,0.0017125,0,0.0,0,0.0,0,0.0,0,0.0,478,0.0029875,160000,63.97553749999999,15.937299999999983,274,0.0017125,0,0.0,0,0.0,0,0.0,0,0.0,478,0.0029875,0,274,0.0017125,0.001765552991277432,-0.5054907493981631,0.6338191903000874,0.001515857648814986,0.001927535389662819,-0.5959841447462126,0.5699469199561503,0.0002517793818859224,0.0015020071691083721,0.001922992830891628,0.00154375,0.00186875,0,0.0,7.493776486492083e-37,-3.4626640579743416e-16,1.0,0.0,2.3055230812293166e-05,,0.0,0.0,0.0,0.0,0.0,0.0,1.8723151429367313e-05,0,0.0,2.938735877055719e-39,-2.168404344971009e-17,1.0,0.0,2.3055230812293166e-05,,0.0,0.0,0.0,0.0,0.0,0.0,1.8723151429367313e-05,0,0.0,3.76158192263132e-37,-2.4532694666933986e-16,1.0,0.0,2.3055230812293166e-05,,0.0,0.0,0.0,0.0,0.0,0.0,1.8723151429367313e-05,0,0.0,3.76158192263132e-37,-2.4532694666933986e-16,1.0,0.0,2.3055230812293166e-05,,0.0,0.0,0.0,0.0,0.0,0.0,1.8723151429367313e-05,478,0.0029875,0.0029626033033715747,0.18323534207970849,0.85399174872881,0.002725997171720823,0.0032672610110291503,0.24924529724460162,0.8103264551847961,0.0002825268634509444,0.00275130163123259,0.0032236983687674104,0.0028062499999999997,0.0031625,49.110934746847775,44,0.2757421596601229,45,0.7265021896425554,3,0.8669533655774215,4,0.005230086917916679,0.39459494829981534,0.01801926964431934,0.2883083143091094,0.09640520458794122,1.0,0.9754221929616307,0.7442903630248229,1.0,0.9754221929616307,0.8103264551847961,1.0,0.9754221929616307,0.5699469199561503,1.0,0.9754221929616307,0.2757421596601229,1.0,0.9754221929616307,0.8669533655774215,1.0,0.9754221929616307,0.39459494829981534,1.0,0.9754221929616307,0.2883083143091094,1.0,0.9754221929616307,64,0.9754221929616307,False,,,,,,,,,,,,,,
calibration,spn_null,4,bit_a068_d068_off+000,bit_positions,8,160000,'00000000000000000800000000000000,'00000000000000000800000000000000,"single bit 68 (byte 8, bit-in-byte 4, MSB-first)","single bit 68 (byte 8, bit-in-byte 4, offset +0)",,64.02302500000002,1.6281133636833183,2.2102006615226775,0.06277864602766813,0.029465439804215048,63.99839127585867,64.04765872414136,64.00259375000014,64.04062500000012,15.9381,0.9618805111073956,1.4888258893687365,0.18014076682936317,0.0011398621470528783,15.93714705139729,15.939052948602708,15.937449999999995,15.938906249999999,0,160000,0.0,160000,64.02302500000002,15.9381,277,0.00173125,0,0.0,0,0.0,0,0.0,0,0.0,474,0.0029625,160000,64.02302500000002,15.9381,277,0.00173125,0,0.0,0,0.0,0,0.0,0,0.0,474,0.0029625,0,277,0.00173125,0.001765552991277432,-0.32684009609848097,0.7659244125703408,0.001533502813690865,0.0019473875692615518,-0.3222152075069162,0.7566992764855752,0.00030111400309042896,0.0014795123936207277,0.001982987606379272,0.00154375,0.001925,0,0.0,7.493776486492083e-37,-3.4626640579743416e-16,1.0,0.0,2.3055230812293166e-05,,0.0,0.0,0.0,0.0,0.0,0.0,1.8723151429367313e-05,0,0.0,2.938735877055719e-39,-2.168404344971009e-17,1.0,0.0,2.3055230812293166e-05,,0.0,0.0,0.0,0.0,0.0,0.0,1.8723151429367313e-05,0,0.0,3.76158192263132e-37,-2.4532694666933986e-16,1.0,0.0,2.3055230812293166e-05,,0.0,0.0,0.0,0.0,0.0,0.0,1.8723151429367313e-05,0,0.0,3.76158192263132e-37,-2.4532694666933986e-16,1.0,0.0,2.3055230812293166e-05,,0.0,0.0,0.0,0.0,0.0,0.0,1.8723151429367313e-05,474,0.0029625,0.0029626033033715747,-0.0007602947857288064,1.0,0.002702115733553153,0.003241144522270632,-0.0008177122091302496,0.999370375660678,0.000357321383950879,0.002663771847271382,0.0032612281527286176,0.00273125,0.00319375,41.33457981496505,44,0.5865102490975633,45,2.716986431541498,3,0.4373483423234267,4,0.006381448820287067,0.6447920986209598,0.11333402266556593,0.9399889579884325,0.06277864602766813,1.0,0.9754221929616307,0.18014076682936317,1.0,0.9754221929616307,0.999370375660678,1.0,0.999370375660678,0.7566992764855752,1.0,0.9754221929616307,0.5865102490975633,1.0,0.9754221929616307,0.4373483423234267,1.0,0.9754221929616307,0.6447920986209598,1.0,0.9754221929616307,0.9399889579884325,1.0,0.9754221929616307,64,0.9754221929616307,False,,,,,,,,,,,,,,
calibration,spn_null,4,bit_a093_d093_off+000,bit_positions,8,160000,'00000000000000000000000400000000,'00000000000000000000000400000000,"single bit 93 (byte 11, bit-in-byte 5, MSB-first)","single bit 93 (byte 11, bit-in-byte 5, offset +0)",,63.996187500000154,-0.26958446031647454,-0.2383991504450329,0.8183999806955932,0.045232453188483054,63.95837222279794,64.03400277720236,63.968162500000034,64.02527500000032,15.937162499999989,-0.5410577875155304,-0.5850832409935397,0.5768570360125581,0.001631552722340056,15.935798487789368,15.938526512210606,15.936124999999974,15.938231249999998,0,160000,0.0,160000,63.996187500000154,15.937162499999989,268,0.001675,0,0.0,0,0.0,0,0.0,0,0.0,493,0.00308125,160000,63.996187500000154,15.937162499999989,268,0.001675,0,0.0,0,0.0,0,0.0,0,0.0,493,0.00308125,0,268,0.001675,0.001765552991277432,-0.8627920559975273,0.4044242221453734,0.0014805857150889889,0.0018878127327094675,-1.1140276051219387,0.3020510770946452,0.000229906813420444,0.0014827930939552904,0.0018672069060447097,0.0015249999999999999,0.001825,0,0.0,7.493776486492083e-37,-3.4626640579743416e-16,1.0,0.0,2.3055230812293166e-05,,0.0,0.0,0.0,0.0,0.0,0.0,1.8723151429367313e-05,0,0.0,2.938735877055719e-39,-2.168404344971009e-17,1.0,0.0,2.3055230812293166e-05,,0.0,0.0,0.0,0.0,0.0,0.0,1.8723151429367313e-05,0,0.0,3.76158192263132e-37,-2.4532694666933986e-16,1.0,0.0,2.3055230812293166e-05,,0.0,0.0,0.0,0.0,0.0,0.0,1.8723151429367313e-05,0,0.0,3.76158192263132e-37,-2.4532694666933986e-16,1.0,0.0,2.3055230812293166e-05,,0.0,0.0,0.0,0.0,0.0,0.0,1.8723151429367313e-05,493,0.00308125,0.0029626033033715747,0.8732189803250984,0.38204680179047823,0.002815594060818528,0.0033651564743102484,0.6501995054019097,0.5363109869293393,0.000516123946907551,0.0026497595822311854,0.003512740417768815,0.00274375,0.003425,29.016152190864215,44,0.9601812211966052,45,1.7395834765524514,3,0.628169634650517,4,0.004072240968038718,0.2980711869133853,0.05689574259212015,0.7684336209765789,0.8183999806955932,1.0,0.9754221929616307,0.5768570360125581,1.0,0.9754221929616307,0.5363109869293393,1.0,0.9754221929616307,0.3020510770946452,1.0,0.9754221929616307,0.9601812211966052,1.0,0.9754221929616307,0.628169634650517,1.0,0.9754221929616307,0.2980711869133853,1.0,0.9754221929616307,0.7684336209765789,1.0,0.9754221929616307,64,0.9754221929616307,False,,,,,,,,,,,,,,
calibration,spn_null,4,bit_a118_d118_off+000,bit_positions,8,160000,'00000000000000000000000000000200,'00000000000000000000000000000200,"single bit 118 (byte 14, bit-in-byte 6, MSB-first)","single bit 118 (byte 14, bit-in-byte 6, offset +0)",,64.01428124999983,1.0098368718697146,3.9098692864249167,0.0058244131672473,0.010331157365039008,64.005644186298,64.02291831370165,64.00789999999995,64.02093124999979,15.938293749999994,1.2724877594760067,1.2382228091054044,0.25554636187044727,0.0018131341255685455,15.936777931937296,15.939809568062689,15.937081249999977,15.939418750000016,0,160000,0.0,160000,64.01428124999983,15.938293749999994,293,0.00183125,0,0.0,0,0.0,0,0.0,0,0.0,483,0.00301875,160000,64.01428124999983,15.938293749999994,293,0.00183125,0,0.0,0,0.0,0,0.0,0,0.0,483,0.00301875,0,293,0.00183125,0.001765552991277432,0.6259633881664902,0.531663107686646,0.001627709392211014,0.0020531673417140037,0.5985332443802862,0.5683380402898298,0.0003104576115533787,0.0015717009414621854,0.0020907990585378143,0.00160625,0.0020062500000000002,0,0.0,7.493776486492083e-37,-3.4626640579743416e-16,1.0,0.0,2.3055230812293166e-05,,0.0,0.0,0.0,0.0,0.0,0.0,1.8723151429367313e-05,0,0.0,2.938735877055719e-39,-2.168404344971009e-17,1.0,0.0,2.3055230812293166e-05,,0.0,0.0,0.0,0.0,0.0,0.0,1.8723151429367313e-05,0,0.0,3.76158192263132e-37,-2.4532694666933986e-16,1.0,0.0,2.3055230812293166e-05,,0.0,0.0,0.0,0.0,0.0,0.0,1.8723151429367313e-05,0,0.0,3.76158192263132e-37,-2.4532694666933986e-16,1.0,0.0,2.3055230812293166e-05,,0.0,0.0,0.0,0.0,0.0,0.0,1.8723151429367313e-05,483,0.00301875,0.0029626033033715747,0.4132298881615051,0.6788278098173766,0.0027558555891433628,0.0032999000225659826,0.3988576042243423,0.7018854681162519,0.00039815422352938284,0.002685884739094203,0.0033516152609057966,0.0027437499999999997,0.00325625,36.0157874893477,44,0.7985832937032921,45,2.8555294036263374,3,0.414440176828763,4,0.010542532075275354,0.6853076336462561,0.012239683066847763,0.1958349290695642,0.0058244131672473,0.3727624427038272,0.3727624427038272,0.25554636187044727,1.0,0.9754221929616307,0.7018854681162519,1.0,0.9754221929616307,0.5683380402898298,1.0,0.9754221929616307,0.7985832937032921,1.0,0.9754221929616307,0.414440176828763,1.0,0.9754221929616307,0.6853076336462561,1.0,0.9754221929616307,0.1958349290695642,1.0,0.9754221929616307,64,0.3727624427038272,False,,,,,,,,,,,,,,
calibration,spn_null,4,bytepos_ab15_db15_a07_d10_off+00,byte_positions,8,160000,'00000000000000000000000000000007,'00000000000000000000000000000010,"byte 15, value 0x07","byte 15, value 0x10, byte offset +0",,64.00123749999996,0.08750446416896217,0.06511946237896729,0.9498995905555913,0.05375011461778903,63.956301279639476,64.04617372036041,63.966424999999994,64.03533750000004,15.937056249999998,-0.7113907946764113,-0.5528611118379182,0.5975625912585868,0.0022702167139955725,15.935158301330464,15.938954198669531,15.935568750000034,15.938462500000004,0,160000,0.0,160000,64.00123749999996,15.937056249999998,277,0.00173125,0,0.0,0,0.0,0,0.0,0,0.0,480,0.003,160000,64.00123749999996,15.937056249999998,277,0.00173125,0,0.0,0,0.0,0,0.0,0,0.0,480,0.003,0,277,0.00173125,0.001765552991277432,-0.32684009609848097,0.7659244125703408,0.001533502813690865,0.0019473875692615518,-0.481107145374347,0.6451145609842162,0.0002016671585983768,0.0015626520362061397,0.0018998479637938601,0.0016,0.0018625,0,0.0,7.493776486492083e-37,-3.4626640579743416e-16,1.0,0.0,2.3055230812293166e-05,,0.0,0.0,0.0,0.0,0.0,0.0,1.8723151429367313e-05,0,0.0,2.938735877055719e-39,-2.168404344971009e-17,1.0,0.0,2.3055230812293166e-05,,0.0,0.0,0.0,0.0,0.0,0.0,1.8723151429367313e-05,0,0.0,1.003213898765773e-33,-1.266942081559073e-14,1.0,0.0,2.3055230812293166e-05,,0.0,0.0,0.0,0.0,0.0,0.0,1.8723151429367313e-05,0,0.0,3.76158192263132e-37,-2.4532694666933986e-16,1.0,0.0,2.3055230812293166e-05,,0.0,0.0,0.0,0.0,0.0,0.0,1.8723151429367313e-05,480,0.003,0.0029626033033715747,0.27523316051242713,0.7825160124064139,0.0027379396615704386,0.0032803174900844726,0.36905690252490636,0.7229954310749855,0.00028660575211055553,0.002760391594976157,0.003239608405023843,0.0028062499999999997,0.00318125,43.086832532487634,44,0.5106742674859457,45,1.0258810855803053,3,0.7949898369662951,4,0.0005763224074400302,0.07376926815232386,0.020065892947241766,0.32105428715586826,0.9498995905555913,1.0,0.9754221929616307,0.5975625912585868,1.0,0.9754221929616307,0.7229954310749855,1.0,0.9754221929616307,0.6451145609842162,1.0,0.9754221929616307,0.5106742674859457,1.0,0.9754221929616307,0.7949898369662951,1.0,0.9754221929616307,0.07376926815232386,1.0,0.9754221929616307,0.32105428715586826,1.0,0.9754221929616307,64,0.9754221929616307,False,,,,,,,,,,,,,,
calibration,spn_null,4,value_b00_a07_d10,byte_values,8,160000,'07000000000000000000000000000000,'10000000000000000000000000000000,"byte 0, value 0x07, weight 3","byte 0, value 0x10, weight 1",2,63.99739375000009,-0.18428970484017537,-0.37684192962410223,0.7174547820018559,0.019561486167263917,63.9810399383061,64.0137475616941,63.98363125,64.00898125000009,15.93698750000002,-0.8216062698711881,-0.9682638368090029,0.3651686360432872,0.0014970804921850768,15.93573590938719,15.93823909061285,15.935943749999991,15.93783750000002,0,160000,0.0,160000,63.99739375000009,15.93698750000002,279,0.00174375,0,0.0,0,0.0,0,0.0,0,0.0,488,0.00305,160000,63.99739375000009,15.93698750000002,279,0.00174375,0,0.0,0,0.0,0,0.0,0,0.0,488,0.00305,0,279,0.00174375,0.001765552991277432,-0.20773966056535959,0.8816172987109558,0.0015452695959833733,0.001960619034220997,-0.21760531663080845,0.833943668484552,0.0002833946012188658,0.0015068261843041194,0.0019806738156958807,0.00155,0.0019187499999999999,0,0.0,7.493776486492083e-37,-3.4626640579743416e-16,1.0,0.0,2.3055230812293166e-05,,0.0,0.0,0.0,0.0,0.0,0.0,1.8723151429367313e-05,0,0.0,2.938735877055719e-39,-2.168404344971009e-17,1.0,0.0,2.3055230812293166e-05,,0.0,0.0,0.0,0.0,0.0,0.0,1.8723151429367313e-05,0,0.0,1.003213898765773e-33,-1.266942081559073e-14,1.0,0.0,2.3055230812293166e-05,,0.0,0.0,0.0,0.0,0.0,0.0,1.8723151429367313e-05,0,0.0,3.76158192263132e-37,-2.4532694666933986e-16,1.0,0.0,2.3055230812293166e-05,,0.0,0.0,0.0,0.0,0.0,0.0,1.8723151429367313e-05,488,0.00305,0.0029626033033715747,0.6432244342433017,0.5195110769294156,0.0027857212557867257,0.003332531806901262,0.7266855455986435,0.4909990658959092,0.00034016802570830453,0.002765612413638384,0.0033343875863616162,0.00285,0.0032875,29.66242199612018,44,0.9517658578658719,45,3.905370591179216,3,0.2718653677162054,4,0.03594900876067291,0.7846158283258092,0.08120153140152415,0.7998452106750811,0.7174547820018559,1.0,0.9754221929616307,0.3651686360432872,1.0,0.9754221929616307,0.4909990658959092,1.0,0.9754221929616307,0.833943668484552,1.0,0.9754221929616307,0.9517658578658719,1.0,0.9754221929616307,0.2718653677162054,1.0,0.9754221929616307,0.7846158283258092,1.0,0.9754221929616307,0.7998452106750811,1.0,0.9754221929616307,64,0.9754221929616307,False,,,,,,,,,,,,,,
calibration,spn_null,4,value_b00_a0F_dF0,byte_values,8,160000,'0F000000000000000000000000000000,'F0000000000000000000000000000000,"byte 0, value 0x0F, weight 4","byte 0, value 0xF0, weight 4",,64.01186874999989,0.8392473609130968,0.8482840992818174,0.42433386841972076,0.039573881515621176,63.97878415710275,64.04495334289706,63.98644999999996,64.0378937499999,15.937100000000012,-0.6412536740526121,-0.5499984653926712,0.5994220220079266,0.002057043648409048,15.935380268473235,15.938819731526785,15.935737500000002,15.938362500000016,0,160000,0.0,160000,64.01186874999989,15.937100000000012,296,0.00185,0,0.0,0,0.0,0,0.0,0,0.0,449,0.00280625,160000,64.01186874999989,15.937100000000012,296,0.00185,0,0.0,0,0.0,0,0.0,0,0.0,449,0.00280625,0,296,0.00185,0.001765552991277432,0.8046140414661723,0.42129548044042286,0.001645390991818801,0.002072983273276765,1.5106340160014395,0.1746315804098885,0.000158113883008419,0.0017178134858048494,0.001982186514195151,0.00175,0.00195625,0,0.0,7.493776486492083e-37,-3.4626640579743416e-16,1.0,0.0,2.3055230812293166e-05,,0.0,0.0,0.0,0.0,0.0,0.0,1.8723151429367313e-05,0,0.0,2.938735877055719e-39,-2.168404344971009e-17,1.0,0.0,2.3055230812293166e-05,,0.0,0.0,0.0,0.0,0.0,0.0,1.8723151429367313e-05,0,0.0,3.135043433643041e-32,-7.082421544802926e-14,1.0,0.0,2.3055230812293166e-05,,0.0,0.0,0.0,0.0,0.0,0.0,1.8723151429367313e-05,0,0.0,3.76158192263132e-37,-2.4532694666933986e-16,1.0,0.0,2.3055230812293166e-05,,0.0,0.0,0.0,0.0,0.0,0.0,1.8723151429367313e-05,449,0.00280625,0.0029626033033715747,-1.1507330251947119,0.25968987716649483,0.0025529673276511343,0.003077806232339213,-1.7027223309467567,0.13240382803766967,0.00025972169170644405,0.002589117231932351,0.0030233827680676492,0.0026375,0.002975,32.92939563207114,44,0.8895291163541098,45,3.1092784914534928,3,0.37508153534943145,4,0.02216636142870986,0.8691423431601797,0.04722500521690716,0.7556000834705145,0.42433386841972076,1.0,0.9754221929616307,0.5994220220079266,1.0,0.9754221929616307,0.13240382803766967,1.0,0.9754221929616307,0.1746315804098885,1.0,0.9754221929616307,0.8895291163541098,1.0,0.9754221929616307,0.37508153534943145,1.0,0.9754221929616307,0.8691423431601797,1.0,0.9754221929616307,0.7556000834705145,1.0,0.9754221929616307,64,0.9754221929616307,False,,,,,,,,,,,,,,
calibration,spn_null,6,bit_a019_d019_off+000,bit_positions,8,160000,'00001000000000000000000000000000,'00001000000000000000000000000000,"single bit 19 (byte 2, bit-in-byte 3, MSB-first)","single bit 19 (byte 2, bit-in-byte 3, offset +0)",,64.00681249999992,0.48171649467797356,0.6734166598552346,0.5222875142646538,0.028613280507882234,63.98289119885887,64.03073380114097,63.988156249999975,64.02522499999989,15.937793750000012,0.47092066691451306,0.5097394593108019,0.62590759437642,0.0016299512481438706,15.936431076655328,15.939156423344699,15.936650000000032,15.938768749999987,0,160000,0.0,160000,64.00681249999992,15.937793750000012,268,0.001675,0,0.0,0,0.0,0,0.0,0,0.0,494,0.0030875,160000,64.00681249999992,15.937793750000012,268,0.001675,0,0.0,0,0.0,0,0.0,0,0.0,494,0.0030875,0,268,0.001675,0.001765552991277432,-0.8627920559975273,0.4044242221453734,0.0014805857150889889,0.0018878127327094675,-1.0215755176556247,0.34098341226384044,0.0002507132682112034,0.0014653984624452727,0.0018846015375547274,0.00151875,0.0018375,0,0.0,7.493776486492083e-37,-3.4626640579743416e-16,1.0,0.0,2.3055230812293166e-05,,0.0,0.0,0.0,0.0,0.0,0.0,1.8723151429367313e-05,0,0.0,2.938735877055719e-39,-2.168404344971009e-17,1.0,0.0,2.3055230812293166e-05,,0.0,0.0,0.0,0.0,0.0,0.0,1.8723151429367313e-05,0,0.0,3.76158192263132e-37,-2.4532694666933986e-16,1.0,0.0,2.3055230812293166e-05,,0.0,0.0,0.0,0.0,0.0,0.0,1.8723151429367313e-05,0,0.0,3.76158192263132e-37,-2.4532694666933986e-16,1.0,0.0,2.3055230812293166e-05,,0.0,0.0,0.0,0.0,0.0,0.0,1.8723151429367313e-05,494,0.0030875,0.0029626033033715747,0.9192178895414577,0.35750153859997147,0.002821569468876664,0.0033716805632680903,1.0948526693693155,0.30981654845919454,0.000322656385117578,0.0028177525115442915,0.0033572474884557084,0.0028875,0.00330625,51.439999707946875,44,0.20538227445834165,45,2.4122832234049585,3,0.49135220045558314,4,0.00188668042081981,0.24149509386493567,0.010918002965150319,0.1746880474424051,0.5222875142646538,1.0,0.8889764615758666,0.62590759437642,1.0,0.8889764615758666,0.30981654845919454,1.0,0.8889764615758666,0.34098341226384044,1.0,0.8889764615758666,0.20538227445834165,1.0,0.8889764615758666,0.49135220045558314,1.0,0.8889764615758666,0.24149509386493567,1.0,0.8889764615758666,0.1746880474424051,1.0,0.8889764615758666,64,0.8889764615758666,False,,,,,,,,,,,,,,
calibration,spn_null,6,bit_a044_d044_off+000,bit_positions,8,160000,'00000000000800000000000000000000,'00000000000800000000000000000000,"single bit 44 (byte 5, bit-in-byte 4, MSB-first)","single bit 44 (byte 5, bit-in-byte 4, offset +0)",,64.00027499999996,0.01944543647975857,0.018633441495757453,0.9856535174360216,0.041743091815188295,63.965376901908954,64.03517309809097,63.97230624999999,64.02475000000004,15.93726874999999,-0.370724780337563,-0.2995709420493363,0.7732039825406656,0.0021833685475294677,15.935443408214628,15.939094091785353,15.93590624999998,15.938643749999992,0,160000,0.0,160000,64.00027499999996,15.93726874999999,256,0.0016,0,0.0,0,0.0,0,0.0,0,0.0,422,0.0026375,160000,64.00027499999996,15.93726874999999,256,0.0016,0,0.0,0,0.0,0,0.0,0,0.0,422,0.0026375,0,256,0.0016,0.001765552991277432,-1.5773946691962557,0.12140347370754019,0.0014101183738791053,0.0018082913121207117,-2.736239544829065,0.02907556364041509,0.00017113069358158482,0.0014569311598327918,0.0017430688401672083,0.00149375,0.0017125,0,0.0,7.493776486492083e-37,-3.4626640579743416e-16,1.0,0.0,2.3055230812293166e-05,,0.0,0.0,0.0,0.0,0.0,0.0,1.8723151429367313e-05,0,0.0,2.938735877055719e-39,-2.168404344971009e-17,1.0,0.0,2.3055230812293166e-05,,0.0,0.0,0.0,0.0,0.0,0.0,1.8723151429367313e-05,0,0.0,3.76158192263132e-37,-2.4532694666933986e-16,1.0,0.0,2.3055230812293166e-05,,0.0,0.0,0.0,0.0,0.0,0.0,1.8723151429367313e-05,0,0.0,3.76158192263132e-37,-2.4532694666933986e-16,1.0,0.0,2.3055230812293166e-05,,0.0,0.0,0.0,0.0,0.0,0.0,1.8723151429367313e-05,422,0.0026375,0.0029626033033715747,-2.3927035740364135,0.01672206064839764,0.00239211483415135,0.0029011738402787077,-2.083281772668552,0.07571737533369952,0.0004413858046782073,0.0022684922327786535,0.0030065077672213466,0.00235,0.00290625,45.767946324038924,44,0.39862559058186003,45,3.958880900085696,3,0.265938619289404,4,0.005477720279533165,0.35600556215577017,0.02477522033939568,0.23132145016897132,0.9856535174360216,1.0,0.9856535174360216,0.7732039825406656,1.0,0.9664866082320205,0.07571737533369952,1.0,0.8889764615758666,0.02907556364041509,1.0,0.8889764615758666,0.39862559058186003,1.0,0.8889764615758666,0.265938619289404,1.0,0.8889764615758666,0.35600556215577017,1.0,0.8889764615758666,0.23132145016897132,1.0,0.8889764615758666,64,0.8889764615758666,False,,,,,,,,,,,,,,
calibration,spn_null,6,bit_a068_d068_off+000,bit_positions,8,160000,'00000000000000000800000000000000,'00000000000000000800000000000000,"single bit 68 (byte 8, bit-in-byte 4, MSB-first)","single bit 68 (byte 8, bit-in-byte 4, offset +0)",,64.01683750000011,1.1905910428304687,1.3522675862204667,0.2183465822139894,0.0352176168374522,63.98739483551406,64.04628016448616,63.99408750000012,64.03994375000006,15.937881250000004,0.6111949081051568,0.8641653378449227,0.41612396222435116,0.0012478374150129035,15.936838031814261,15.938924468185746,15.937175000000007,15.938762500000015,0,160000,0.0,160000,64.01683750000011,15.937881250000004,261,0.00163125,0,0.0,0,0.0,0,0.0,0,0.0,447,0.00279375,160000,64.01683750000011,15.937881250000004,261,0.00163125,0,0.0,0,0.0,0,0.0,0,0.0,447,0.00279375,0,261,0.00163125,0.001765552991277432,-1.2796435803634523,0.21097855644946445,0.0014394670596299972,0.0018414378730041338,-1.4743452809560869,0.1838856613370869,0.0002576507880279596,0.001415848550734244,0.0018466514492657563,0.00148125,0.0018125,0,0.0,7.493776486492083e-37,-3.4626640579743416e-16,1.0,0.0,2.3055230812293166e-05,,0.0,0.0,0.0,0.0,0.0,0.0,1.8723151429367313e-05,0,0.0,2.938735877055719e-39,-2.168404344971009e-17,1.0,0.0,2.3055230812293166e-05,,0.0,0.0,0.0,0.0,0.0,0.0,1.8723151429367313e-05,0,0.0,3.76158192263132e-37,-2.4532694666933986e-16,1.0,0.0,2.3055230812293166e-05,,0.0,0.0,0.0,0.0,0.0,0.0,1.8723151429367313e-05,0,0.0,3.76158192263132e-37,-2.4532694666933986e-16,1.0,0.0,2.3055230812293166e-05,,0.0,0.0,0.0,0.0,0.0,0.0,1.8723151429367313e-05,447,0.00279375,0.0029626033033715747,-1.2427308436274305,0.22278131683330243,0.002541043971911992,0.00306473067977126,-1.7081873092972804,0.13135569230453475,0.000279588345352847,0.002560008293841187,0.0030274917061588135,0.0026125,0.0029625,31.87426565998857,44,0.9134255670805488,45,1.6909313997742397,3,0.6389518317576541,4,0.01673375965610047,0.9161337176604403,0.0712955109011778,0.8434672311709667,0.2183465822139894,1.0,0.8889764615758666,0.41612396222435116,1.0,0.8889764615758666,0.13135569230453475,1.0,0.8889764615758666,0.1838856613370869,1.0,0.8889764615758666,0.9134255670805488,1.0,0.9664866082320205,0.6389518317576541,1.0,0.8889764615758666,0.9161337176604403,1.0,0.9664866082320205,0.8434672311709667,1.0,0.9664866082320205,64,0.8889764615758666,False,,,,,,,,,,,,,,
calibration,spn_null,6,bit_a093_d093_off+000,bit_positions,8,160000,'00000000000000000000000400000000,'00000000000000000000000400000000,"single bit 93 (byte 11, bit-in-byte 5, MSB-first)","single bit 93 (byte 11, bit-in-byte 5, offset +0)",,63.98911249999987,-0.7698625080260815,-0.6242181699149025,0.5522766031906793,0.049332912441849085,63.94786915307356,64.03035584692618,63.95844999999991,64.02207499999986,15.937581250000015,0.13025465256996926,0.12701657966565053,0.9024989103462142,0.0018092890276870742,15.936068646519592,15.939093853480435,15.936650000000004,15.938918750000004,0,160000,0.0,160000,63.98911249999987,15.937581250000015,271,0.00169375,0,0.0,0,0.0,0,0.0,0,0.0,463,0.00289375,160000,63.98911249999987,15.937581250000015,271,0.00169375,0,0.0,0,0.0,0,0.0,0,0.0,463,0.00289375,0,271,0.00169375,0.001765552991277432,-0.6841414026978452,0.5124454602932287,0.0014982185821374055,0.0019076771443223678,-0.6895648879481655,0.5126711770822406,0.000294518371971209,0.0014475264792277477,0.0019399735207722521,0.0014937499999999999,0.001875,0,0.0,7.493776486492083e-37,-3.4626640579743416e-16,1.0,0.0,2.3055230812293166e-05,,0.0,0.0,0.0,0.0,0.0,0.0,1.8723151429367313e-05,0,0.0,2.938735877055719e-39,-2.168404344971009e-17,1.0,0.0,2.3055230812293166e-05,,0.0,0.0,0.0,0.0,0.0,0.0,1.8723151429367313e-05,0,0.0,3.76158192263132e-37,-2.4532694666933986e-16,1.0,0.0,2.3055230812293166e-05,,0.0,0.0,0.0,0.0,0.0,0.0,1.8723151429367313e-05,0,0.0,3.76158192263132e-37,-2.4532694666933986e-16,1.0,0.0,2.3055230812293166e-05,,0.0,0.0,0.0,0.0,0.0,0.0,1.8723151429367313e-05,463,0.00289375,0.0029626033033715747,-0.5067482961656814,0.6291128046691189,0.0026364665673331692,0.0031692994665386436,-0.5134091815703439,0.6234678121038789,0.00037932035085324456,0.002576630250686765,0.003210869749313235,0.00265,0.00313125,43.62335314509938,44,0.48766358950708266,45,0.7022418156521419,3,0.8726765250945991,4,0.0048397580146291065,0.5591650425898425,0.08120153140152415,0.9211825484711446,0.5522766031906793,1.0,0.8889764615758666,0.9024989103462142,1.0,0.9664866082320205,0.6234678121038789,1.0,0.8889764615758666,0.5126711770822406,1.0,0.8889764615758666,0.48766358950708266,1.0,0.8889764615758666,0.8726765250945991,1.0,0.9664866082320205,0.5591650425898425,1.0,0.8889764615758666,0.9211825484711446,1.0,0.9664866082320205,64,0.8889764615758666,False,,,,,,,,,,,,,,
calibration,spn_null,6,bit_a118_d118_off+000,bit_positions,8,160000,'00000000000000000000000000000200,'00000000000000000000000000000200,"single bit 118 (byte 14, bit-in-byte 6, MSB-first)","single bit 118 (byte 14, bit-in-byte 6, offset +0)",,64.00878749999991,0.621370083961426,0.4384866065442216,0.6742475395037965,0.05668315288884524,63.9613991982809,64.05617580171892,63.970131249999895,64.04419999999982,15.937643750000012,0.23045053913837613,0.20854624852487033,0.8407409029424852,0.0019496222161116807,15.936013825038067,15.939273674961953,15.936512500000054,15.939024999999976,0,160000,0.0,160000,64.00878749999991,15.937643750000012,293,0.00183125,0,0.0,0,0.0,0,0.0,0,0.0,488,0.00305,160000,64.00878749999991,15.937643750000012,293,0.00183125,0,0.0,0,0.0,0,0.0,0,0.0,488,0.00305,0,293,0.00183125,0.001765552991277432,0.6259633881664902,0.531663107686646,0.001627709392211014,0.0020531673417140037,0.5044861509722242,0.6294089657133538,0.0003683336026717395,0.0015233154020271806,0.0021391845979728194,0.00156875,0.00204375,0,0.0,7.493776486492083e-37,-3.4626640579743416e-16,1.0,0.0,2.3055230812293166e-05,,0.0,0.0,0.0,0.0,0.0,0.0,1.8723151429367313e-05,0,0.0,2.938735877055719e-39,-2.168404344971009e-17,1.0,0.0,2.3055230812293166e-05,,0.0,0.0,0.0,0.0,0.0,0.0,1.8723151429367313e-05,0,0.0,3.76158192263132e-37,-2.4532694666933986e-16,1.0,0.0,2.3055230812293166e-05,,0.0,0.0,0.0,0.0,0.0,0.0,1.8723151429367313e-05,0,0.0,3.76158192263132e-37,-2.4532694666933986e-16,1.0,0.0,2.3055230812293166e-05,,0.0,0.0,0.0,0.0,0.0,0.0,1.8723151429367313e-05,488,0.00305,0.0029626033033715747,0.6432244342433017,0.5195110769294156,0.0027857212557867257,0.003332531806901262,0.6855960946644435,0.5150240900282089,0.00036055512754639893,0.002748568369970341,0.0033514316300296584,0.0028,0.00326875,51.53587695466593,44,0.20277573905214458,45,0.6239827741131347,3,0.8909207815235101,4,0.0020183845334724847,0.25835322028447805,0.16669297883600925,0.8358974206619325,0.6742475395037965,1.0,0.9072053017478748,0.8407409029424852,1.0,0.9664866082320205,0.5150240900282089,1.0,0.8889764615758666,0.6294089657133538,1.0,0.8889764615758666,0.20277573905214458,1.0,0.8889764615758666,0.8909207815235101,1.0,0.9664866082320205,0.25835322028447805,1.0,0.8889764615758666,0.8358974206619325,1.0,0.9664866082320205,64,0.8889764615758666,False,,,,,,,,,,,,,,
calibration,spn_null,6,bytepos_ab15_db15_a07_d10_off+00,byte_positions,8,160000,'00000000000000000000000000000007,'00000000000000000000000000000010,"byte 15, value 0x07","byte 15, value 0x10, byte offset +0",,64.0041187499999,0.29123960549442285,0.22151816859196216,0.8310124264815745,0.05258974599611972,63.96015262208395,64.04808487791585,63.96884374999995,64.03671875,15.936962500000021,-0.8616846244991204,-0.5746483197497458,0.5835169114622688,0.0026455825715336273,15.93475073762032,15.939174262379723,15.935293750000005,15.938768750000007,0,160000,0.0,160000,64.0041187499999,15.936962500000021,295,0.00184375,0,0.0,0,0.0,0,0.0,0,0.0,501,0.00313125,160000,64.0041187499999,15.936962500000021,295,0.00184375,0,0.0,0,0.0,0,0.0,0,0.0,501,0.00313125,0,295,0.00184375,0.001765552991277432,0.7450638236996117,0.4565090913720611,0.0016394965176604645,0.002066378567368332,0.5127992634319846,0.6238729609530789,0.00043130822588293593,0.0014831672994908723,0.0022043327005091275,0.0015625,0.00211875,0,0.0,7.493776486492083e-37,-3.4626640579743416e-16,1.0,0.0,2.3055230812293166e-05,,0.0,0.0,0.0,0.0,0.0,0.0,1.8723151429367313e-05,0,0.0,2.938735877055719e-39,-2.168404344971009e-17,1.0,0.0,2.3055230812293166e-05,,0.0,0.0,0.0,0.0,0.0,0.0,1.8723151429367313e-05,0,0.0,1.003213898765773e-33,-1.266942081559073e-14,1.0,0.0,2.3055230812293166e-05,,0.0,0.0,0.0,0.0,0.0,0.0,1.8723151429367313e-05,0,0.0,3.76158192263132e-37,-2.4532694666933986e-16,1.0,0.0,2.3055230812293166e-05,,0.0,0.0,0.0,0.0,0.0,0.0,1.8723151429367313e-05,501,0.00313125,0.0029626033033715747,1.2412102540559729,0.2141835584166062,0.002863405128089803,0.003417341406250738,0.9266942746985848,0.3849222628224393,0.0005147381442470115,0.002700918142248646,0.0035615818577513537,0.0027875,0.0034625000000000003,48.79230999689788,44,0.28639997039519705,45,2.318212933397021,3,0.5090407745903973,4,0.018398177982405662,0.9572764572950743,0.3163002116891125,0.9520651830367521,0.8310124264815745,1.0,0.9664866082320205,0.5835169114622688,1.0,0.8889764615758666,0.3849222628224393,1.0,0.8889764615758666,0.6238729609530789,1.0,0.8889764615758666,0.28639997039519705,1.0,0.8889764615758666,0.5090407745903973,1.0,0.8889764615758666,0.9572764572950743,1.0,0.9724713216965833,0.9520651830367521,1.0,0.9724713216965833,64,0.8889764615758666,False,,,,,,,,,,,,,,
calibration,spn_null,6,value_b00_a07_d10,byte_values,8,160000,'07000000000000000000000000000000,'10000000000000000000000000000000,"byte 0, value 0x07, weight 3","byte 0, value 0x10, weight 1",2,64.00548125000014,0.387582904448105,0.3818451556501229,0.7139035330208189,0.04060105503113828,63.97153791855387,64.03942458144641,63.978962500000236,64.03033125000024,15.936687500000017,-1.3025465254291575,-0.8706559474152323,0.4128018542904115,0.0026395007644861987,15.93448082213825,15.938894177861785,15.935087500000035,15.938450000000012,0,160000,0.0,160000,64.00548125000014,15.936687500000017,288,0.0018,0,0.0,0,0.0,0,0.0,0,0.0,434,0.0027125,160000,64.00548125000014,15.936687500000017,288,0.0018,0,0.0,0,0.0,0,0.0,0,0.0,434,0.0027125,0,288,0.0018,0.001765552991277432,0.32821229933368673,0.7431960726094183,0.0015982523582073014,0.0020201285518403806,0.21983365439470529,0.8322739991828486,0.0004432026302139592,0.0014294733286198138,0.002170526671380186,0.00150625,0.00205625,0,0.0,7.493776486492083e-37,-3.4626640579743416e-16,1.0,0.0,2.3055230812293166e-05,,0.0,0.0,0.0,0.0,0.0,0.0,1.8723151429367313e-05,0,0.0,2.938735877055719e-39,-2.168404344971009e-17,1.0,0.0,2.3055230812293166e-05,,0.0,0.0,0.0,0.0,0.0,0.0,1.8723151429367313e-05,0,0.0,1.003213898765773e-33,-1.266942081559073e-14,1.0,0.0,2.3055230812293166e-05,,0.0,0.0,0.0,0.0,0.0,0.0,1.8723151429367313e-05,0,0.0,3.76158192263132e-37,-2.4532694666933986e-16,1.0,0.0,2.3055230812293166e-05,,0.0,0.0,0.0,0.0,0.0,0.0,1.8723151429367313e-05,434,0.0027125,0.0029626033033715747,-1.8407166634401018,0.06575094523305325,0.002463574301392551,0.0029797075525952654,-2.002257121776055,0.08533478766328616,0.00035330076220046363,0.002417133171172689,0.003007866828827311,0.0024875,0.00294375,44.757930218686646,44,0.4398386342897154,45,1.8045987792204297,3,0.6139347015495222,4,0.0057358885249846085,0.6804039763109061,0.028915181271121415,0.21744541747107338,0.7139035330208189,1.0,0.9324454308843348,0.4128018542904115,1.0,0.8889764615758666,0.08533478766328616,1.0,0.8889764615758666,0.8322739991828486,1.0,0.9664866082320205,0.4398386342897154,1.0,0.8889764615758666,0.6139347015495222,1.0,0.8889764615758666,0.6804039763109061,1.0,0.9072053017478748,0.21744541747107338,1.0,0.8889764615758666,64,0.8889764615758666,False,,,,,,,,,,,,,,
calibration,spn_null,6,value_b00_a0F_dF0,byte_values,8,160000,'0F000000000000000000000000000000,'F0000000000000000000000000000000,"byte 0, value 0x0F, weight 4","byte 0, value 0xF0, weight 4",,64.01233749999996,0.8723929912859592,0.7802469059250421,0.4608097765252065,0.04472394492882612,63.97494734634166,64.04972765365828,63.98058125000005,64.03912499999994,15.93654375000001,-1.532997064561838,-1.428694832126628,0.19615659280959905,0.0018931148746383056,15.934961066357761,15.938126433642253,15.935331250000006,15.937737500000024,0,160000,0.0,160000,64.01233749999996,15.93654375000001,275,0.00171875,0,0.0,0,0.0,0,0.0,0,0.0,491,0.00306875,160000,64.01233749999996,15.93654375000001,275,0.00171875,0,0.0,0,0.0,0,0.0,0,0.0,491,0.00306875,0,275,0.00171875,0.001765552991277432,-0.4459405316316024,0.6768202195531859,0.0015217386977916954,0.0019341534519481585,-0.8379858963837177,0.4297192875963978,0.00015797264681854625,0.0015866815622144741,0.0018508184377855259,0.0016125,0.00181875,0,0.0,7.493776486492083e-37,-3.4626640579743416e-16,1.0,0.0,2.3055230812293166e-05,,0.0,0.0,0.0,0.0,0.0,0.0,1.8723151429367313e-05,0,0.0,2.938735877055719e-39,-2.168404344971009e-17,1.0,0.0,2.3055230812293166e-05,,0.0,0.0,0.0,0.0,0.0,0.0,1.8723151429367313e-05,0,0.0,3.135043433643041e-32,-7.082421544802926e-14,1.0,0.0,2.3055230812293166e-05,,0.0,0.0,0.0,0.0,0.0,0.0,1.8723151429367313e-05,0,0.0,3.76158192263132e-37,-2.4532694666933986e-16,1.0,0.0,2.3055230812293166e-05,,0.0,0.0,0.0,0.0,0.0,0.0,1.8723151429367313e-05,491,0.00306875,0.0029626033033715747,0.7812211618923797,0.43414438160897656,0.002803644089174722,0.003352107454437115,0.7192439378695645,0.49529492268001923,0.0004174219345321606,0.0027197765295839662,0.0034177234704160335,0.00281875,0.0033625,49.10115078065353,44,0.27606583015554015,45,3.5285310805886287,3,0.31708054458828105,4,0.004072240968038718,0.5212468439089559,0.04722500521690716,0.36750971105058317,0.4608097765252065,1.0,0.8889764615758666,0.19615659280959905,1.0,0.8889764615758666,0.49529492268001923,1.0,0.8889764615758666,0.4297192875963978,1.0,0.8889764615758666,0.27606583015554015,1.0,0.8889764615758666,0.31708054458828105,1.0,0.8889764615758666,0.5212468439089559,1.0,0.8889764615758666,0.36750971105058317,1.0,0.8889764615758666,64,0.8889764615758666,False,,,,,,,,,,,,,,
calibration,spn_null,8,bit_a019_d019_off+000,bit_positions,8,160000,'00001000000000000000000000000000,'00001000000000000000000000000000,"single bit 19 (byte 2, bit-in-byte 3, MSB-first)","single bit 19 (byte 2, bit-in-byte 3, offset +0)",,63.97786875000007,-1.5649156951085277,-1.4382013274714922,0.19354211373544988,0.043524245603633605,63.94148157007728,64.01425592992285,63.94701249999991,64.00400000000015,15.936881249999988,-0.991939277097567,-0.8763022947241038,0.40992756727143553,0.0019971296366634314,15.93521160784053,15.938550892159446,15.935618750000017,15.938156249999974,0,160000,0.0,160000,63.97786875000007,15.936881249999988,260,0.001625,0,0.0,0,0.0,0,0.0,0,0.0,480,0.003,160000,63.97786875000007,15.936881249999988,260,0.001625,0,0.0,0,0.0,0,0.0,0,0.0,480,0.003,0,260,0.001625,0.001765552991277432,-1.339193798130013,0.1900325611490284,0.001433595848051775,0.001834810026960195,-2.082878878741025,0.07576242905674656,0.00019086270308410556,0.0014654347870628882,0.001784565212937112,0.0015,0.00174375,0,0.0,7.493776486492083e-37,-3.4626640579743416e-16,1.0,0.0,2.3055230812293166e-05,,0.0,0.0,0.0,0.0,0.0,0.0,1.8723151429367313e-05,0,0.0,2.938735877055719e-39,-2.168404344971009e-17,1.0,0.0,2.3055230812293166e-05,,0.0,0.0,0.0,0.0,0.0,0.0,1.8723151429367313e-05,0,0.0,3.76158192263132e-37,-2.4532694666933986e-16,1.0,0.0,2.3055230812293166e-05,,0.0,0.0,0.0,0.0,0.0,0.0,1.8723151429367313e-05,0,0.0,3.76158192263132e-37,-2.4532694666933986e-16,1.0,0.0,2.3055230812293166e-05,,0.0,0.0,0.0,0.0,0.0,0.0,1.8723151429367313e-05,480,0.003,0.0029626033033715747,0.27523316051242713,0.7825160124064139,0.0027379396615704386,0.0032803174900844726,0.2901922304085691,0.7800774536401032,0.0003644957377763735,0.0026952739373740948,0.0033047260626259053,0.0027625,0.0032312499999999997,57.7955110855832,44,0.0793415037764597,45,4.075593109317605,3,0.25341628555363027,4,0.0020183845334724847,0.25835322028447805,0.042933551974619164,0.5452928615849209,0.19354211373544988,1.0,0.9874963832434306,0.40992756727143553,1.0,0.9874963832434306,0.7800774536401032,1.0,0.9874963832434306,0.07576242905674656,1.0,0.9245657754140103,0.0793415037764597,1.0,0.9245657754140103,0.25341628555363027,1.0,0.9874963832434306,0.25835322028447805,1.0,0.9874963832434306,0.5452928615849209,1.0,0.9874963832434306,64,0.9245657754140103,False,,,,,,,,,,,,,,
calibration,spn_null,8,bit_a044_d044_off+000,bit_positions,8,160000,'00000000000800000000000000000000,'00000000000800000000000000000000,"single bit 44 (byte 5, bit-in-byte 4, MSB-first)","single bit 44 (byte 5, bit-in-byte 4, offset +0)",,63.98156249999992,-1.3037281278185453,-0.9779718853269233,0.3606687475083522,0.053323746720294565,63.93698273212207,64.02614226787777,63.94891249999988,64.01800624999993,15.937412500000029,-0.1402742411564708,-0.12664035671662924,0.9027859481115763,0.0019542536024819354,15.935778703102184,15.939046296897875,15.936131250000034,15.938681250000014,0,160000,0.0,160000,63.98156249999992,15.937412500000029,267,0.00166875,0,0.0,0,0.0,0,0.0,0,0.0,497,0.00310625,160000,63.98156249999992,15.937412500000029,267,0.00166875,0,0.0,0,0.0,0,0.0,0,0.0,497,0.00310625,0,267,0.00166875,0.001765552991277432,-0.9223422737640881,0.37168338915437843,0.0014747094883741125,0.0018811898741104812,-0.986078776182452,0.3569437902821726,0.0002776656519732218,0.0014366157057324326,0.0019008842942675676,0.0014874999999999999,0.0018375000000000002,0,0.0,7.493776486492083e-37,-3.4626640579743416e-16,1.0,0.0,2.3055230812293166e-05,,0.0,0.0,0.0,0.0,0.0,0.0,1.8723151429367313e-05,0,0.0,2.938735877055719e-39,-2.168404344971009e-17,1.0,0.0,2.3055230812293166e-05,,0.0,0.0,0.0,0.0,0.0,0.0,1.8723151429367313e-05,0,0.0,3.76158192263132e-37,-2.4532694666933986e-16,1.0,0.0,2.3055230812293166e-05,,0.0,0.0,0.0,0.0,0.0,0.0,1.8723151429367313e-05,0,0.0,3.76158192263132e-37,-2.4532694666933986e-16,1.0,0.0,2.3055230812293166e-05,,0.0,0.0,0.0,0.0,0.0,0.0,1.8723151429367313e-05,497,0.00310625,0.0029626033033715747,1.0572146171905357,0.28998850786121155,0.0028394973717958674,0.003391251156376403,0.9530465085290966,0.3723084152271448,0.0004263110031755825,0.002749845082224263,0.0034626549177757373,0.002825,0.00339375,50.23897248645866,44,0.23998451085727196,45,1.0755179935808168,3,0.7829871803588361,4,0.0027669142747275177,0.35416502716512227,0.038976760222499955,0.4590091645261891,0.3606687475083522,1.0,0.9874963832434306,0.9027859481115763,1.0,0.9874963832434306,0.3723084152271448,1.0,0.9874963832434306,0.3569437902821726,1.0,0.9874963832434306,0.23998451085727196,1.0,0.9874963832434306,0.7829871803588361,1.0,0.9874963832434306,0.35416502716512227,1.0,0.9874963832434306,0.4590091645261891,1.0,0.9874963832434306,64,0.9874963832434306,False,,,,,,,,,,,,,,
calibration,spn_null,8,bit_a068_d068_off+000,bit_positions,8,160000,'00000000000000000800000000000000,'00000000000000000800000000000000,"single bit 68 (byte 8, bit-in-byte 4, MSB-first)","single bit 68 (byte 8, bit-in-byte 4, offset +0)",,63.9955687499999,-0.3133366924205504,-0.2286725071419091,0.825660369673496,0.05480968330418498,63.9497467080497,64.04139079195009,63.96270625000005,64.03294999999972,15.937437499999985,-0.10019588659688425,-0.09115912588702496,0.9299199363219448,0.0019392100748282007,15.935816279805996,15.939058720193978,15.936356250000001,15.938793749999991,0,160000,0.0,160000,63.9955687499999,15.937437499999985,264,0.00165,0,0.0,0,0.0,0,0.0,0,0.0,409,0.00255625,160000,63.9955687499999,15.937437499999985,264,0.00165,0,0.0,0,0.0,0,0.0,0,0.0,409,0.00255625,0,264,0.00165,0.001765552991277432,-1.1009929270637702,0.28368167359502316,0.0014570850502167556,0.0018613170795437433,-1.886972445879891,0.10112438168590737,0.00017320508075688776,0.001505196928754678,0.001794803071245322,0.00154375,0.0017625,0,0.0,7.493776486492083e-37,-3.4626640579743416e-16,1.0,0.0,2.3055230812293166e-05,,0.0,0.0,0.0,0.0,0.0,0.0,1.8723151429367313e-05,0,0.0,2.938735877055719e-39,-2.168404344971009e-17,1.0,0.0,2.3055230812293166e-05,,0.0,0.0,0.0,0.0,0.0,0.0,1.8723151429367313e-05,0,0.0,3.76158192263132e-37,-2.4532694666933986e-16,1.0,0.0,2.3055230812293166e-05,,0.0,0.0,0.0,0.0,0.0,0.0,1.8723151429367313e-05,0,0.0,3.76158192263132e-37,-2.4532694666933986e-16,1.0,0.0,2.3055230812293166e-05,,0.0,0.0,0.0,0.0,0.0,0.0,1.8723151429367313e-05,409,0.00255625,0.0029626033033715747,-2.9906893938490846,0.0023924019847639975,0.002314758162022675,0.0028160381019852335,-4.055619622050396,0.0048363033232730335,0.00028339460121886583,0.0023193261843041193,0.0027931738156958806,0.00239375,0.00275625,63.0993809105759,44,0.030889040642551685,45,1.4591912867828718,3,0.6917204712658347,4,0.019412918686795913,0.8153281038842334,0.04952251858918759,0.629440774757215,0.825660369673496,1.0,0.9874963832434306,0.9299199363219448,1.0,0.9874963832434306,0.0048363033232730335,0.30952341268947414,0.30952341268947414,0.10112438168590737,1.0,0.9245657754140103,0.030889040642551685,1.0,0.658966200374436,0.6917204712658347,1.0,0.9874963832434306,0.8153281038842334,1.0,0.9874963832434306,0.629440774757215,1.0,0.9874963832434306,64,0.30952341268947414,False,,,,,,,,,,,,,,
calibration,spn_null,8,bit_a093_d093_off+000,bit_positions,8,160000,'00000000000000000000000400000000,'00000000000000000000000400000000,"single bit 93 (byte 11, bit-in-byte 5, MSB-first)","single bit 93 (byte 11, bit-in-byte 5, offset +0)",,63.99974999999999,-0.017677669530250524,-0.014413606779540358,0.9889022083860891,0.04905828166574767,63.95873625014822,64.04076374985176,63.96671250000001,64.02824999999994,15.936981250000006,-0.831625858551665,-0.5723671267100673,0.584978675945661,0.0025634710703672826,15.934838134553184,15.939124365446824,15.935368750000004,15.93861875000001,0,160000,0.0,160000,63.99974999999999,15.936981250000006,275,0.00171875,0,0.0,0,0.0,0,0.0,0,0.0,462,0.0028875,160000,63.99974999999999,15.936981250000006,275,0.00171875,0,0.0,0,0.0,0,0.0,0,0.0,462,0.0028875,0,275,0.00171875,0.001765552991277432,-0.4459405316316024,0.6768202195531859,0.0015217386977916954,0.0019341534519481585,-0.8262447081025084,0.4359184642533494,0.000160217486115414,0.0015848048295965963,0.0018526951704034038,0.00160625,0.00181875,0,0.0,7.493776486492083e-37,-3.4626640579743416e-16,1.0,0.0,2.3055230812293166e-05,,0.0,0.0,0.0,0.0,0.0,0.0,1.8723151429367313e-05,0,0.0,2.938735877055719e-39,-2.168404344971009e-17,1.0,0.0,2.3055230812293166e-05,,0.0,0.0,0.0,0.0,0.0,0.0,1.8723151429367313e-05,0,0.0,3.76158192263132e-37,-2.4532694666933986e-16,1.0,0.0,2.3055230812293166e-05,,0.0,0.0,0.0,0.0,0.0,0.0,1.8723151429367313e-05,0,0.0,3.76158192263132e-37,-2.4532694666933986e-16,1.0,0.0,2.3055230812293166e-05,,0.0,0.0,0.0,0.0,0.0,0.0,1.8723151429367313e-05,462,0.0028875,0.0029626033033715747,-0.5527472053820407,0.5968205850563315,0.0026305002950259286,0.003162766269890508,-0.5122534629713381,0.6242356368683956,0.0004146857674363635,0.002540814022521127,0.0032341859774788727,0.00263125,0.00316875,30.570817310578867,44,0.9378760530278311,45,1.2755447651098317,3,0.7349482421836873,4,0.0033085771711331763,0.28200086255059104,0.08120153140152415,0.9066721813245274,0.9889022083860891,1.0,0.9889022083860891,0.584978675945661,1.0,0.9874963832434306,0.6242356368683956,1.0,0.9874963832434306,0.4359184642533494,1.0,0.9874963832434306,0.9378760530278311,1.0,0.9874963832434306,0.7349482421836873,1.0,0.9874963832434306,0.28200086255059104,1.0,0.9874963832434306,0.9066721813245274,1.0,0.9874963832434306,64,0.9874963832434306,False,,,,,,,,,,,,,,
calibration,spn_null,8,bit_a118_d118_off+000,bit_positions,8,160000,'00000000000000000000000000000200,'00000000000000000000000000000200,"single bit 118 (byte 14, bit-in-byte 6, MSB-first)","single bit 118 (byte 14, bit-in-byte 6, offset +0)",,63.99928749999999,-0.050381358160460354,-0.05526921173260314,0.9574683969738333,0.03646251254945119,63.96880407665347,64.02977092334652,63.97765625000006,64.02419999999998,15.937743750000031,0.3907639576871259,0.3692153677047967,0.7228824712349334,0.0018672817332493548,15.936182663404459,15.939304836595607,15.936493750000038,15.938975000000042,0,160000,0.0,160000,63.99928749999999,15.937743750000031,283,0.00176875,0,0.0,0,0.0,0,0.0,0,0.0,461,0.00288125,160000,63.99928749999999,15.937743750000031,283,0.00176875,0,0.0,0,0.0,0,0.0,0,0.0,461,0.00288125,0,283,0.00176875,0.001765552991277432,0.030461210500883226,0.9525202192643867,0.0015688110459097585,0.0019870741199278356,0.03628684911271591,0.972066752255252,0.00024919513294949057,0.0015604176552859285,0.0019770823447140713,0.00160625,0.00191875,0,0.0,7.493776486492083e-37,-3.4626640579743416e-16,1.0,0.0,2.3055230812293166e-05,,0.0,0.0,0.0,0.0,0.0,0.0,1.8723151429367313e-05,0,0.0,2.938735877055719e-39,-2.168404344971009e-17,1.0,0.0,2.3055230812293166e-05,,0.0,0.0,0.0,0.0,0.0,0.0,1.8723151429367313e-05,0,0.0,3.76158192263132e-37,-2.4532694666933986e-16,1.0,0.0,2.3055230812293166e-05,,0.0,0.0,0.0,0.0,0.0,0.0,1.8723151429367313e-05,0,0.0,3.76158192263132e-37,-2.4532694666933986e-16,1.0,0.0,2.3055230812293166e-05,,0.0,0.0,0.0,0.0,0.0,0.0,1.8723151429367313e-05,461,0.00288125,0.0029626033033715747,-0.5987461145984,0.565303774418045,0.002624534332617102,0.003156232764327662,-0.4649183789199042,0.6561054972798859,0.0004949296486803525,0.0024674784589683828,0.0032950215410316175,0.0025812499999999998,0.0032375,45.97562889320941,44,0.3903477572918552,45,2.1196203749953577,3,0.5479536375520655,4,0.0048397580146291065,0.5345127081570634,0.20672421246595302,0.8561079118913723,0.9574683969738333,1.0,0.9874963832434306,0.7228824712349334,1.0,0.9874963832434306,0.6561054972798859,1.0,0.9874963832434306,0.972066752255252,1.0,0.9874963832434306,0.3903477572918552,1.0,0.9874963832434306,0.5479536375520655,1.0,0.9874963832434306,0.5345127081570634,1.0,0.9874963832434306,0.8561079118913723,1.0,0.9874963832434306,64,0.9874963832434306,False,,,,,,,,,,,,,,
calibration,spn_null,8,bytepos_ab15_db15_a07_d10_off+00,byte_positions,8,160000,'00000000000000000000000000000007,'00000000000000000000000000000010,"byte 15, value 0x07","byte 15, value 0x10, byte offset +0",,63.98822499999989,-0.8326182348547025,-1.022906309050269,0.3403960796481433,0.032558924604845114,63.96100505784448,64.01544494215531,63.96967499999996,64.01067499999988,15.9379375,0.7013712060158686,0.697157409211513,0.5081891098342146,0.0017749748489109675,15.936453583890946,15.939421416109058,15.93663125,15.938787499999975,0,160000,0.0,160000,63.98822499999989,15.9379375,282,0.0017625,0,0.0,0,0.0,0,0.0,0,0.0,486,0.0030375,160000,63.98822499999989,15.9379375,282,0.0017625,0,0.0,0,0.0,0,0.0,0,0.0,486,0.0030375,0,282,0.0017625,0.001765552991277432,-0.029089007265677477,1.0,0.0015629247065156117,0.0019804613203480963,-0.04111649575658448,0.9683511921961335,0.00021001700611413083,0.0015869213889905516,0.0019380786110094483,0.00161875,0.0018875,0,0.0,7.493776486492083e-37,-3.4626640579743416e-16,1.0,0.0,2.3055230812293166e-05,,0.0,0.0,0.0,0.0,0.0,0.0,1.8723151429367313e-05,0,0.0,2.938735877055719e-39,-2.168404344971009e-17,1.0,0.0,2.3055230812293166e-05,,0.0,0.0,0.0,0.0,0.0,0.0,1.8723151429367313e-05,0,0.0,1.003213898765773e-33,-1.266942081559073e-14,1.0,0.0,2.3055230812293166e-05,,0.0,0.0,0.0,0.0,0.0,0.0,1.8723151429367313e-05,0,0.0,3.76158192263132e-37,-2.4532694666933986e-16,1.0,0.0,2.3055230812293166e-05,,0.0,0.0,0.0,0.0,0.0,0.0,1.8723151429367313e-05,486,0.0030375,0.0029626033033715747,0.5512266158105831,0.5808901503750352,0.002773774126380011,0.0033194799533103115,0.818626947076784,0.43997420244471763,0.00025877458475338284,0.002821159033160131,0.0032538409668398686,0.00289375,0.00321875,44.85023142286709,44,0.43601225015865946,45,0.6998875810011226,3,0.8732303908324568,4,0.0022693373162015235,0.290475176473795,0.0712955109011778,0.6740537930573284,0.3403960796481433,1.0,0.9874963832434306,0.5081891098342146,1.0,0.9874963832434306,0.43997420244471763,1.0,0.9874963832434306,0.9683511921961335,1.0,0.9874963832434306,0.43601225015865946,1.0,0.9874963832434306,0.8732303908324568,1.0,0.9874963832434306,0.290475176473795,1.0,0.9874963832434306,0.6740537930573284,1.0,0.9874963832434306,64,0.9874963832434306,False,,,,,,,,,,,,,,
calibration,spn_null,8,value_b00_a07_d10,byte_values,8,160000,'07000000000000000000000000000000,'10000000000000000000000000000000,"byte 0, value 0x07, weight 3","byte 0, value 0x10, weight 1",2,64.00225625000013,0.15954096751440483,0.15843924439221782,0.8785846933328175,0.04027814399807656,63.968582878933326,64.03592962106694,63.97800625000011,64.02886875000038,15.938506250000017,1.6131537738632666,1.25549932241212,0.24958257734814174,0.002266910657388513,15.936611065262973,15.940401434737058,15.937056249999987,15.939968749999997,0,160000,0.0,160000,64.00225625000013,15.938506250000017,286,0.0017875,0,0.0,0,0.0,0,0.0,0,0.0,443,0.00276875,160000,64.00225625000013,15.938506250000017,286,0.0017875,0,0.0,0,0.0,0,0.0,0,0.0,443,0.00276875,0,286,0.0017875,0.001765552991277432,0.20911186380056535,0.8117524206637013,0.0015864739236840868,0.0020069086789258387,0.21224945635693843,0.8379604998343074,0.0002924648941081891,0.0015429932296833358,0.002032006770316664,0.0015937500000000001,0.00196875,0,0.0,7.493776486492083e-37,-3.4626640579743416e-16,1.0,0.0,2.3055230812293166e-05,,0.0,0.0,0.0,0.0,0.0,0.0,1.8723151429367313e-05,0,0.0,2.938735877055719e-39,-2.168404344971009e-17,1.0,0.0,2.3055230812293166e-05,,0.0,0.0,0.0,0.0,0.0,0.0,1.8723151429367313e-05,0,0.0,1.003213898765773e-33,-1.266942081559073e-14,1.0,0.0,2.3055230812293166e-05,,0.0,0.0,0.0,0.0,0.0,0.0,1.8723151429367313e-05,0,0.0,3.76158192263132e-37,-2.4532694666933986e-16,1.0,0.0,2.3055230812293166e-05,,0.0,0.0,0.0,0.0,0.0,0.0,1.8723151429367313e-05,443,0.00276875,0.0029626033033715747,-1.4267264804928679,0.1605402310286797,0.002517201176268125,0.0030385756716636973,-1.9219800453770224,0.09604947260069784,0.00028527868579939267,0.002530251050176679,0.003007248949823321,0.00256875,0.0029375,40.09589765485104,44,0.6396361496940126,45,3.924264317680329,3,0.2697592030450194,4,0.008229446423069534,0.8004483955413663,0.0015400303851426963,0.02464048616228314,0.8785846933328175,1.0,0.9874963832434306,0.24958257734814174,1.0,0.9874963832434306,0.09604947260069784,1.0,0.9245657754140103,0.8379604998343074,1.0,0.9874963832434306,0.6396361496940126,1.0,0.9874963832434306,0.2697592030450194,1.0,0.9874963832434306,0.8004483955413663,1.0,0.9874963832434306,0.02464048616228314,1.0,0.658966200374436,64,0.658966200374436,False,,,,,,,,,,,,,,
calibration,spn_null,8,value_b00_a0F_dF0,byte_values,8,160000,'0F000000000000000000000000000000,'F0000000000000000000000000000000,"byte 0, value 0x0F, weight 4","byte 0, value 0xF0, weight 4",,64.00378124999996,0.2673747516333577,0.35746371826940965,0.7312794033286311,0.02991909253636092,63.978768262683374,64.02879423731652,63.98500625000011,64.02384374999977,15.937550000000009,0.08015670927295102,0.10561902523149078,0.9188475461400419,0.001338976154695284,15.936430587921121,15.9386694120789,15.936681250000019,15.938412500000023,0,160000,0.0,160000,64.00378124999996,15.937550000000009,291,0.00181875,0,0.0,0,0.0,0,0.0,0,0.0,475,0.00296875,160000,64.00378124999996,15.937550000000009,291,0.00181875,0,0.0,0,0.0,0,0.0,0,0.0,475,0.00296875,0,291,0.00181875,0.001765552991277432,0.5068629526333689,0.6126245545357341,0.0016159247180065313,0.0020399536770254858,0.5688813771211205,0.5872163335502899,0.0002644907505809176,0.0015976301989368072,0.002039869801063193,0.00165,0.0019875,0,0.0,7.493776486492083e-37,-3.4626640579743416e-16,1.0,0.0,2.3055230812293166e-05,,0.0,0.0,0.0,0.0,0.0,0.0,1.8723151429367313e-05,0,0.0,2.938735877055719e-39,-2.168404344971009e-17,1.0,0.0,2.3055230812293166e-05,,0.0,0.0,0.0,0.0,0.0,0.0,1.8723151429367313e-05,0,0.0,3.135043433643041e-32,-7.082421544802926e-14,1.0,0.0,2.3055230812293166e-05,,0.0,0.0,0.0,0.0,0.0,0.0,1.8723151429367313e-05,0,0.0,3.76158192263132e-37,-2.4532694666933986e-16,1.0,0.0,2.3055230812293166e-05,,0.0,0.0,0.0,0.0,0.0,0.0,1.8723151429367313e-05,475,0.00296875,0.0029626033033715747,0.045238614430630514,0.9633047619244136,0.00270808564808411,0.00324767408809889,0.0701712854818328,0.946019932311829,0.00024775780224127876,0.0027616192938292945,0.0031758807061707055,0.00283125,0.00314375,36.222919930051425,44,0.7914291388202159,45,0.3408736852227171,3,0.9521665389811605,4,0.018398177982405662,0.7763950722486723,0.04505027622815881,0.40131643071598544,0.7312794033286311,1.0,0.9874963832434306,0.9188475461400419,1.0,0.9874963832434306,0.946019932311829,1.0,0.9874963832434306,0.5872163335502899,1.0,0.9874963832434306,0.7914291388202159,1.0,0.9874963832434306,0.9521665389811605,1.0,0.9874963832434306,0.7763950722486723,1.0,0.9874963832434306,0.40131643071598544,1.0,0.9874963832434306,64,0.9874963832434306,False,,,,,,,,,,,,,,
calibration,spn_null,10,bit_a019_d019_off+000,bit_positions,8,160000,'00001000000000000000000000000000,'00001000000000000000000000000000,"single bit 19 (byte 2, bit-in-byte 3, MSB-first)","single bit 19 (byte 2, bit-in-byte 3, offset +0)",,63.986193750000034,-0.976249299773292,-0.7862768441443136,0.4574919876097026,0.04966440545941403,63.94467326797566,64.02771423202441,63.95651874999997,64.0205312499999,15.936718750000006,-1.2524485821606166,-1.148115030356919,0.2886388977395903,0.0019246405044527305,15.935109710271666,15.938327789728342,15.93541250000003,15.937862499999982,0,160000,0.0,160000,63.986193750000034,15.936718750000006,302,0.0018875,0,0.0,0,0.0,0,0.0,0,0.0,443,0.00276875,160000,63.986193750000034,15.936718750000006,302,0.0018875,0,0.0,0,0.0,0,0.0,0,0.0,443,0.00276875,0,302,0.0018875,0.001765552991277432,1.1619153480655366,0.24541719084464603,0.0016807704052042582,0.0021125990019348583,1.0995990587151558,0.3078794380162716,0.0003136763573220926,0.0016252600026581336,0.0021497399973418665,0.00171875,0.00211875,0,0.0,7.493776486492083e-37,-3.4626640579743416e-16,1.0,0.0,2.3055230812293166e-05,,0.0,0.0,0.0,0.0,0.0,0.0,1.8723151429367313e-05,0,0.0,2.938735877055719e-39,-2.168404344971009e-17,1.0,0.0,2.3055230812293166e-05,,0.0,0.0,0.0,0.0,0.0,0.0,1.8723151429367313e-05,0,0.0,3.76158192263132e-37,-2.4532694666933986e-16,1.0,0.0,2.3055230812293166e-05,,0.0,0.0,0.0,0.0,0.0,0.0,1.8723151429367313e-05,0,0.0,3.76158192263132e-37,-2.4532694666933986e-16,1.0,0.0,2.3055230812293166e-05,,0.0,0.0,0.0,0.0,0.0,0.0,1.8723151429367313e-05,443,0.00276875,0.0029626033033715747,-1.4267264804928679,0.1605402310286797,0.002517201176268125,0.0030385756716636973,-1.6072065479554087,0.15204435333351635,0.0003411508882758897,0.002483540719968796,0.0030539592800312037,0.00255,0.00299375,34.475785935167146,44,0.8477772965042315,45,2.258422136825875,3,0.5205328815359416,4,0.0049926119900286295,0.36709686559901494,0.023527403160161452,0.37643845056258324,0.4574919876097026,1.0,0.8266221533339786,0.2886388977395903,1.0,0.8170965104798179,0.15204435333351635,1.0,0.8170965104798179,0.3078794380162716,1.0,0.8170965104798179,0.8477772965042315,1.0,0.9392875257782102,0.5205328815359416,1.0,0.8266221533339786,0.36709686559901494,1.0,0.8170965104798179,0.37643845056258324,1.0,0.8170965104798179,64,0.8170965104798179,False,,,,,,,,,,,,,,
calibration,spn_null,10,bit_a044_d044_off+000,bit_positions,8,160000,'00000000000800000000000000000000,'00000000000800000000000000000000,"single bit 44 (byte 5, bit-in-byte 4, MSB-first)","single bit 44 (byte 5, bit-in-byte 4, offset +0)",,64.00166250000017,0.11755650238395365,0.13118945684502825,0.8993162896497209,0.035843277413007676,63.971696770183115,64.03162822981722,63.97862500000027,64.02421875000017,15.93772500000002,0.3607051916969544,0.3771103149485125,0.717264093009772,0.0016875595227647837,15.936314164932494,15.939135835067546,15.936706250000022,15.93891250000002,0,160000,0.0,160000,64.00166250000017,15.93772500000002,295,0.00184375,0,0.0,0,0.0,0,0.0,0,0.0,485,0.00303125,160000,64.00166250000017,15.93772500000002,295,0.00184375,0,0.0,0,0.0,0,0.0,0,0.0,485,0.00303125,0,295,0.00184375,0.001765552991277432,0.7450638236996117,0.4565090913720611,0.0016394965176604645,0.002066378567368332,0.9114581763027878,0.3923600155234791,0.000242660109147401,0.0016408810719078233,0.0020466189280921765,0.00168125,0.002,0,0.0,7.493776486492083e-37,-3.4626640579743416e-16,1.0,0.0,2.3055230812293166e-05,,0.0,0.0,0.0,0.0,0.0,0.0,1.8723151429367313e-05,0,0.0,2.938735877055719e-39,-2.168404344971009e-17,1.0,0.0,2.3055230812293166e-05,,0.0,0.0,0.0,0.0,0.0,0.0,1.8723151429367313e-05,0,0.0,3.76158192263132e-37,-2.4532694666933986e-16,1.0,0.0,2.3055230812293166e-05,,0.0,0.0,0.0,0.0,0.0,0.0,1.8723151429367313e-05,0,0.0,3.76158192263132e-37,-2.4532694666933986e-16,1.0,0.0,2.3055230812293166e-05,,0.0,0.0,0.0,0.0,0.0,0.0,1.8723151429367313e-05,485,0.00303125,0.0029626033033715747,0.5052277065942238,0.6128020959052047,0.0027678009921647717,0.003312953597325366,0.505020555805187,0.6290523113046789,0.0003844639124807424,0.002709830125554485,0.003352669874445515,0.00278125,0.00328125,53.25204368238595,44,0.15998266081783113,45,0.9888142885951372,3,0.8039585432144617,4,0.004137147007652969,0.5295548169795801,0.04952251858918759,0.7075499873180568,0.8993162896497209,1.0,0.9430429300231139,0.717264093009772,1.0,0.882786576012027,0.6290523113046789,1.0,0.8701997418408751,0.3923600155234791,1.0,0.8170965104798179,0.15998266081783113,1.0,0.8170965104798179,0.8039585432144617,1.0,0.9356960467614445,0.5295548169795801,1.0,0.8266221533339786,0.7075499873180568,1.0,0.882786576012027,64,0.8170965104798179,False,,,,,,,,,,,,,,
calibration,spn_null,10,bit_a068_d068_off+000,bit_positions,8,160000,'00000000000000000800000000000000,'00000000000000000800000000000000,"single bit 68 (byte 8, bit-in-byte 4, MSB-first)","single bit 68 (byte 8, bit-in-byte 4, offset +0)",,64.01143749999984,0.8087533809710281,2.0563429629435452,0.07878927054817136,0.015731877328737827,63.9982853214165,64.02458967858318,64.00177499999984,64.02163124999987,15.936956249999989,-0.8717042132080747,-0.8540971266220174,0.4213153882161561,0.0018006819144789717,15.935450842246283,15.938461657753692,15.935818749999981,15.938181249999985,0,160000,0.0,160000,64.01143749999984,15.936956249999989,305,0.00190625,0,0.0,0,0.0,0,0.0,0,0.0,437,0.00273125,160000,64.01143749999984,15.936956249999989,305,0.00190625,0,0.0,0,0.0,0,0.0,0,0.0,437,0.00273125,0,305,0.00190625,0.001765552991277432,1.3405660013652188,0.1801822607633904,0.0016984680581182388,0.0021323989585905006,2.259235297128617,0.058397205004867565,0.0001761442185093957,0.0017589897481020298,0.00205351025189797,0.00178125,0.0020062500000000002,0,0.0,7.493776486492083e-37,-3.4626640579743416e-16,1.0,0.0,2.3055230812293166e-05,,0.0,0.0,0.0,0.0,0.0,0.0,1.8723151429367313e-05,0,0.0,2.938735877055719e-39,-2.168404344971009e-17,1.0,0.0,2.3055230812293166e-05,,0.0,0.0,0.0,0.0,0.0,0.0,1.8723151429367313e-05,0,0.0,3.76158192263132e-37,-2.4532694666933986e-16,1.0,0.0,2.3055230812293166e-05,,0.0,0.0,0.0,0.0,0.0,0.0,1.8723151429367313e-05,0,0.0,3.76158192263132e-37,-2.4532694666933986e-16,1.0,0.0,2.3055230812293166e-05,,0.0,0.0,0.0,0.0,0.0,0.0,1.8723151429367313e-05,437,0.00273125,0.0029626033033715747,-1.7027199357910239,0.09307568082679007,0.002481446905409647,0.002999333269782211,-1.8781925078775732,0.10243756803731192,0.0003484019640751593,0.002439978668896284,0.0030225213311037163,0.002525,0.002975,51.02639844957501,44,0.21689058432163497,45,2.496795571896971,3,0.475870473625131,4,0.0035283673418350153,0.34224210688669443,0.040923523571484696,0.5238251492054358,0.07878927054817136,1.0,0.8170965104798179,0.4213153882161561,1.0,0.8170965104798179,0.10243756803731192,1.0,0.8170965104798179,0.058397205004867565,1.0,0.8170965104798179,0.21689058432163497,1.0,0.8170965104798179,0.475870473625131,1.0,0.8266221533339786,0.34224210688669443,1.0,0.8170965104798179,0.5238251492054358,1.0,0.8266221533339786,64,0.8170965104798179,False,,,,,,,,,,,,,,
calibration,spn_null,10,bit_a093_d093_off+000,bit_positions,8,160000,'00000000000000000000000400000000,'00000000000000000000000400000000,"single bit 93 (byte 11, bit-in-byte 5, MSB-first)","single bit 93 (byte 11, bit-in-byte 5, offset +0)",,63.988243750000024,-0.8312924096307645,-0.9635925301424905,0.3673491461043314,0.034508047068705916,63.95939430068601,64.01709319931405,63.96626250000001,64.01089374999997,15.937168749999994,-0.5310381988492922,-0.5172164833452287,0.6209419070729711,0.0018114590606789255,15.93565433232659,15.938683167673398,15.935987500000003,15.938324999999978,0,160000,0.0,160000,63.988243750000024,15.937168749999994,264,0.00165,0,0.0,0,0.0,0,0.0,0,0.0,497,0.00310625,160000,63.988243750000024,15.937168749999994,264,0.00165,0,0.0,0,0.0,0,0.0,0,0.0,497,0.00310625,0,264,0.00165,0.001765552991277432,-1.1009929270637702,0.28368167359502316,0.0014570850502167556,0.0018613170795437433,-1.3672414311462031,0.21383169325140491,0.00023904572186687876,0.0014501527752932124,0.0018498472247067876,0.0015,0.0018125,0,0.0,7.493776486492083e-37,-3.4626640579743416e-16,1.0,0.0,2.3055230812293166e-05,,0.0,0.0,0.0,0.0,0.0,0.0,1.8723151429367313e-05,0,0.0,2.938735877055719e-39,-2.168404344971009e-17,1.0,0.0,2.3055230812293166e-05,,0.0,0.0,0.0,0.0,0.0,0.0,1.8723151429367313e-05,0,0.0,3.76158192263132e-37,-2.4532694666933986e-16,1.0,0.0,2.3055230812293166e-05,,0.0,0.0,0.0,0.0,0.0,0.0,1.8723151429367313e-05,0,0.0,3.76158192263132e-37,-2.4532694666933986e-16,1.0,0.0,2.3055230812293166e-05,,0.0,0.0,0.0,0.0,0.0,0.0,1.8723151429367313e-05,497,0.00310625,0.0029626033033715747,1.0572146171905357,0.28998850786121155,0.0028394973717958674,0.003391251156376403,0.9587152366358278,0.36963640067173376,0.0004237902951764165,0.002751952446848885,0.003460547553151115,0.00284375,0.00339375,40.660886735538895,44,0.6155350324657933,45,2.369940720928185,3,0.49925467462156237,4,0.0014350091154284332,0.10359723793250974,0.1547351446731544,0.880582055417072,0.3673491461043314,1.0,0.8170965104798179,0.6209419070729711,1.0,0.8701997418408751,0.36963640067173376,1.0,0.8170965104798179,0.21383169325140491,1.0,0.8170965104798179,0.6155350324657933,1.0,0.8701997418408751,0.49925467462156237,1.0,0.8266221533339786,0.10359723793250974,1.0,0.8170965104798179,0.880582055417072,1.0,0.9392875257782102,64,0.8170965104798179,False,,,,,,,,,,,,,,
calibration,spn_null,10,bit_a118_d118_off+000,bit_positions,8,160000,'00000000000000000000000000000200,'00000000000000000000000000000200,"single bit 118 (byte 14, bit-in-byte 6, MSB-first)","single bit 118 (byte 14, bit-in-byte 6, offset +0)",,63.98570000000008,-1.0111626970911405,-1.0005602253481478,0.35036387602396285,0.040423861411792626,63.95190480612677,64.01949519387341,63.95911874999993,64.01121875000015,15.938237500000017,1.18231146159662,0.7252749750906119,0.4918114650075759,0.0028761022731948744,15.93583301832688,15.940641981673155,15.936199999999983,15.939793750000032,0,160000,0.0,160000,63.98570000000008,15.938237500000017,255,0.00159375,0,0.0,0,0.0,0,0.0,0,0.0,498,0.0031125,160000,63.98570000000008,15.938237500000017,255,0.00159375,0,0.0,0,0.0,0,0.0,0,0.0,498,0.0031125,0,255,0.00159375,0.001765552991277432,-1.6369448869628165,0.10772240718850344,0.001404250869905627,0.0018016597794118976,-2.7587180819999615,0.028147937933510968,0.00017614421850939562,0.0014464897481020298,0.00174101025189797,0.001475,0.0017,0,0.0,7.493776486492083e-37,-3.4626640579743416e-16,1.0,0.0,2.3055230812293166e-05,,0.0,0.0,0.0,0.0,0.0,0.0,1.8723151429367313e-05,0,0.0,2.938735877055719e-39,-2.168404344971009e-17,1.0,0.0,2.3055230812293166e-05,,0.0,0.0,0.0,0.0,0.0,0.0,1.8723151429367313e-05,0,0.0,3.76158192263132e-37,-2.4532694666933986e-16,1.0,0.0,2.3055230812293166e-05,,0.0,0.0,0.0,0.0,0.0,0.0,1.8723151429367313e-05,0,0.0,3.76158192263132e-37,-2.4532694666933986e-16,1.0,0.0,2.3055230812293166e-05,,0.0,0.0,0.0,0.0,0.0,0.0,1.8723151429367313e-05,498,0.0031125,0.0029626033033715747,1.103213526406895,0.2695288323480368,0.0028454738962087854,0.0033977741322853542,1.128087604960998,0.29645840205035956,0.00037583240945932267,0.002798296242665502,0.0034267037573344978,0.0028875,0.0033625,51.46101387594169,44,0.2048090092457573,45,3.173144810470213,3,0.36569230612655435,4,0.006004979278330845,0.3616298422372808,0.19267082946836656,0.876079470913139,0.35036387602396285,1.0,0.8170965104798179,0.4918114650075759,1.0,0.8266221533339786,0.29645840205035956,1.0,0.8170965104798179,0.028147937933510968,1.0,0.6306093345107037,0.2048090092457573,1.0,0.8170965104798179,0.36569230612655435,1.0,0.8170965104798179,0.3616298422372808,1.0,0.8170965104798179,0.876079470913139,1.0,0.9392875257782102,64,0.6306093345107037,False,,,,,,,,,,,,,,
calibration,spn_null,10,bytepos_ab15_db15_a07_d10_off+00,byte_positions,8,160000,'00000000000000000000000000000007,'00000000000000000000000000000010,"byte 15, value 0x07","byte 15, value 0x10, byte offset +0",,64.0002812499999,0.01988737821386979,0.017007468498251365,0.9869052615184526,0.04677328249508594,63.961177807260725,64.0393846927391,63.96778124999981,64.02743750000002,15.937793749999985,0.470920666871797,0.47378165646315373,0.6500764586573824,0.0017536568934598473,15.936327656147693,15.939259843852277,15.936599999999979,15.938856249999965,0,160000,0.0,160000,64.0002812499999,15.937793749999985,286,0.0017875,0,0.0,0,0.0,0,0.0,0,0.0,457,0.00285625,160000,64.0002812499999,15.937793749999985,286,0.0017875,0,0.0,0,0.0,0,0.0,0,0.0,457,0.00285625,0,286,0.0017875,0.001765552991277432,0.20911186380056535,0.8117524206637013,0.0015864739236840868,0.0020069086789258387,0.1930523361243986,0.8523998679514055,0.000321547597009925,0.0015186794815999435,0.0020563205184000563,0.0016,0.00201875,0,0.0,7.493776486492083e-37,-3.4626640579743416e-16,1.0,0.0,2.3055230812293166e-05,,0.0,0.0,0.0,0.0,0.0,0.0,1.8723151429367313e-05,0,0.0,2.938735877055719e-39,-2.168404344971009e-17,1.0,0.0,2.3055230812293166e-05,,0.0,0.0,0.0,0.0,0.0,0.0,1.8723151429367313e-05,0,0.0,1.003213898765773e-33,-1.266942081559073e-14,1.0,0.0,2.3055230812293166e-05,,0.0,0.0,0.0,0.0,0.0,0.0,1.8723151429367313e-05,0,0.0,3.76158192263132e-37,-2.4532694666933986e-16,1.0,0.0,2.3055230812293166e-05,,0.0,0.0,0.0,0.0,0.0,0.0,1.8723151429367313e-05,457,0.00285625,0.0029626033033715747,-0.7827417514638373,0.4478479824386059,0.002600673602174752,0.003130095632827311,-1.0567729100079442,0.3257158078060648,0.0002846520432287211,0.002618274936476144,0.003094225063523856,0.002675,0.0030375,31.867210116463696,44,0.9135728384598916,45,2.378829469998703,3,0.49758767649673086,4,0.012864202281273406,0.6798435483131837,0.010918002965150319,0.1746880474424051,0.9869052615184526,1.0,0.9869052615184526,0.6500764586573824,1.0,0.8701997418408751,0.3257158078060648,1.0,0.8170965104798179,0.8523998679514055,1.0,0.9392875257782102,0.9135728384598916,1.0,0.9430429300231139,0.49758767649673086,1.0,0.8266221533339786,0.6798435483131837,1.0,0.8701997418408751,0.1746880474424051,1.0,0.8170965104798179,64,0.8170965104798179,False,,,,,,,,,,,,,,
calibration,spn_null,10,value_b00_a07_d10,byte_values,8,160000,'07000000000000000000000000000000,'10000000000000000000000000000000,"byte 0, value 0x07, weight 3","byte 0, value 0x10, weight 1",2,64.01136249999999,0.803450080122504,1.3004763343284813,0.2346134585245464,0.02471248599959726,63.990702344678844,64.03202265532113,63.99598125000004,64.0275124999998,15.937356250000002,-0.2304505391155942,-0.26169453615485627,0.8010901267534087,0.00155366789520997,15.936057351134343,15.938655148865662,15.936300000000013,15.938306250000004,0,160000,0.0,160000,64.01136249999999,15.937356250000002,282,0.0017625,0,0.0,0,0.0,0,0.0,0,0.0,454,0.0028375,160000,64.01136249999999,15.937356250000002,282,0.0017625,0,0.0,0,0.0,0,0.0,0,0.0,454,0.0028375,0,282,0.0017625,0.001765552991277432,-0.029089007265677477,1.0,0.0015629247065156117,0.0019804613203480963,-0.02869859205101978,0.9779060408057045,0.00030089153242607915,0.0015109483837505732,0.0020140516162494267,0.0015625,0.00195,0,0.0,7.493776486492083e-37,-3.4626640579743416e-16,1.0,0.0,2.3055230812293166e-05,,0.0,0.0,0.0,0.0,0.0,0.0,1.8723151429367313e-05,0,0.0,2.938735877055719e-39,-2.168404344971009e-17,1.0,0.0,2.3055230812293166e-05,,0.0,0.0,0.0,0.0,0.0,0.0,1.8723151429367313e-05,0,0.0,1.003213898765773e-33,-1.266942081559073e-14,1.0,0.0,2.3055230812293166e-05,,0.0,0.0,0.0,0.0,0.0,0.0,1.8723151429367313e-05,0,0.0,3.76158192263132e-37,-2.4532694666933986e-16,1.0,0.0,2.3055230812293166e-05,,0.0,0.0,0.0,0.0,0.0,0.0,1.8723151429367313e-05,454,0.0028375,0.0029626033033715747,-0.9207384791129153,0.3696968074777862,0.0025827813581368628,0.003110489491001692,-0.8586526725274921,0.41896068215737314,0.00041209395599963437,0.0024929808311071524,0.003182019168892848,0.00255625,0.00309375,33.89070555576691,44,0.8645060319611002,45,1.6808624351983434,3,0.641196862415661,4,0.00023093603558741588,0.029559812555189233,0.059588385203322686,0.5512645665758747,0.2346134585245464,1.0,0.8170965104798179,0.8010901267534087,1.0,0.9356960467614445,0.41896068215737314,1.0,0.8170965104798179,0.9779060408057045,1.0,0.9869052615184526,0.8645060319611002,1.0,0.9392875257782102,0.641196862415661,1.0,0.8701997418408751,0.029559812555189233,1.0,0.6306093345107037,0.5512645665758747,1.0,0.8400221966870473,64,0.6306093345107037,False,,,,,,,,,,,,,,
calibration,spn_null,10,value_b00_a0F_dF0,byte_values,8,160000,'0F000000000000000000000000000000,'F0000000000000000000000000000000,"byte 0, value 0x0F, weight 4","byte 0, value 0xF0, weight 4",,64.00496874999995,0.35134368189827947,0.4461152323631849,0.6689868413685612,0.03150250486064987,63.9786319968527,64.0313055031472,63.98498124999995,64.02546874999985,15.937200000000011,-0.4809402555351875,-0.45840084213031096,0.6605565341489453,0.0018510614715571234,15.935652473882564,15.938747526117455,15.936031250000015,15.938418750000046,0,160000,0.0,160000,64.00496874999995,15.937200000000011,311,0.00194375,0,0.0,0,0.0,0,0.0,0,0.0,518,0.0032375,160000,64.00496874999995,15.937200000000011,311,0.00194375,0,0.0,0,0.0,0,0.0,0,0.0,518,0.0032375,0,311,0.00194375,0.001765552991277432,1.697867307964583,0.08964773246505028,0.0017338788689508229,0.0021719834408992804,1.373807091887459,0.21187813660243507,0.00036687629289137004,0.001637033743492865,0.002250466256507135,0.001725,0.0022,0,0.0,7.493776486492083e-37,-3.4626640579743416e-16,1.0,0.0,2.3055230812293166e-05,,0.0,0.0,0.0,0.0,0.0,0.0,1.8723151429367313e-05,0,0.0,2.938735877055719e-39,-2.168404344971009e-17,1.0,0.0,2.3055230812293166e-05,,0.0,0.0,0.0,0.0,0.0,0.0,1.8723151429367313e-05,0,0.0,3.135043433643041e-32,-7.082421544802926e-14,1.0,0.0,2.3055230812293166e-05,,0.0,0.0,0.0,0.0,0.0,0.0,1.8723151429367313e-05,0,0.0,3.76158192263132e-37,-2.4532694666933986e-16,1.0,0.0,2.3055230812293166e-05,,0.0,0.0,0.0,0.0,0.0,0.0,1.8723151429367313e-05,518,0.0032375,0.0029626033033715747,2.0231917107340815,0.04534211478431354,0.002965061473458068,0.0035281767276285013,1.715026623368612,0.13005504249381775,0.0004533604683755679,0.00285848116339818,0.00361651883660182,0.002925,0.0035250000000000004,63.62105084910537,44,0.027963812867497818,45,2.9131351408950352,3,0.4052128383281438,4,0.00872852113609718,0.8041137901856164,0.04722500521690716,0.3961801487135007,0.6689868413685612,1.0,0.8701997418408751,0.6605565341489453,1.0,0.8701997418408751,0.13005504249381775,1.0,0.8170965104798179,0.21187813660243507,1.0,0.8170965104798179,0.027963812867497818,1.0,0.6306093345107037,0.4052128383281438,1.0,0.8170965104798179,0.8041137901856164,1.0,0.9356960467614445,0.3961801487135007,1.0,0.8170965104798179,64,0.6306093345107037,False,,,,,,,,,,,,,,
calibration,spn_null,12,bit_a019_d019_off+000,bit_positions,8,160000,'00001000000000000000000000000000,'00001000000000000000000000000000,"single bit 19 (byte 2, bit-in-byte 3, MSB-first)","single bit 19 (byte 2, bit-in-byte 3, offset +0)",,64.00588125,0.4158671756854524,0.30604766674973793,0.7684699841057382,0.05435325550454418,63.96044079123952,64.05132170876048,63.97061250000009,64.03951250000001,15.938012500000031,0.8216062699537725,0.8758593147025026,0.4101525392369655,0.0016550248164205774,15.93662886462769,15.939396135372377,15.936924999999999,15.939037500000058,0,160000,0.0,160000,64.00588125,15.938012500000031,287,0.00179375,0,0.0,0,0.0,0,0.0,0,0.0,475,0.00296875,160000,64.00588125,15.938012500000031,287,0.00179375,0,0.0,0,0.0,0,0.0,0,0.0,475,0.00296875,0,287,0.00179375,0.001765552991277432,0.26866208156712607,0.7886566386437,0.0015923628248973628,0.002013518929824598,0.26434033037092497,0.7991314919647688,0.0003017064562025243,0.0015415170904239314,0.0020459829095760686,0.0015875,0.0019749999999999998,0,0.0,7.493776486492083e-37,-3.4626640579743416e-16,1.0,0.0,2.3055230812293166e-05,,0.0,0.0,0.0,0.0,0.0,0.0,1.8723151429367313e-05,0,0.0,2.938735877055719e-39,-2.168404344971009e-17,1.0,0.0,2.3055230812293166e-05,,0.0,0.0,0.0,0.0,0.0,0.0,1.8723151429367313e-05,0,0.0,3.76158192263132e-37,-2.4532694666933986e-16,1.0,0.0,2.3055230812293166e-05,,0.0,0.0,0.0,0.0,0.0,0.0,1.8723151429367313e-05,0,0.0,3.76158192263132e-37,-2.4532694666933986e-16,1.0,0.0,2.3055230812293166e-05,,0.0,0.0,0.0,0.0,0.0,0.0,1.8723151429367313e-05,475,0.00296875,0.0029626033033715747,0.045238614430630514,0.9633047619244136,0.00270808564808411,0.00324767408809889,0.09026310516493709,0.9306066224331657,0.0001926089673034833,0.002807724873640795,0.0031297751263592052,0.00285,0.0031,46.488118820542965,44,0.370243300137379,45,1.1363612713473965,3,0.7683043628021624,4,0.0006925323782905992,0.0886441444211967,0.042933551974619164,0.6426266219872342,0.7684699841057382,1.0,0.9119082895238864,0.4101525392369655,1.0,0.8735341724418816,0.9306066224331657,1.0,0.9606261908987517,0.7991314919647688,1.0,0.9119082895238864,0.370243300137379,1.0,0.8735341724418816,0.7683043628021624,1.0,0.9119082895238864,0.0886441444211967,1.0,0.5673225242956589,0.6426266219872342,1.0,0.9119082895238864,64,0.5673225242956589,False,,,,,,,,,,,,,,
calibration,spn_null,12,bit_a044_d044_off+000,bit_positions,8,160000,'00000000000800000000000000000000,'00000000000800000000000000000000,"single bit 44 (byte 5, bit-in-byte 4, MSB-first)","single bit 44 (byte 5, bit-in-byte 4, offset +0)",,63.98728750000004,-0.8989094955803301,-1.162900376334613,0.28297593995991016,0.03091957020129729,63.96143809242397,64.01313690757614,63.964962500000006,64.00436875000018,15.937587500000008,0.14027424121627333,0.20864669500929653,0.8406654544048328,0.0011861552536336756,15.936595849391669,15.938579150608348,15.936862499999991,15.93838125000001,0,160000,0.0,160000,63.98728750000004,15.937587500000008,282,0.0017625,0,0.0,0,0.0,0,0.0,0,0.0,498,0.0031125,160000,63.98728750000004,15.937587500000008,282,0.0017625,0,0.0,0,0.0,0,0.0,0,0.0,498,0.0031125,0,282,0.0017625,0.001765552991277432,-0.029089007265677477,1.0,0.0015629247065156117,0.0019804613203480963,-0.03016186749661288,0.9767799013175982,0.0002862940546261583,0.0015231521805943323,0.0020018478194056676,0.00158125,0.00195,0,0.0,7.493776486492083e-37,-3.4626640579743416e-16,1.0,0.0,2.3055230812293166e-05,,0.0,0.0,0.0,0.0,0.0,0.0,1.8723151429367313e-05,0,0.0,2.938735877055719e-39,-2.168404344971009e-17,1.0,0.0,2.3055230812293166e-05,,0.0,0.0,0.0,0.0,0.0,0.0,1.8723151429367313e-05,0,0.0,3.76158192263132e-37,-2.4532694666933986e-16,1.0,0.0,2.3055230812293166e-05,,0.0,0.0,0.0,0.0,0.0,0.0,1.8723151429367313e-05,0,0.0,3.76158192263132e-37,-2.4532694666933986e-16,1.0,0.0,2.3055230812293166e-05,,0.0,0.0,0.0,0.0,0.0,0.0,1.8723151429367313e-05,498,0.0031125,0.0029626033033715747,1.103213526406895,0.2695288323480368,0.0028454738962087854,0.0033977741322853542,1.3665851165736635,0.21402784583702159,0.00031024184114977147,0.0028531313300338692,0.0033718686699661304,0.00293125,0.0033250000000000003,46.6792484812048,44,0.3628691583875355,45,0.022896056442593828,3,0.9990848786237322,4,0.0036431719640934107,0.30935373417569506,0.02477522033939568,0.39640352543033086,0.28297593995991016,1.0,0.8735341724418816,0.8406654544048328,1.0,0.9119082895238864,0.21402784583702159,1.0,0.7609878963094101,0.9767799013175982,1.0,0.9922843441956553,0.3628691583875355,1.0,0.8735341724418816,0.9990848786237322,1.0,0.9990848786237322,0.30935373417569506,1.0,0.8735341724418816,0.39640352543033086,1.0,0.8735341724418816,64,0.7609878963094101,False,,,,,,,,,,,,,,
calibration,spn_null,12,bit_a068_d068_off+000,bit_positions,8,160000,'00000000000000000800000000000000,'00000000000000000800000000000000,"single bit 68 (byte 8, bit-in-byte 4, MSB-first)","single bit 68 (byte 8, bit-in-byte 4, offset +0)",,63.985956250000015,-0.9930430858277837,-0.9540839980353543,0.3718182892905097,0.041633360914684926,63.95114988923757,64.02076261076245,63.96054375000016,64.01428124999985,15.93791250000002,0.6612928514192614,0.7266990054186773,0.4909913181528775,0.0016055150486196678,15.936570255829384,15.939254744170658,15.936850000000025,15.938924999999994,0,160000,0.0,160000,63.985956250000015,15.93791250000002,291,0.00181875,0,0.0,0,0.0,0,0.0,0,0.0,512,0.0032,160000,63.985956250000015,15.93791250000002,291,0.00181875,0,0.0,0,0.0,0,0.0,0,0.0,512,0.0032,0,291,0.00181875,0.001765552991277432,0.5068629526333689,0.6126245545357341,0.0016159247180065313,0.0020399536770254858,0.4410478401117064,0.6724791145107575,0.00034115088827588977,0.001533540719968796,0.002103959280031204,0.0015875,0.00201875,0,0.0,7.493776486492083e-37,-3.4626640579743416e-16,1.0,0.0,2.3055230812293166e-05,,0.0,0.0,0.0,0.0,0.0,0.0,1.8723151429367313e-05,0,0.0,2.938735877055719e-39,-2.168404344971009e-17,1.0,0.0,2.3055230812293166e-05,,0.0,0.0,0.0,0.0,0.0,0.0,1.8723151429367313e-05,0,0.0,3.76158192263132e-37,-2.4532694666933986e-16,1.0,0.0,2.3055230812293166e-05,,0.0,0.0,0.0,0.0,0.0,0.0,1.8723151429367313e-05,0,0.0,3.76158192263132e-37,-2.4532694666933986e-16,1.0,0.0,2.3055230812293166e-05,,0.0,0.0,0.0,0.0,0.0,0.0,1.8723151429367313e-05,512,0.0032,0.0029626033033715747,1.7471982554359256,0.08445347682118395,0.002929173950218509,0.0034890671666684497,2.537877438672802,0.038784055425767586,0.00026457513110645904,0.0029788096550520766,0.0034211903449479237,0.003025,0.0033625,35.13271507589217,44,0.8276820277530695,45,1.0378568930690328,3,0.792092770693448,4,0.0028125794777486036,0.36001017315182127,0.05689574259212015,0.6491683129405691,0.3718182892905097,1.0,0.8735341724418816,0.4909913181528775,1.0,0.911626524917528,0.038784055425767586,1.0,0.3886294020198869,0.6724791145107575,1.0,0.9119082895238864,0.8276820277530695,1.0,0.9119082895238864,0.792092770693448,1.0,0.9119082895238864,0.36001017315182127,1.0,0.8735341724418816,0.6491683129405691,1.0,0.9119082895238864,64,0.3886294020198869,False,,,,,,,,,,,,,,
calibration,spn_null,12,bit_a093_d093_off+000,bit_positions,8,160000,'00000000000000000000000400000000,'00000000000000000000000400000000,"single bit 93 (byte 11, bit-in-byte 5, MSB-first)","single bit 93 (byte 11, bit-in-byte 5, offset +0)",,64.03547499999979,2.508461306244576,2.429141889876077,0.04547778132224758,0.04130613064142656,64.00094221059199,64.0700077894076,64.00829374999985,64.06136874999967,15.939281250000006,2.855582767357645,3.0456595495196344,0.01869719006369107,0.0016542019007903617,15.937898302602347,15.940664197397668,15.938293750000017,15.940431250000016,0,160000,0.0,160000,64.03547499999979,15.939281250000006,256,0.0016,0,0.0,0,0.0,0,0.0,0,0.0,440,0.00275,160000,64.03547499999979,15.939281250000006,256,0.0016,0,0.0,0,0.0,0,0.0,0,0.0,440,0.00275,0,256,0.0016,0.001765552991277432,-1.5773946691962557,0.12140347370754019,0.0014101183738791053,0.0018082913121207117,-2.3842355740329237,0.04857867525248586,0.00019639610121239317,0.001435808750459933,0.0017641912495400668,0.001475,0.00173125,0,0.0,7.493776486492083e-37,-3.4626640579743416e-16,1.0,0.0,2.3055230812293166e-05,,0.0,0.0,0.0,0.0,0.0,0.0,1.8723151429367313e-05,0,0.0,2.938735877055719e-39,-2.168404344971009e-17,1.0,0.0,2.3055230812293166e-05,,0.0,0.0,0.0,0.0,0.0,0.0,1.8723151429367313e-05,0,0.0,3.76158192263132e-37,-2.4532694666933986e-16,1.0,0.0,2.3055230812293166e-05,,0.0,0.0,0.0,0.0,0.0,0.0,1.8723151429367313e-05,0,0.0,3.76158192263132e-37,-2.4532694666933986e-16,1.0,0.0,2.3055230812293166e-05,,0.0,0.0,0.0,0.0,0.0,0.0,1.8723151429367313e-05,440,0.00275,0.0029626033033715747,-1.5647232081419458,0.12323713813365336,0.0024993225406600554,0.0030189559659036694,-3.7499697908800504,0.007168438583478694,0.0001603567451474545,0.0026159384061322844,0.0028840615938677153,0.0026437500000000003,0.00285625,40.79201260826707,44,0.6099057618532369,45,8.702319192334533,3,0.033522063845745916,4,0.00016487344603600195,0.02110380109260825,0.009724754203267657,0.1555960672522825,0.04547778132224758,1.0,0.3886294020198869,0.01869719006369107,1.0,0.3886294020198869,0.007168438583478694,0.45878006934263643,0.3886294020198869,0.04857867525248586,1.0,0.3886294020198869,0.6099057618532369,1.0,0.9119082895238864,0.033522063845745916,1.0,0.3886294020198869,0.02110380109260825,1.0,0.3886294020198869,0.1555960672522825,1.0,0.7054430824513068,64,0.3886294020198869,False,,,,,,,,,,,,,,
calibration,spn_null,12,bit_a118_d118_off+000,bit_positions,8,160000,'00000000000000000000000000000200,'00000000000000000000000000000200,"single bit 118 (byte 14, bit-in-byte 6, MSB-first)","single bit 118 (byte 14, bit-in-byte 6, offset +0)",,63.976581250000024,-1.6559556931895691,-1.496625929690685,0.17815239465001143,0.044258372391872525,63.93958032472314,64.01358217527691,63.949475000000085,64.00736249999994,15.936674999999994,-1.3225857027815682,-1.4610599452104587,0.18738331877612838,0.001597095578167161,15.935339794682804,15.938010205317184,15.935706249999978,15.937743750000012,0,160000,0.0,160000,63.976581250000024,15.936674999999994,272,0.0017,0,0.0,0,0.0,0,0.0,0,0.0,515,0.00321875,160000,63.976581250000024,15.936674999999994,272,0.0017,0,0.0,0,0.0,0,0.0,0,0.0,515,0.00321875,0,272,0.0017,0.001765552991277432,-0.6245911849312845,0.5515278698441248,0.0015040975872487095,0.0019142972395559353,-0.6497542062444834,0.5365822129358948,0.00028535691936340253,0.0014614356452803932,0.001938564354719607,0.0015,0.001875,0,0.0,7.493776486492083e-37,-3.4626640579743416e-16,1.0,0.0,2.3055230812293166e-05,,0.0,0.0,0.0,0.0,0.0,0.0,1.8723151429367313e-05,0,0.0,2.938735877055719e-39,-2.168404344971009e-17,1.0,0.0,2.3055230812293166e-05,,0.0,0.0,0.0,0.0,0.0,0.0,1.8723151429367313e-05,0,0.0,3.76158192263132e-37,-2.4532694666933986e-16,1.0,0.0,2.3055230812293166e-05,,0.0,0.0,0.0,0.0,0.0,0.0,1.8723151429367313e-05,0,0.0,3.76158192263132e-37,-2.4532694666933986e-16,1.0,0.0,2.3055230812293166e-05,,0.0,0.0,0.0,0.0,0.0,0.0,1.8723151429367313e-05,515,0.00321875,0.0029626033033715747,1.8851949830850034,0.0623984774915907,0.002947116526394741,0.003508623129213503,1.7610872378221256,0.12160910494503896,0.0004113891970246319,0.00287482002435496,0.0035626799756450396,0.00295,0.00348125,43.77132090033105,44,0.4813546365906196,45,3.013819558024528,3,0.3894993760409998,4,0.004406263477352985,0.39021901133495124,0.0030143361934619932,0.04822937909539189,0.17815239465001143,1.0,0.7054430824513068,0.18738331877612838,1.0,0.7054430824513068,0.12160910494503896,1.0,0.6485818930402077,0.5365822129358948,1.0,0.9119082895238864,0.4813546365906196,1.0,0.911626524917528,0.3894993760409998,1.0,0.8735341724418816,0.39021901133495124,1.0,0.8735341724418816,0.04822937909539189,1.0,0.3886294020198869,64,0.3886294020198869,False,,,,,,,,,,,,,,
calibration,spn_null,12,bytepos_ab15_db15_a07_d10_off+00,byte_positions,8,160000,'00000000000000000000000000000007,'00000000000000000000000000000010,"byte 15, value 0x07","byte 15, value 0x10, byte offset +0",,63.988962500000234,-0.7804691097181055,-1.0156195081430146,0.3436217842542679,0.030738641920915178,63.96326435225187,64.01466064774861,63.969537500000115,64.00917500000033,15.937581250000008,0.13025465255857832,0.13451989554555513,0.8967776120253176,0.0017083696279745083,15.936153017249145,15.93900948275087,15.936387499999983,15.938606250000028,0,160000,0.0,160000,63.988962500000234,15.937581250000008,292,0.001825,0,0.0,0,0.0,0,0.0,0,0.0,457,0.00285625,160000,63.988962500000234,15.937581250000008,292,0.001825,0,0.0,0,0.0,0,0.0,0,0.0,457,0.00285625,0,292,0.001825,0.001765552991277432,0.5664131703999296,0.5714618015165558,0.0016218167471331963,0.00204656081580599,0.6260057624436967,0.5511690000570588,0.00026859422395661664,0.0016004496093433723,0.0020495503906566275,0.0016625,0.0020062500000000002,0,0.0,7.493776486492083e-37,-3.4626640579743416e-16,1.0,0.0,2.3055230812293166e-05,,0.0,0.0,0.0,0.0,0.0,0.0,1.8723151429367313e-05,0,0.0,2.938735877055719e-39,-2.168404344971009e-17,1.0,0.0,2.3055230812293166e-05,,0.0,0.0,0.0,0.0,0.0,0.0,1.8723151429367313e-05,0,0.0,1.003213898765773e-33,-1.266942081559073e-14,1.0,0.0,2.3055230812293166e-05,,0.0,0.0,0.0,0.0,0.0,0.0,1.8723151429367313e-05,0,0.0,3.76158192263132e-37,-2.4532694666933986e-16,1.0,0.0,2.3055230812293166e-05,,0.0,0.0,0.0,0.0,0.0,0.0,1.8723151429367313e-05,457,0.00285625,0.0029626033033715747,-0.7827417514638373,0.4478479824386059,0.002600673602174752,0.003130095632827311,-1.6007803504507527,0.15345908258242716,0.00018791620472966136,0.002699148121332751,0.003013351878667249,0.00273125,0.002975,55.54235661591157,44,0.11381341098866421,45,0.5312971821519502,3,0.9119636789054147,4,0.018899593354628038,0.7754296772635683,0.054361354367768344,0.49854575581427313,0.3436217842542679,1.0,0.8735341724418816,0.8967776120253176,1.0,0.9565627861603387,0.15345908258242716,1.0,0.7054430824513068,0.5511690000570588,1.0,0.9119082895238864,0.11381341098866421,1.0,0.6485818930402077,0.9119636789054147,1.0,0.956814351638468,0.7754296772635683,1.0,0.9119082895238864,0.49854575581427313,1.0,0.911626524917528,64,0.6485818930402077,False,,,,,,,,,,,,,,
calibration,spn_null,12,value_b00_a07_d10,byte_values,8,160000,'07000000000000000000000000000000,'10000000000000000000000000000000,"byte 0, value 0x07, weight 3","byte 0, value 0x10, weight 1",2,63.99437500000008,-0.3977475644115445,-0.25146083123040713,0.8086802867469747,0.06326990370076341,63.94148003679675,64.04726996320342,63.955474999999936,64.03648125000016,15.938468750000014,1.5530362419142487,1.4622362644093547,0.18707121778438304,0.0018738687063306974,15.936902156557135,15.940035343442894,15.937293750000022,15.939687500000012,0,160000,0.0,160000,63.99437500000008,15.938468750000014,288,0.0018,0,0.0,0,0.0,0,0.0,0,0.0,485,0.00303125,160000,63.99437500000008,15.938468750000014,288,0.0018,0,0.0,0,0.0,0,0.0,0,0.0,485,0.00303125,0,288,0.0018,0.001765552991277432,0.32821229933368673,0.7431960726094183,0.0015982523582073014,0.0020201285518403806,0.2795992909109702,0.7878662204185198,0.00034846602621858483,0.0015086751116040957,0.0020913248883959045,0.0015875,0.002025,0,0.0,7.493776486492083e-37,-3.4626640579743416e-16,1.0,0.0,2.3055230812293166e-05,,0.0,0.0,0.0,0.0,0.0,0.0,1.8723151429367313e-05,0,0.0,2.938735877055719e-39,-2.168404344971009e-17,1.0,0.0,2.3055230812293166e-05,,0.0,0.0,0.0,0.0,0.0,0.0,1.8723151429367313e-05,0,0.0,1.003213898765773e-33,-1.266942081559073e-14,1.0,0.0,2.3055230812293166e-05,,0.0,0.0,0.0,0.0,0.0,0.0,1.8723151429367313e-05,0,0.0,3.76158192263132e-37,-2.4532694666933986e-16,1.0,0.0,2.3055230812293166e-05,,0.0,0.0,0.0,0.0,0.0,0.0,1.8723151429367313e-05,485,0.00303125,0.0029626033033715747,0.5052277065942238,0.6128020959052047,0.0027678009921647717,0.003312953597325366,0.44973885097609434,0.6664949364494995,0.00043172205013344936,0.0026703213337595654,0.003392178666240435,0.00275625,0.00330625,38.40786770998661,44,0.7093580920262224,45,6.610730663091673,3,0.08539637310851243,4,0.00966730419299047,0.6052900417745132,0.11802014526697782,0.7011373994773963,0.8086802867469747,1.0,0.9119082895238864,0.18707121778438304,1.0,0.7054430824513068,0.6664949364494995,1.0,0.9119082895238864,0.7878662204185198,1.0,0.9119082895238864,0.7093580920262224,1.0,0.9119082895238864,0.08539637310851243,1.0,0.5673225242956589,0.6052900417745132,1.0,0.9119082895238864,0.7011373994773963,1.0,0.9119082895238864,64,0.5673225242956589,False,,,,,,,,,,,,,,
calibration,spn_null,12,value_b00_a0F_dF0,byte_values,8,160000,'0F000000000000000000000000000000,'F0000000000000000000000000000000,"byte 0, value 0x0F, weight 4","byte 0, value 0xF0, weight 4",,63.99549999999991,-0.31819805154049,-0.2657629737037342,0.7980789738705627,0.04789200649074753,63.95546128059482,64.035538719405,63.964468749999945,64.02492499999974,15.938006250000011,0.8115866812647524,0.5647317919640353,0.5898864617180155,0.002535524389295245,15.935886498563258,15.940126001436765,15.93629999999999,15.939568750000038,0,160000,0.0,160000,63.99549999999991,15.938006250000011,273,0.00170625,0,0.0,0,0.0,0,0.0,0,0.0,451,0.00281875,160000,63.99549999999991,15.938006250000011,273,0.00170625,0,0.0,0,0.0,0,0.0,0,0.0,451,0.00281875,0,273,0.00170625,0.001765552991277432,-0.5650409671647239,0.5920183397776788,0.0015099772773933214,0.001920916653428445,-0.8506218320980519,0.4231181147765364,0.00019719008233536644,0.0015413949656297484,0.0018711050343702517,0.001575,0.00183125,0,0.0,7.493776486492083e-37,-3.4626640579743416e-16,1.0,0.0,2.3055230812293166e-05,,0.0,0.0,0.0,0.0,0.0,0.0,1.8723151429367313e-05,0,0.0,2.938735877055719e-39,-2.168404344971009e-17,1.0,0.0,2.3055230812293166e-05,,0.0,0.0,0.0,0.0,0.0,0.0,1.8723151429367313e-05,0,0.0,3.135043433643041e-32,-7.082421544802926e-14,1.0,0.0,2.3055230812293166e-05,,0.0,0.0,0.0,0.0,0.0,0.0,1.8723151429367313e-05,0,0.0,3.76158192263132e-37,-2.4532694666933986e-16,1.0,0.0,2.3055230812293166e-05,,0.0,0.0,0.0,0.0,0.0,0.0,1.8723151429367313e-05,451,0.00281875,0.0029626033033715747,-1.0587352067619933,0.3006280664898638,0.0025648919770747394,0.0030908804954471376,-0.814995156958832,0.4419171060230547,0.0004992404945800886,0.0024013745016062816,0.0032361254983937185,0.0024875,0.0031249999999999997,49.89468533309825,44,0.2505670767789376,45,0.9295681321360433,3,0.8182871056002384,4,0.006986043443282468,0.8173003635662072,0.09619803813209854,0.6134952245427218,0.7980789738705627,1.0,0.9119082895238864,0.5898864617180155,1.0,0.9119082895238864,0.4419171060230547,1.0,0.8838342120461093,0.4231181147765364,1.0,0.8735341724418816,0.2505670767789376,1.0,0.8440154165185266,0.8182871056002384,1.0,0.9119082895238864,0.8173003635662072,1.0,0.9119082895238864,0.6134952245427218,1.0,0.9119082895238864,64,0.8440154165185266,False,,,,,,,,,,,,,,
calibration,spn_null,14,bit_a019_d019_off+000,bit_positions,8,160000,'00001000000000000000000000000000,'00001000000000000000000000000000,"single bit 19 (byte 2, bit-in-byte 3, MSB-first)","single bit 19 (byte 2, bit-in-byte 3, offset +0)",,63.984531250000174,-1.0938058021356412,-0.9897264095542961,0.3552774854617762,0.04420639043584642,63.947573782726074,64.02148871727427,63.954293750000105,64.01163125000025,15.93573124999999,-2.8355435900507984,-3.0911758393105906,0.017538030398888047,0.0016184069548243454,15.934378227926045,15.937084272073934,15.934681249999993,15.93677499999998,0,160000,0.0,160000,63.984531250000174,15.93573124999999,319,0.00199375,0,0.0,0,0.0,0,0.0,0,0.0,476,0.002975,160000,63.984531250000174,15.93573124999999,319,0.00199375,0,0.0,0,0.0,0,0.0,0,0.0,476,0.002975,0,319,0.00199375,0.001765552991277432,2.1742690500970685,0.03197848270865965,0.001781124572861489,0.002224731607849947,2.628156818435866,0.03400357838005933,0.00024558603380485627,0.0017884349376790785,0.002199065062320921,0.001825,0.00214375,0,0.0,7.493776486492083e-37,-3.4626640579743416e-16,1.0,0.0,2.3055230812293166e-05,,0.0,0.0,0.0,0.0,0.0,0.0,1.8723151429367313e-05,0,0.0,2.938735877055719e-39,-2.168404344971009e-17,1.0,0.0,2.3055230812293166e-05,,0.0,0.0,0.0,0.0,0.0,0.0,1.8723151429367313e-05,0,0.0,3.76158192263132e-37,-2.4532694666933986e-16,1.0,0.0,2.3055230812293166e-05,,0.0,0.0,0.0,0.0,0.0,0.0,1.8723151429367313e-05,0,0.0,3.76158192263132e-37,-2.4532694666933986e-16,1.0,0.0,2.3055230812293166e-05,,0.0,0.0,0.0,0.0,0.0,0.0,1.8723151429367313e-05,476,0.002975,0.0029626033033715747,0.09123752364698984,0.9266870879446925,0.0027140558599108248,0.0032542033575494664,0.1207741475917571,0.9072635371827127,0.0002903200204700225,0.0027322863889190953,0.003217713611080905,0.0028,0.003175,40.065976771777116,44,0.6409043874776066,45,11.464353137353953,3,0.009462545172313491,4,0.004618406942290916,0.5911560886132372,0.01903422910151848,0.16941655166494268,0.3552774854617762,1.0,0.8745291949828337,0.017538030398888047,1.0,0.25096111984018804,0.9072635371827127,1.0,0.9852796438489871,0.03400357838005933,1.0,0.31088985947482817,0.6409043874776066,1.0,0.9255630192718526,0.009462545172313491,0.6056028910280634,0.25096111984018804,0.5911560886132372,1.0,0.9255630192718526,0.16941655166494268,1.0,0.6935889499282384,64,0.25096111984018804,False,,,,,,,,,,,,,,
calibration,spn_null,14,bit_a044_d044_off+000,bit_positions,8,160000,'00000000000800000000000000000000,'00000000000800000000000000000000,"single bit 44 (byte 5, bit-in-byte 4, MSB-first)","single bit 44 (byte 5, bit-in-byte 4, offset +0)",,63.98095000000005,-1.3470384181568569,-1.5798126110689414,0.15816060780535107,0.03410628345967991,63.95243643346872,64.00946356653137,63.95798125000003,64.00225000000017,15.936431250000032,-1.7133496603576321,-2.672667446975876,0.03187619115252395,0.001131035397951327,15.935485680744241,15.937376819255823,15.935725000000035,15.937193750000016,0,160000,0.0,160000,63.98095000000005,15.936431250000032,252,0.001575,0,0.0,0,0.0,0,0.0,0,0.0,461,0.00288125,160000,63.98095000000005,15.936431250000032,252,0.001575,0,0.0,0,0.0,0,0.0,0,0.0,461,0.00288125,0,252,0.001575,0.001765552991277432,-1.8155955402624986,0.06930542772293528,0.0013866529033910308,0.0017817606619146041,-3.4087155344980995,0.011307563422791956,0.00015811388300841894,0.0014428134858048493,0.0017071865141951507,0.001475,0.001675,0,0.0,7.493776486492083e-37,-3.4626640579743416e-16,1.0,0.0,2.3055230812293166e-05,,0.0,0.0,0.0,0.0,0.0,0.0,1.8723151429367313e-05,0,0.0,2.938735877055719e-39,-2.168404344971009e-17,1.0,0.0,2.3055230812293166e-05,,0.0,0.0,0.0,0.0,0.0,0.0,1.8723151429367313e-05,0,0.0,3.76158192263132e-37,-2.4532694666933986e-16,1.0,0.0,2.3055230812293166e-05,,0.0,0.0,0.0,0.0,0.0,0.0,1.8723151429367313e-05,0,0.0,3.76158192263132e-37,-2.4532694666933986e-16,1.0,0.0,2.3055230812293166e-05,,0.0,0.0,0.0,0.0,0.0,0.0,1.8723151429367313e-05,461,0.00288125,0.0029626033033715747,-0.5987461145984,0.565303774418045,0.002624534332617102,0.003156232764327662,-0.45828463948679976,0.6606360272392642,0.0005020938301609712,0.0024614890533642335,0.003301010946635767,0.0025625,0.00320625,44.06480176741632,44,0.4688985882968144,45,9.880877694092609,3,0.01960633748751469,4,0.002905980808293918,0.27326610328680745,0.01029635774339923,0.16474172389438768,0.15816060780535107,1.0,0.6935889499282384,0.03187619115252395,1.0,0.31088985947482817,0.6606360272392642,1.0,0.9255630192718526,0.011307563422791956,0.7236840590586852,0.25096111984018804,0.4688985882968144,1.0,0.9255630192718526,0.01960633748751469,1.0,0.25096111984018804,0.27326610328680745,1.0,0.8050316287586207,0.16474172389438768,1.0,0.6935889499282384,64,0.25096111984018804,False,,,,,,,,,,,,,,
calibration,spn_null,14,bit_a068_d068_off+000,bit_positions,8,160000,'00000000000000000800000000000000,'00000000000000000800000000000000,"single bit 68 (byte 8, bit-in-byte 4, MSB-first)","single bit 68 (byte 8, bit-in-byte 4, offset +0)",,63.97510624999988,-1.7602539434245787,-1.6218992658865425,0.1488552442214222,0.04341216450239678,63.93881277222265,64.01139972777712,63.945799999999856,64.00139999999985,15.937118750000014,-0.6111949080766794,-0.4989976282099687,0.6330780546585476,0.0021610079493527647,15.935312102142547,15.938925397857481,15.935768750000022,15.938525000000023,0,160000,0.0,160000,63.97510624999988,15.937118750000014,270,0.0016875,0,0.0,0,0.0,0,0.0,0,0.0,486,0.0030375,160000,63.97510624999988,15.937118750000014,270,0.0016875,0,0.0,0,0.0,0,0.0,0,0.0,486,0.0030375,0,270,0.0016875,0.001765552991277432,-0.743691620464406,0.47485566173691585,0.001492340265850359,0.001901056363970555,-0.848611579448691,0.42416340951025194,0.0002601510550210616,0.0014700082752183504,0.0019049917247816496,0.00151875,0.00185625,0,0.0,7.493776486492083e-37,-3.4626640579743416e-16,1.0,0.0,2.3055230812293166e-05,,0.0,0.0,0.0,0.0,0.0,0.0,1.8723151429367313e-05,0,0.0,2.938735877055719e-39,-2.168404344971009e-17,1.0,0.0,2.3055230812293166e-05,,0.0,0.0,0.0,0.0,0.0,0.0,1.8723151429367313e-05,0,0.0,3.76158192263132e-37,-2.4532694666933986e-16,1.0,0.0,2.3055230812293166e-05,,0.0,0.0,0.0,0.0,0.0,0.0,1.8723151429367313e-05,0,0.0,3.76158192263132e-37,-2.4532694666933986e-16,1.0,0.0,2.3055230812293166e-05,,0.0,0.0,0.0,0.0,0.0,0.0,1.8723151429367313e-05,486,0.0030375,0.0029626033033715747,0.5512266158105831,0.5808901503750352,0.002773774126380011,0.0033194799533103115,0.6310837400012548,0.5480299735893526,0.0003356762896431194,0.0027568675989633174,0.0033181324010366823,0.00281875,0.00325625,52.68177091843176,44,0.1733972374820596,45,6.40801173126821,3,0.09336174920197365,4,0.0049926119900286295,0.6390543347236646,0.10889042149329917,0.9589382007406112,0.1488552442214222,1.0,0.6935889499282384,0.6330780546585476,1.0,0.9255630192718526,0.5480299735893526,1.0,0.9255630192718526,0.42416340951025194,1.0,0.9255630192718526,0.1733972374820596,1.0,0.6935889499282384,0.09336174920197365,1.0,0.5975151948926314,0.6390543347236646,1.0,0.9255630192718526,0.9589382007406112,1.0,0.9852796438489871,64,0.5975151948926314,False,,,,,,,,,,,,,,
calibration,spn_null,14,bit_a093_d093_off+000,bit_positions,8,160000,'00000000000000000000000400000000,'00000000000000000000000400000000,"single bit 93 (byte 11, bit-in-byte 5, MSB-first)","single bit 93 (byte 11, bit-in-byte 5, offset +0)",,63.99361874999995,-0.45122251474796315,-0.35427268631509967,0.7335663940848582,0.050946350896115516,63.951026534770115,64.0362109652298,63.958287499999884,64.02283124999988,15.938025000000046,0.8416454472919445,1.3088531467261337,0.2319129418101388,0.0011345231849277625,15.937076514881374,15.938973485118721,15.937281250000048,15.938737500000057,0,160000,0.0,160000,63.99361874999995,15.938025000000046,285,0.00178125,0,0.0,0,0.0,0,0.0,0,0.0,480,0.003,160000,63.99361874999995,15.938025000000046,285,0.00178125,0,0.0,0,0.0,0,0.0,0,0.0,480,0.003,0,285,0.00178125,0.001765552991277432,0.14956164603400462,0.858231762885622,0.001580585657881437,0.00200029779585813,0.10111004420070192,0.9222982652689633,0.00043910420175625743,0.0014141497005562551,0.0021483502994437452,0.00150625,0.00206875,0,0.0,7.493776486492083e-37,-3.4626640579743416e-16,1.0,0.0,2.3055230812293166e-05,,0.0,0.0,0.0,0.0,0.0,0.0,1.8723151429367313e-05,0,0.0,2.938735877055719e-39,-2.168404344971009e-17,1.0,0.0,2.3055230812293166e-05,,0.0,0.0,0.0,0.0,0.0,0.0,1.8723151429367313e-05,0,0.0,3.76158192263132e-37,-2.4532694666933986e-16,1.0,0.0,2.3055230812293166e-05,,0.0,0.0,0.0,0.0,0.0,0.0,1.8723151429367313e-05,0,0.0,3.76158192263132e-37,-2.4532694666933986e-16,1.0,0.0,2.3055230812293166e-05,,0.0,0.0,0.0,0.0,0.0,0.0,1.8723151429367313e-05,480,0.003,0.0029626033033715747,0.27523316051242713,0.7825160124064139,0.0027379396615704386,0.0032803174900844726,0.3286686276862333,0.7520199531583802,0.0003218251521733945,0.002730947439676377,0.003269052560323623,0.0028062499999999997,0.003225,41.29558685279707,44,0.5881960528437411,45,2.861358161615727,3,0.413498617341446,4,0.011818862133447305,0.7093235657187155,0.21402697797284306,0.9201939765617319,0.7335663940848582,1.0,0.9255630192718526,0.2319129418101388,1.0,0.7811804355709938,0.7520199531583802,1.0,0.9255630192718526,0.9222982652689633,1.0,0.9852796438489871,0.5881960528437411,1.0,0.9255630192718526,0.413498617341446,1.0,0.9255630192718526,0.7093235657187155,1.0,0.9255630192718526,0.9201939765617319,1.0,0.9852796438489871,64,0.7811804355709938,False,,,,,,,,,,,,,,
calibration,spn_null,14,bit_a118_d118_off+000,bit_positions,8,160000,'00000000000000000000000000000200,'00000000000000000000000000000200,"single bit 118 (byte 14, bit-in-byte 6, MSB-first)","single bit 118 (byte 14, bit-in-byte 6, offset +0)",,64.00037500000013,0.026516504303917093,0.039123115877970904,0.9698846494138467,0.0271108307299753,63.97770977830713,64.02304022169317,63.983225000000004,64.01808125000026,15.937787499999985,0.460901078214102,0.41913299823177097,0.6876811829307893,0.0019401307025497386,15.936165510141956,15.939409489858013,15.936612499999963,15.939087499999992,0,160000,0.0,160000,64.00037500000013,15.937787499999985,296,0.00185,0,0.0,0,0.0,0,0.0,0,0.0,480,0.003,160000,64.00037500000013,15.937787499999985,296,0.00185,0,0.0,0,0.0,0,0.0,0,0.0,480,0.003,0,296,0.00185,0.001765552991277432,0.8046140414661723,0.42129548044042286,0.001645390991818801,0.002072983273276765,0.6775145990729832,0.519836443250981,0.00035254179083580185,0.001555267687112464,0.002144732312887536,0.001625,0.00206875,0,0.0,7.493776486492083e-37,-3.4626640579743416e-16,1.0,0.0,2.3055230812293166e-05,,0.0,0.0,0.0,0.0,0.0,0.0,1.8723151429367313e-05,0,0.0,2.938735877055719e-39,-2.168404344971009e-17,1.0,0.0,2.3055230812293166e-05,,0.0,0.0,0.0,0.0,0.0,0.0,1.8723151429367313e-05,0,0.0,3.76158192263132e-37,-2.4532694666933986e-16,1.0,0.0,2.3055230812293166e-05,,0.0,0.0,0.0,0.0,0.0,0.0,1.8723151429367313e-05,0,0.0,3.76158192263132e-37,-2.4532694666933986e-16,1.0,0.0,2.3055230812293166e-05,,0.0,0.0,0.0,0.0,0.0,0.0,1.8723151429367313e-05,480,0.003,0.0029626033033715747,0.27523316051242713,0.7825160124064139,0.0027379396615704386,0.0032803174900844726,0.2621047123150403,0.800786379654831,0.0004035556254807296,0.002662619054056746,0.0033373809459432543,0.00274375,0.00326875,36.27784951575659,44,0.789511812767402,45,3.8851551970109677,3,0.27413531543138464,4,0.003362323536687533,0.4146448040090472,0.0115493067852641,0.1847889085642256,0.9698846494138467,1.0,0.9852796438489871,0.6876811829307893,1.0,0.9255630192718526,0.800786379654831,1.0,0.9318241508710761,0.519836443250981,1.0,0.9255630192718526,0.789511812767402,1.0,0.9318241508710761,0.27413531543138464,1.0,0.8050316287586207,0.4146448040090472,1.0,0.9255630192718526,0.1847889085642256,1.0,0.6956758910653199,64,0.6956758910653199,False,,,,,,,,,,,,,,
calibration,spn_null,14,bytepos_ab15_db15_a07_d10_off+00,byte_positions,8,160000,'00000000000000000000000000000007,'00000000000000000000000000000010,"byte 15, value 0x07","byte 15, value 0x10, byte offset +0",,64.0191874999999,1.3567611363947263,2.1313116877341995,0.07053344869382921,0.02546340160763827,63.99789956352007,64.04047543647977,64.00262499999988,64.03584374999998,15.93673124999999,-1.2324094048708563,-1.0238680732268561,0.3399721083392817,0.0021236655473813467,15.934955821171835,15.938506678828146,15.935306250000009,15.937987500000002,0,160000,0.0,160000,64.0191874999999,15.93673124999999,263,0.00164375,0,0.0,0,0.0,0,0.0,0,0.0,483,0.00301875,160000,64.0191874999999,15.93673124999999,263,0.00164375,0,0.0,0,0.0,0,0.0,0,0.0,483,0.00301875,0,263,0.00164375,0.001765552991277432,-1.160543144830331,0.257768967358721,0.001451211664856641,0.0018546913951899729,-1.179496382120317,0.27672962238577586,0.00029208303613869805,0.0013995624709349215,0.0018879375290650785,0.0014625,0.00184375,0,0.0,7.493776486492083e-37,-3.4626640579743416e-16,1.0,0.0,2.3055230812293166e-05,,0.0,0.0,0.0,0.0,0.0,0.0,1.8723151429367313e-05,0,0.0,2.938735877055719e-39,-2.168404344971009e-17,1.0,0.0,2.3055230812293166e-05,,0.0,0.0,0.0,0.0,0.0,0.0,1.8723151429367313e-05,0,0.0,1.003213898765773e-33,-1.266942081559073e-14,1.0,0.0,2.3055230812293166e-05,,0.0,0.0,0.0,0.0,0.0,0.0,1.8723151429367313e-05,0,0.0,3.76158192263132e-37,-2.4532694666933986e-16,1.0,0.0,2.3055230812293166e-05,,0.0,0.0,0.0,0.0,0.0,0.0,1.8723151429367313e-05,483,0.00301875,0.0029626033033715747,0.4132298881615051,0.6788278098173766,0.0027558555891433628,0.0032999000225659826,0.4901927660036915,0.6389872899095083,0.00032396814217274065,0.00274790585520208,0.0032895941447979196,0.0028062499999999997,0.00321875,31.2068839761639,44,0.9266304563854068,45,4.525049788645092,3,0.2100667570816105,4,0.001410394801463053,0.10538552427162821,0.09231369482499595,0.968026463428358,0.07053344869382921,1.0,0.5015711907116744,0.3399721083392817,1.0,0.8745291949828337,0.6389872899095083,1.0,0.9255630192718526,0.27672962238577586,1.0,0.8050316287586207,0.9266304563854068,1.0,0.9852796438489871,0.2100667570816105,1.0,0.7469040251790595,0.10538552427162821,1.0,0.613152141216746,0.968026463428358,1.0,0.9852796438489871,64,0.5015711907116744,False,,,,,,,,,,,,,,
calibration,spn_null,14,value_b00_a07_d10,byte_values,8,160000,'07000000000000000000000000000000,'10000000000000000000000000000000,"byte 0, value 0x07, weight 3","byte 0, value 0x10, weight 1",2,63.99485000000011,-0.3641599923030636,-0.42552032941753537,0.6832339368104348,0.034231971271646316,63.96623135582839,64.02346864417184,63.971137500000275,64.01555625000006,15.937818749999995,0.5109990215168158,0.44165008534819966,0.6720636113000061,0.0020413471567355453,15.936112141068655,15.939525358931334,15.93649999999999,15.939137500000026,0,160000,0.0,160000,63.99485000000011,15.937818749999995,285,0.00178125,0,0.0,0,0.0,0,0.0,0,0.0,482,0.0030125,160000,63.99485000000011,15.937818749999995,285,0.00178125,0,0.0,0,0.0,0,0.0,0,0.0,482,0.0030125,0,285,0.00178125,0.001765552991277432,0.14956164603400462,0.858231762885622,0.001580585657881437,0.00200029779585813,0.14354061966343684,0.8899080268277956,0.00030930509672028175,0.001522664467975143,0.0020398355320248567,0.0015875,0.0019875,0,0.0,7.493776486492083e-37,-3.4626640579743416e-16,1.0,0.0,2.3055230812293166e-05,,0.0,0.0,0.0,0.0,0.0,0.0,1.8723151429367313e-05,0,0.0,2.938735877055719e-39,-2.168404344971009e-17,1.0,0.0,2.3055230812293166e-05,,0.0,0.0,0.0,0.0,0.0,0.0,1.8723151429367313e-05,0,0.0,1.003213898765773e-33,-1.266942081559073e-14,1.0,0.0,2.3055230812293166e-05,,0.0,0.0,0.0,0.0,0.0,0.0,1.8723151429367313e-05,0,0.0,3.76158192263132e-37,-2.4532694666933986e-16,1.0,0.0,2.3055230812293166e-05,,0.0,0.0,0.0,0.0,0.0,0.0,1.8723151429367313e-05,482,0.0030125,0.0029626033033715747,0.3672309789451458,0.7128314718680631,0.0027498833221240855,0.00329337280201366,0.5087122155882312,0.6265914511049726,0.0002774243783705494,0.0027805674155121037,0.0032444325844878962,0.0028125,0.003175,46.912205257766644,44,0.353976494818831,45,1.2942840141862075,3,0.73049083934776,4,0.004072240968038718,0.4538666986605541,0.054361354367768344,0.49104268187435474,0.6832339368104348,1.0,0.9255630192718526,0.6720636113000061,1.0,0.9255630192718526,0.6265914511049726,1.0,0.9255630192718526,0.8899080268277956,1.0,0.9852796438489871,0.353976494818831,1.0,0.8745291949828337,0.73049083934776,1.0,0.9255630192718526,0.4538666986605541,1.0,0.9255630192718526,0.49104268187435474,1.0,0.9255630192718526,64,0.8745291949828337,False,,,,,,,,,,,,,,
calibration,spn_null,14,value_b00_a0F_dF0,byte_values,8,160000,'0F000000000000000000000000000000,'F0000000000000000000000000000000,"byte 0, value 0x0F, weight 4","byte 0, value 0xF0, weight 4",,64.00010624999997,0.0075130095482211475,0.005979953729717373,0.9953955692379626,0.050254633315206146,63.95809232513963,64.04212017486032,63.96716874999997,64.03232499999997,15.937800000000012,0.4809402555722081,0.5839532114907025,0.5775761298546372,0.0014530755559780586,15.936585198434503,15.939014801565516,15.936743750000021,15.938643750000018,0,160000,0.0,160000,64.00010624999997,15.937800000000012,277,0.00173125,0,0.0,0,0.0,0,0.0,0,0.0,517,0.00323125,160000,64.00010624999997,15.937800000000012,277,0.00173125,0,0.0,0,0.0,0,0.0,0,0.0,517,0.00323125,0,277,0.00173125,0.001765552991277432,-0.32684009609848097,0.7659244125703408,0.001533502813690865,0.0019473875692615518,-0.5298842696245599,0.6125771426041088,0.00018310321055155126,0.0015781718851613329,0.001884328114838667,0.00160625,0.00184375,0,0.0,7.493776486492083e-37,-3.4626640579743416e-16,1.0,0.0,2.3055230812293166e-05,,0.0,0.0,0.0,0.0,0.0,0.0,1.8723151429367313e-05,0,0.0,2.938735877055719e-39,-2.168404344971009e-17,1.0,0.0,2.3055230812293166e-05,,0.0,0.0,0.0,0.0,0.0,0.0,1.8723151429367313e-05,0,0.0,3.135043433643041e-32,-7.082421544802926e-14,1.0,0.0,2.3055230812293166e-05,,0.0,0.0,0.0,0.0,0.0,0.0,1.8723151429367313e-05,0,0.0,3.76158192263132e-37,-2.4532694666933986e-16,1.0,0.0,2.3055230812293166e-05,,0.0,0.0,0.0,0.0,0.0,0.0,1.8723151429367313e-05,517,0.00323125,0.0029626033033715747,1.977192801517722,0.05052803747717157,0.00295907956227705,0.0035216591229053217,2.2004604306657267,0.06368771588467598,0.0003453130050093269,0.0029425611033013777,0.0035199388966986227,0.0030062500000000002,0.00344375,66.97093771794204,44,0.01437357185956542,45,1.071354502734634,3,0.783993328554965,4,0.0030513991609188666,0.3164669769419847,0.08120153140152415,0.745393094841952,0.9953955692379626,1.0,0.9953955692379626,0.5775761298546372,1.0,0.9255630192718526,0.06368771588467598,1.0,0.5015711907116744,0.6125771426041088,1.0,0.9255630192718526,0.01437357185956542,0.9199085990121869,0.25096111984018804,0.783993328554965,1.0,0.9318241508710761,0.3164669769419847,1.0,0.8745291949828337,0.745393094841952,1.0,0.9255630192718526,64,0.25096111984018804,False,,,,,,,,,,,,,,
calibration,spn_null,16,bit_a019_d019_off+000,bit_positions,8,160000,'00001000000000000000000000000000,'00001000000000000000000000000000,"single bit 19 (byte 2, bit-in-byte 3, MSB-first)","single bit 19 (byte 2, bit-in-byte 3, offset +0)",,63.99236875000007,-0.5396108623881624,-0.46818916933258725,0.6538773846668264,0.04610195175227019,63.95382655380721,64.03091094619293,63.96243124999997,64.02151875000013,15.937487500000012,-0.020039177295455846,-0.021443659175703057,0.9834901951101638,0.0016487549415267237,15.936109106374253,15.938865893625767,15.93647499999999,15.938581250000015,0,160000,0.0,160000,63.99236875000007,15.937487500000012,294,0.0018375,0,0.0,0,0.0,0,0.0,0,0.0,438,0.0027375,160000,63.99236875000007,15.937487500000012,294,0.0018375,0,0.0,0,0.0,0,0.0,0,0.0,438,0.0027375,0,294,0.0018375,0.001765552991277432,0.685513605933051,0.4933196300708028,0.0016336026500933898,0.0020597732578700777,0.5968445810052125,0.5694035526293745,0.0003409545424246463,0.0015524548692083108,0.002122545130791689,0.0016312499999999999,0.00206875,0,0.0,7.493776486492083e-37,-3.4626640579743416e-16,1.0,0.0,2.3055230812293166e-05,,0.0,0.0,0.0,0.0,0.0,0.0,1.8723151429367313e-05,0,0.0,2.938735877055719e-39,-2.168404344971009e-17,1.0,0.0,2.3055230812293166e-05,,0.0,0.0,0.0,0.0,0.0,0.0,1.8723151429367313e-05,0,0.0,3.76158192263132e-37,-2.4532694666933986e-16,1.0,0.0,2.3055230812293166e-05,,0.0,0.0,0.0,0.0,0.0,0.0,1.8723151429367313e-05,0,0.0,3.76158192263132e-37,-2.4532694666933986e-16,1.0,0.0,2.3055230812293166e-05,,0.0,0.0,0.0,0.0,0.0,0.0,1.8723151429367313e-05,438,0.0027375,0.0029626033033715747,-1.6567210265746644,0.10239087514287035,0.0024874051152250116,0.003005874502636268,-1.5385498481027526,0.16780407711718862,0.00041382363393117124,0.002391534784168706,0.003083465215831294,0.0024625000000000003,0.003,35.765664721710465,44,0.8070593560366963,45,0.872513810553487,3,0.8320552753511876,4,0.016963133030750546,0.8265809765429393,0.10032910767899636,0.6320860746029545,0.6538773846668264,1.0,0.9025684342792544,0.9834901951101638,1.0,0.9834901951101638,0.16780407711718862,1.0,0.6808086654211395,0.5694035526293745,1.0,0.9025684342792544,0.8070593560366963,1.0,0.9025684342792544,0.8320552753511876,1.0,0.9025684342792544,0.8265809765429393,1.0,0.9025684342792544,0.6320860746029545,1.0,0.9025684342792544,64,0.6808086654211395,False,,,,,,,,,,,,,,
calibration,spn_null,16,bit_a044_d044_off+000,bit_positions,8,160000,'00000000000800000000000000000000,'00000000000800000000000000000000,"single bit 44 (byte 5, bit-in-byte 4, MSB-first)","single bit 44 (byte 5, bit-in-byte 4, offset +0)",,63.97692500000002,-1.631648897586354,-1.422482793953506,0.197882089174111,0.045881719048481845,63.93856692295515,64.01528307704488,63.94803125000009,64.00734374999993,15.938250000000009,1.2023506388977712,1.230618981208119,0.25820938120365167,0.001723783214766674,15.936808881168108,15.939691118831906,15.937118749999984,15.939256250000016,0,160000,0.0,160000,63.97692500000002,15.938250000000009,264,0.00165,0,0.0,0,0.0,0,0.0,0,0.0,458,0.0028625,160000,63.97692500000002,15.938250000000009,264,0.00165,0,0.0,0,0.0,0,0.0,0,0.0,458,0.0028625,0,264,0.00165,0.001765552991277432,-1.1009929270637702,0.28368167359502316,0.0014570850502167556,0.0018613170795437433,-2.0381631877980055,0.08093196303471317,0.00016035674514745465,0.0015159384061322841,0.0017840615938677158,0.00154375,0.00174375,0,0.0,7.493776486492083e-37,-3.4626640579743416e-16,1.0,0.0,2.3055230812293166e-05,,0.0,0.0,0.0,0.0,0.0,0.0,1.8723151429367313e-05,0,0.0,2.938735877055719e-39,-2.168404344971009e-17,1.0,0.0,2.3055230812293166e-05,,0.0,0.0,0.0,0.0,0.0,0.0,1.8723151429367313e-05,0,0.0,3.76158192263132e-37,-2.4532694666933986e-16,1.0,0.0,2.3055230812293166e-05,,0.0,0.0,0.0,0.0,0.0,0.0,1.8723151429367313e-05,0,0.0,3.76158192263132e-37,-2.4532694666933986e-16,1.0,0.0,2.3055230812293166e-05,,0.0,0.0,0.0,0.0,0.0,0.0,1.8723151429367313e-05,458,0.0028625,0.0029626033033715747,-0.736742842247478,0.4758462898009922,0.0026066383148717516,0.0031366303841135895,-1.1059981082811543,0.305283391244327,0.0002559994419636775,0.002648479110592835,0.0030765208894071652,0.0026875,0.0030125,58.81471280471145,44,0.06685178458897678,45,2.1150756155887573,3,0.5488688897765295,4,0.002633952035997179,0.3371458606076389,0.02477522033939568,0.22897894386463555,0.197882089174111,1.0,0.6808086654211395,0.25820938120365167,1.0,0.7184956694362481,0.305283391244327,1.0,0.813318100514,0.08093196303471317,1.0,0.6620465264441056,0.06685178458897678,1.0,0.6620465264441056,0.5488688897765295,1.0,0.9007079216845612,0.3371458606076389,1.0,0.8298975030341881,0.22897894386463555,1.0,0.6808086654211395,64,0.6620465264441056,False,,,,,,,,,,,,,,
calibration,spn_null,16,bit_a068_d068_off+000,bit_positions,8,160000,'00000000000000000800000000000000,'00000000000000000800000000000000,"single bit 68 (byte 8, bit-in-byte 4, MSB-first)","single bit 68 (byte 8, bit-in-byte 4, offset +0)",,64.00410625000002,0.2903557220262004,0.40673523048573396,0.6963510627796383,0.02855476489503503,63.98023386913555,64.02797863086448,63.9860250000001,64.02335624999984,15.9369,-0.9618805111073956,-1.0757743586527038,0.31770238301328124,0.0015775206586715331,15.935581159725048,15.938218840274955,15.935900000000014,15.937931249999988,0,160000,0.0,160000,64.00410625000002,15.9369,319,0.00199375,0,0.0,0,0.0,0,0.0,0,0.0,445,0.00278125,160000,64.00410625000002,15.9369,319,0.00199375,0,0.0,0,0.0,0,0.0,0,0.0,445,0.00278125,0,319,0.00199375,0.001765552991277432,2.1742690500970685,0.03197848270865965,0.001781124572861489,0.002224731607849947,1.5542346821358026,0.1640762925564271,0.0004152774459838351,0.0016465693668765613,0.0023409306331234384,0.0017000000000000001,0.002225,0,0.0,7.493776486492083e-37,-3.4626640579743416e-16,1.0,0.0,2.3055230812293166e-05,,0.0,0.0,0.0,0.0,0.0,0.0,1.8723151429367313e-05,0,0.0,2.938735877055719e-39,-2.168404344971009e-17,1.0,0.0,2.3055230812293166e-05,,0.0,0.0,0.0,0.0,0.0,0.0,1.8723151429367313e-05,0,0.0,3.76158192263132e-37,-2.4532694666933986e-16,1.0,0.0,2.3055230812293166e-05,,0.0,0.0,0.0,0.0,0.0,0.0,1.8723151429367313e-05,0,0.0,3.76158192263132e-37,-2.4532694666933986e-16,1.0,0.0,2.3055230812293166e-05,,0.0,0.0,0.0,0.0,0.0,0.0,1.8723151429367313e-05,445,0.00278125,0.0029626033033715747,-1.3347286620601493,0.18978673471007734,0.0025291219185281906,0.0030516538291195778,-1.5176070326843234,0.17290274606622802,0.000337995667765981,0.002498678550327435,0.003063821449672565,0.002575,0.0030125,44.54846877385775,44,0.44856187344219295,45,7.686996071257974,3,0.05294346886687023,4,0.003002204997061673,0.20501921530045314,0.01029635774339923,0.16474172389438768,0.6963510627796383,1.0,0.9025684342792544,0.31770238301328124,1.0,0.813318100514,0.17290274606622802,1.0,0.6808086654211395,0.1640762925564271,1.0,0.6808086654211395,0.44856187344219295,1.0,0.8788913970823079,0.05294346886687023,1.0,0.6620465264441056,0.20501921530045314,1.0,0.6808086654211395,0.16474172389438768,1.0,0.6808086654211395,64,0.6620465264441056,False,,,,,,,,,,,,,,
calibration,spn_null,16,bit_a093_d093_off+000,bit_positions,8,160000,'00000000000000000000000400000000,'00000000000000000000000400000000,"single bit 93 (byte 11, bit-in-byte 5, MSB-first)","single bit 93 (byte 11, bit-in-byte 5, offset +0)",,64.02283750000002,1.614855111536384,1.5687166161617947,0.16070227721079855,0.04117646475849736,63.98841311398317,64.05726188601687,63.99841250000008,64.05093125000002,15.938168750000006,1.0720959863477362,0.8260323254926979,0.43603117902156613,0.0022898748406224257,15.936254366725331,15.940083133274678,15.936825000000002,15.939775000000001,0,160000,0.0,160000,64.02283750000002,15.938168750000006,258,0.0016125,0,0.0,0,0.0,0,0.0,0,0.0,438,0.0027375,160000,64.02283750000002,15.938168750000006,258,0.0016125,0,0.0,0,0.0,0,0.0,0,0.0,438,0.0027375,0,258,0.0016125,0.001765552991277432,-1.4582942336631344,0.1528045211027412,0.0014218556279861614,0.0018215521441446003,-1.7491770431706513,0.123741511052626,0.00024748737341529165,0.0014055953779856314,0.0018194046220143686,0.00148125,0.0018,0,0.0,7.493776486492083e-37,-3.4626640579743416e-16,1.0,0.0,2.3055230812293166e-05,,0.0,0.0,0.0,0.0,0.0,0.0,1.8723151429367313e-05,0,0.0,2.938735877055719e-39,-2.168404344971009e-17,1.0,0.0,2.3055230812293166e-05,,0.0,0.0,0.0,0.0,0.0,0.0,1.8723151429367313e-05,0,0.0,3.76158192263132e-37,-2.4532694666933986e-16,1.0,0.0,2.3055230812293166e-05,,0.0,0.0,0.0,0.0,0.0,0.0,1.8723151429367313e-05,0,0.0,3.76158192263132e-37,-2.4532694666933986e-16,1.0,0.0,2.3055230812293166e-05,,0.0,0.0,0.0,0.0,0.0,0.0,1.8723151429367313e-05,438,0.0027375,0.0029626033033715747,-1.6567210265746644,0.10239087514287035,0.0024874051152250116,0.003005874502636268,-1.8967329798689077,0.09968374676198759,0.0003356762896431195,0.002456867598963317,0.003018132401036683,0.002525,0.00295625,43.95395676566411,44,0.4735936880552199,45,4.741382868692326,3,0.1917438412290393,4,0.028705728740347092,0.9411540048729969,0.0681616076981151,0.666771915344037,0.16070227721079855,1.0,0.6808086654211395,0.43603117902156613,1.0,0.8788913970823079,0.09968374676198759,1.0,0.6808086654211395,0.123741511052626,1.0,0.6808086654211395,0.4735936880552199,1.0,0.8788913970823079,0.1917438412290393,1.0,0.6808086654211395,0.9411540048729969,1.0,0.9560929573312985,0.666771915344037,1.0,0.9025684342792544,64,0.6808086654211395,False,,,,,,,,,,,,,,
calibration,spn_null,16,bit_a118_d118_off+000,bit_positions,8,160000,'00000000000000000000000000000200,'00000000000000000000000000000200,"single bit 118 (byte 14, bit-in-byte 6, MSB-first)","single bit 118 (byte 14, bit-in-byte 6, offset +0)",,64.00317499999981,0.22450640301358207,0.33251721700167725,0.7492346708247644,0.02700689065522278,63.98059667438388,64.02575332561575,63.98641874999965,64.02149374999988,15.936856250000014,-1.032017631685631,-0.7474681847578829,0.47913236013888133,0.0024359564709835846,15.934819739426093,15.938892760573935,15.935325000000017,15.938450000000005,0,160000,0.0,160000,64.00317499999981,15.936856250000014,278,0.0017375,0,0.0,0,0.0,0,0.0,0,0.0,460,0.002875,160000,64.00317499999981,15.936856250000014,278,0.0017375,0,0.0,0,0.0,0,0.0,0,0.0,460,0.002875,0,278,0.0017375,0.001765552991277432,-0.2672898783319203,0.8348485170970001,0.0015393858733366691,0.001954003631502494,-0.6517471451322141,0.5353689977130816,0.00012174328963613797,0.001635720062796163,0.0018392799372038368,0.00165625,0.00181875,0,0.0,7.493776486492083e-37,-3.4626640579743416e-16,1.0,0.0,2.3055230812293166e-05,,0.0,0.0,0.0,0.0,0.0,0.0,1.8723151429367313e-05,0,0.0,2.938735877055719e-39,-2.168404344971009e-17,1.0,0.0,2.3055230812293166e-05,,0.0,0.0,0.0,0.0,0.0,0.0,1.8723151429367313e-05,0,0.0,3.76158192263132e-37,-2.4532694666933986e-16,1.0,0.0,2.3055230812293166e-05,,0.0,0.0,0.0,0.0,0.0,0.0,1.8723151429367313e-05,0,0.0,3.76158192263132e-37,-2.4532694666933986e-16,1.0,0.0,2.3055230812293166e-05,,0.0,0.0,0.0,0.0,0.0,0.0,1.8723151429367313e-05,460,0.002875,0.0029626033033715747,-0.6447450238147593,0.5346087481826208,0.002618568681113013,0.0031496989488490985,-0.660535831288908,0.5300390941850448,0.00037511902872859663,0.0025613926438814764,0.0031886073561185235,0.002625,0.0031125000000000002,50.87079907051915,44,0.22133109943752727,45,8.328023021856414,3,0.03969728150760042,4,0.0010472456129838612,0.0827558158055132,0.04722500521690716,0.6615174798910497,0.7492346708247644,1.0,0.9025684342792544,0.47913236013888133,1.0,0.8788913970823079,0.5300390941850448,1.0,0.9007079216845612,0.5353689977130816,1.0,0.9007079216845612,0.22133109943752727,1.0,0.6808086654211395,0.03969728150760042,1.0,0.6620465264441056,0.0827558158055132,1.0,0.6620465264441056,0.6615174798910497,1.0,0.9025684342792544,64,0.6620465264441056,False,,,,,,,,,,,,,,
calibration,spn_null,16,bytepos_ab15_db15_a07_d10_off+00,byte_positions,8,160000,'00000000000000000000000000000007,'00000000000000000000000000000010,"byte 15, value 0x07","byte 15, value 0x10, byte offset +0",,64.0060375,0.4269157191417334,0.30969510384392684,0.7658086223511286,0.05514013154794797,63.95993919640452,64.05213580359552,63.96843750000011,64.04041249999993,15.937906250000012,0.6512732627473278,0.7208314819087815,0.4943764108587982,0.0015940598438050292,15.93657358262026,15.939238917379763,15.936912500000044,15.938949999999984,0,160000,0.0,160000,64.0060375,15.937906250000012,277,0.00173125,0,0.0,0,0.0,0,0.0,0,0.0,517,0.00323125,160000,64.0060375,15.937906250000012,277,0.00173125,0,0.0,0,0.0,0,0.0,0,0.0,517,0.00323125,0,277,0.00173125,0.001765552991277432,-0.32684009609848097,0.7659244125703408,0.001533502813690865,0.0019473875692615518,-0.42801928159579017,0.6814976660614046,0.00022668023418778396,0.0015417405816990901,0.0019207594183009097,0.0015875,0.001875,0,0.0,7.493776486492083e-37,-3.4626640579743416e-16,1.0,0.0,2.3055230812293166e-05,,0.0,0.0,0.0,0.0,0.0,0.0,1.8723151429367313e-05,0,0.0,2.938735877055719e-39,-2.168404344971009e-17,1.0,0.0,2.3055230812293166e-05,,0.0,0.0,0.0,0.0,0.0,0.0,1.8723151429367313e-05,0,0.0,1.003213898765773e-33,-1.266942081559073e-14,1.0,0.0,2.3055230812293166e-05,,0.0,0.0,0.0,0.0,0.0,0.0,1.8723151429367313e-05,0,0.0,3.76158192263132e-37,-2.4532694666933986e-16,1.0,0.0,2.3055230812293166e-05,,0.0,0.0,0.0,0.0,0.0,0.0,1.8723151429367313e-05,517,0.00323125,0.0029626033033715747,1.977192801517722,0.05052803747717157,0.00295907956227705,0.0035216591229053217,1.6281150779443607,0.14752495165399568,0.0004667038675648618,0.0028410758025102737,0.0036214241974897267,0.0029125,0.00353125,38.50385567622171,44,0.7055135891866823,45,1.2223090839321296,3,0.747658794647933,4,0.017195260974176167,0.6670112872037706,0.0681616076981151,0.814961148275038,0.7658086223511286,1.0,0.9025684342792544,0.4943764108587982,1.0,0.8788913970823079,0.14752495165399568,1.0,0.6808086654211395,0.6814976660614046,1.0,0.9025684342792544,0.7055135891866823,1.0,0.9025684342792544,0.747658794647933,1.0,0.9025684342792544,0.6670112872037706,1.0,0.9025684342792544,0.814961148275038,1.0,0.9025684342792544,64,0.6808086654211395,False,,,,,,,,,,,,,,
calibration,spn_null,16,value_b00_a07_d10,byte_values,8,160000,'07000000000000000000000000000000,'10000000000000000000000000000000,"byte 0, value 0x07, weight 3","byte 0, value 0x10, weight 1",2,63.987681249999945,-0.8710671660780988,-0.7217505976968422,0.4938451450545997,0.04827524459879847,63.94732213551855,64.02804036448133,63.958068749999896,64.01971249999998,15.936812499999988,-1.1021547523293644,-0.8887663481955091,0.403634430042913,0.0021879132262888684,15.9349833587681,15.938641641231875,15.935362499999952,15.938250000000018,0,160000,0.0,160000,63.987681249999945,15.936812499999988,279,0.00174375,0,0.0,0,0.0,0,0.0,0,0.0,472,0.00295,160000,63.987681249999945,15.936812499999988,279,0.00174375,0,0.0,0,0.0,0,0.0,0,0.0,472,0.00295,0,279,0.00174375,0.001765552991277432,-0.20773966056535959,0.8816172987109558,0.0015452695959833733,0.001960619034220997,-0.22578592151340793,0.8278186044853935,0.00027312673667313184,0.001515410333884813,0.001972089666115187,0.001575,0.001925,0,0.0,7.493776486492083e-37,-3.4626640579743416e-16,1.0,0.0,2.3055230812293166e-05,,0.0,0.0,0.0,0.0,0.0,0.0,1.8723151429367313e-05,0,0.0,2.938735877055719e-39,-2.168404344971009e-17,1.0,0.0,2.3055230812293166e-05,,0.0,0.0,0.0,0.0,0.0,0.0,1.8723151429367313e-05,0,0.0,1.003213898765773e-33,-1.266942081559073e-14,1.0,0.0,2.3055230812293166e-05,,0.0,0.0,0.0,0.0,0.0,0.0,1.8723151429367313e-05,0,0.0,3.76158192263132e-37,-2.4532694666933986e-16,1.0,0.0,2.3055230812293166e-05,,0.0,0.0,0.0,0.0,0.0,0.0,1.8723151429367313e-05,472,0.00295,0.0029626033033715747,-0.09275811321844746,0.9449947515532906,0.0026901768001387646,0.0032280844977401594,-0.13613123515757578,0.8955498071898736,0.0002618614682831908,0.0027310783339465775,0.0031689216660534224,0.0027749999999999997,0.0031125,50.43709887919054,44,0.2340279787385167,45,1.8418122262855092,3,0.605878668472613,4,0.012507006180333848,0.9313678378932856,0.028915181271121415,0.46264290033794264,0.4938451450545997,1.0,0.8788913970823079,0.403634430042913,1.0,0.8788913970823079,0.8955498071898736,1.0,0.9552531276691986,0.8278186044853935,1.0,0.9025684342792544,0.2340279787385167,1.0,0.6808086654211395,0.605878668472613,1.0,0.9025684342792544,0.9313678378932856,1.0,0.9560929573312985,0.46264290033794264,1.0,0.8788913970823079,64,0.6808086654211395,False,,,,,,,,,,,,,,
calibration,spn_null,16,value_b00_a0F_dF0,byte_values,8,160000,'0F000000000000000000000000000000,'F0000000000000000000000000000000,"byte 0, value 0x0F, weight 4","byte 0, value 0xF0, weight 4",,63.99844999999999,-0.10960155108453869,-0.09352933065564961,0.928103785640508,0.04687365998076593,63.95926263958271,64.03763736041726,63.96695624999991,64.0272187499996,15.938537499999988,1.66325171710333,2.5703687384089866,0.03698799325053034,0.0011416623218454469,15.93758304641349,15.939491953586487,15.937793749999987,15.93923749999998,0,160000,0.0,160000,63.99844999999999,15.938537499999988,247,0.00154375,0,0.0,0,0.0,0,0.0,0,0.0,454,0.0028375,160000,63.99844999999999,15.938537499999988,247,0.00154375,0,0.0,0,0.0,0,0.0,0,0.0,454,0.0028375,0,247,0.00154375,0.001765552991277432,-2.113346629095302,0.03444238338679906,0.0013573383832981782,0.0017485801313792447,-3.1245863151351907,0.016735956150058538,0.00020077973005261268,0.0013758939450368502,0.0017116060549631498,0.00140625,0.001675,0,0.0,7.493776486492083e-37,-3.4626640579743416e-16,1.0,0.0,2.3055230812293166e-05,,0.0,0.0,0.0,0.0,0.0,0.0,1.8723151429367313e-05,0,0.0,2.938735877055719e-39,-2.168404344971009e-17,1.0,0.0,2.3055230812293166e-05,,0.0,0.0,0.0,0.0,0.0,0.0,1.8723151429367313e-05,0,0.0,3.135043433643041e-32,-7.082421544802926e-14,1.0,0.0,2.3055230812293166e-05,,0.0,0.0,0.0,0.0,0.0,0.0,1.8723151429367313e-05,0,0.0,3.76158192263132e-37,-2.4532694666933986e-16,1.0,0.0,2.3055230812293166e-05,,0.0,0.0,0.0,0.0,0.0,0.0,1.8723151429367313e-05,454,0.0028375,0.0029626033033715747,-0.9207384791129153,0.3696968074777862,0.0025827813581368628,0.003110489491001692,-0.798746444995424,0.45068326688049787,0.0004430011286667338,0.0024671417881290346,0.003207858211870965,0.00254375,0.0031125,41.453846682841736,44,0.5813507689601186,45,6.693593054069853,3,0.08233249589240071,4,0.017430170693295045,0.7492823324799561,0.02746989834211533,0.3961801487135007,0.928103785640508,1.0,0.9560929573312985,0.03698799325053034,1.0,0.6620465264441056,0.45068326688049787,1.0,0.8788913970823079,0.016735956150058538,1.0,0.6620465264441056,0.5813507689601186,1.0,0.9025684342792544,0.08233249589240071,1.0,0.6620465264441056,0.7492823324799561,1.0,0.9025684342792544,0.3961801487135007,1.0,0.8788913970823079,64,0.6620465264441056,False,,,,,,,,,,,,,,
