phase,control,rounds,job_id,byte_index,trials,nonzero,nonzero_probability,ideal_probability,exact_p,ci_lower,ci_upper,within_job_bh_q,global_bh_q
calibration,feistel_null,16,bit_a019_d019_off+000,0,160000,159400,0.99625,0.99609375,0.326109478993354,0.9959382030443988,0.9965435962193318,0.5705080046317352,0.6126518587742071
calibration,feistel_null,16,bit_a019_d019_off+000,1,160000,159352,0.99595,0.99609375,0.3565675028948345,0.9956265139305183,0.9962553055688683,0.5705080046317352,0.6464679939169805
calibration,feistel_null,16,bit_a019_d019_off+000,2,160000,159349,0.99593125,0.99609375,0.2973322516553708,0.9956070481398528,0.9962372725898415,0.5705080046317352,0.5825284930390938
calibration,feistel_null,16,bit_a019_d019_off+000,3,160000,159326,0.9957875,0.99609375,0.05187194823148242,0.9954578649452759,0.9960989650945984,0.2977938135770917,0.15808593746737498
calibration,feistel_null,16,bit_a019_d019_off+000,4,160000,159407,0.99629375,0.99609375,0.20672421246595302,0.9959836966608732,0.996585599558239,0.5512645665758747,0.4604530022443501
calibration,feistel_null,16,bit_a019_d019_off+000,5,160000,159343,0.99589375,0.99609375,0.1996165534480121,0.9955681215463325,0.9962012016327074,0.5512645665758747,0.45196200780681983
calibration,feistel_null,16,bit_a019_d019_off+000,6,160000,159387,0.99616875,0.99609375,0.6448810532822427,0.9958537419531708,0.9964655628986566,0.7936997578858371,0.8440161024552869
calibration,feistel_null,16,bit_a019_d019_off+000,7,160000,159388,0.996175,0.99609375,0.6163958739378903,0.9958602377309614,0.9964715666939887,0.7936997578858371,0.8276084461263982
calibration,feistel_null,16,bit_a019_d019_off+000,8,160000,159377,0.99610625,0.99609375,0.9520651830367521,0.9957887952343962,0.9964055138597604,0.9520651830367521,0.9875554572828548
calibration,feistel_null,16,bit_a019_d019_off+000,9,160000,159390,0.9961875,0.99609375,0.5611553143204794,0.995873229896139,0.9964835736735886,0.7936997578858371,0.7939706731726752
calibration,feistel_null,16,bit_a019_d019_off+000,10,160000,159422,0.9963875,0.99609375,0.059588385203322686,0.9960812183377172,0.9966755712689978,0.2977938135770917,0.17848627081182458
calibration,feistel_null,16,bit_a019_d019_off+000,11,160000,159379,0.99611875,0.99609375,0.8884503477324643,0.9958017829811817,0.9964175252683092,0.9476803709146286,0.9594064497448435
calibration,feistel_null,16,bit_a019_d019_off+000,12,160000,159327,0.99579375,0.99609375,0.05689574259212015,0.9954643492022518,0.9961049804371879,0.2977938135770917,0.17122229745591017
calibration,feistel_null,16,bit_a019_d019_off+000,13,160000,159366,0.9960375,0.99609375,0.7182837924895307,0.995717376662717,0.9963394370440737,0.820895762845178,0.8800924579322902
calibration,feistel_null,16,bit_a019_d019_off+000,14,160000,159330,0.9958125,0.99609375,0.07444845339427293,0.9954838030319315,0.9961230254038845,0.2977938135770917,0.21494891807068275
calibration,feistel_null,16,bit_a019_d019_off+000,15,160000,159349,0.99593125,0.99609375,0.2973322516553708,0.9956070481398528,0.9962372725898415,0.5705080046317352,0.5825284930390938
calibration,feistel_null,16,bit_a044_d044_off+000,0,160000,159371,0.99606875,0.99609375,0.8726175464058323,0.9957498367239649,0.9963694748930294,1.0,0.9530294022179738
calibration,feistel_null,16,bit_a044_d044_off+000,1,160000,159372,0.996075,0.99609375,0.904284411952708,0.995756329319074,0.9963754818785991,1.0,0.9688761556636157
calibration,feistel_null,16,bit_a044_d044_off+000,2,160000,159389,0.99618125,0.99609375,0.5884764046808989,0.9958667337117855,0.9964775702857988,1.0,0.8169737505331351
calibration,feistel_null,16,bit_a044_d044_off+000,3,160000,159375,0.99609375,0.99609375,1.0,0.9957758082784421,0.9963935016585105,1.0,1.0
calibration,feistel_null,16,bit_a044_d044_off+000,4,160000,159374,0.9960875,0.99609375,0.968026463428358,0.9957693150958465,0.9963874952618075,1.0,0.9886227711608762
calibration,feistel_null,16,bit_a044_d044_off+000,5,160000,159353,0.99595625,0.99609375,0.37786194706260084,0.995633002899706,0.9962613161887326,1.0,0.6668152006987074
calibration,feistel_null,16,bit_a044_d044_off+000,6,160000,159415,0.99634375,0.99609375,0.11333402266556593,0.9960357021458083,0.99663359056198,1.0,0.3030659101920426
calibration,feistel_null,16,bit_a044_d044_off+000,7,160000,159374,0.9960875,0.99609375,0.968026463428358,0.9957693150958465,0.9963874952618075,1.0,0.9886227711608762
calibration,feistel_null,16,bit_a044_d044_off+000,8,160000,159365,0.99603125,0.99609375,0.6885399078547646,0.9957108852301221,0.9963334288932781,1.0,0.8617970163501617
calibration,feistel_null,16,bit_a044_d044_off+000,9,160000,159384,0.99615,0.99609375,0.7333675617740207,0.9958342558330691,0.9964475502964784,1.0,0.8878094064351323
calibration,feistel_null,16,bit_a044_d044_off+000,10,160000,159410,0.9963125,0.99609375,0.16669297883600925,0.9960031971067277,0.9966035977996639,1.0,0.39906548549269044
calibration,feistel_null,16,bit_a044_d044_off+000,11,160000,159356,0.995975,0.99609375,0.4463032151466413,0.9956524709301883,0.9962793469228468,1.0,0.7176735117935941
calibration,feistel_null,16,bit_a044_d044_off+000,12,160000,159374,0.9960875,0.99609375,0.968026463428358,0.9957693150958465,0.9963874952618075,1.0,0.9886227711608762
calibration,feistel_null,16,bit_a044_d044_off+000,13,160000,159387,0.99616875,0.99609375,0.6448810532822427,0.9958537419531708,0.9964655628986566,1.0,0.8440161024552869
calibration,feistel_null,16,bit_a044_d044_off+000,14,160000,159404,0.996275,0.99609375,0.2533108709405798,0.9959641981303896,0.9965675993966865,1.0,0.5224026554306264
calibration,feistel_null,16,bit_a044_d044_off+000,15,160000,159402,0.9962625,0.99609375,0.28816260786621706,0.9959512001670582,0.9965555982293803,1.0,0.5703837186630276
calibration,feistel_null,16,bit_a068_d068_off+000,0,160000,159374,0.9960875,0.99609375,0.968026463428358,0.9957693150958465,0.9963874952618075,0.968026463428358,0.9886227711608762
calibration,feistel_null,16,bit_a068_d068_off+000,1,160000,159366,0.9960375,0.99609375,0.7182837924895307,0.995717376662717,0.9963394370440737,0.9026062298757178,0.8800924579322902
calibration,feistel_null,16,bit_a068_d068_off+000,2,160000,159347,0.99591875,0.99609375,0.2617210895855886,0.99559407187256,0.9962252496752418,0.9026062298757178,0.5334442590279513
calibration,feistel_null,16,bit_a068_d068_off+000,3,160000,159351,0.99594375,0.99609375,0.33604567866258933,0.9956200251477654,0.9962492947621453,0.9026062298757178,0.6215873824972751
calibration,feistel_null,16,bit_a068_d068_off+000,4,160000,159396,0.996225,0.99609375,0.411288079377106,0.9959122113044169,0.996519589687755,0.9026062298757178,0.6982078801096759
calibration,feistel_null,16,bit_a068_d068_off+000,5,160000,159312,0.9957,0.99609375,0.012935907611608323,0.9953671036326238,0.9960147319736176,0.20697452178573317,0.04297048895205533
calibration,feistel_null,16,bit_a068_d068_off+000,6,160000,159363,0.99601875,0.99609375,0.6305127956476326,0.995697902940957,0.9963214120143271,0.9026062298757178,0.8354620894709832
calibration,feistel_null,16,bit_a068_d068_off+000,7,160000,159397,0.99623125,0.99609375,0.3888440252169814,0.9959187089275388,0.9965255916332852,0.9026062298757178,0.6774777934814922
calibration,feistel_null,16,bit_a068_d068_off+000,8,160000,159387,0.99616875,0.99609375,0.6448810532822427,0.9958537419531708,0.9964655628986566,0.9026062298757178,0.8440161024552869
calibration,feistel_null,16,bit_a068_d068_off+000,9,160000,159360,0.996,0.99609375,0.5476687068590793,0.9956784309405377,0.9963033852592592,0.9026062298757178,0.7870688002765212
calibration,feistel_null,16,bit_a068_d068_off+000,10,160000,159405,0.99628125,0.99609375,0.23703227797610793,0.9959706974286225,0.9965735996629903,0.9026062298757178,0.49792338480757903
calibration,feistel_null,16,bit_a068_d068_off+000,11,160000,159390,0.9961875,0.99609375,0.5611553143204794,0.995873229896139,0.9964835736735886,0.9026062298757178,0.7939706731726752
calibration,feistel_null,16,bit_a068_d068_off+000,12,160000,159377,0.99610625,0.99609375,0.9520651830367521,0.9957887952343962,0.9964055138597604,0.968026463428358,0.9875554572828548
calibration,feistel_null,16,bit_a068_d068_off+000,13,160000,159384,0.99615,0.99609375,0.7333675617740207,0.9958342558330691,0.9964475502964784,0.9026062298757178,0.8878094064351323
calibration,feistel_null,16,bit_a068_d068_off+000,14,160000,159365,0.99603125,0.99609375,0.6885399078547646,0.9957108852301221,0.9963334288932781,0.9026062298757178,0.8617970163501617
calibration,feistel_null,16,bit_a068_d068_off+000,15,160000,159381,0.99613125,0.99609375,0.825545676953505,0.9958147715226021,0.9964295358803383,0.9434807736611486,0.9351313862836163
calibration,feistel_null,16,bit_a093_d093_off+000,0,160000,159397,0.99623125,0.99609375,0.3888440252169814,0.9959187089275388,0.9965255916332852,0.5642038718827186,0.6774777934814922
calibration,feistel_null,16,bit_a093_d093_off+000,1,160000,159407,0.99629375,0.99609375,0.20672421246595302,0.9959836966608732,0.996585599558239,0.5512645665758747,0.4604530022443501
calibration,feistel_null,16,bit_a093_d093_off+000,2,160000,159398,0.9962375,0.99609375,0.3671614830414377,0.995925206758233,0.9965315933707364,0.5642038718827186,0.6533364665797594
calibration,feistel_null,16,bit_a093_d093_off+000,3,160000,159409,0.99630625,0.99609375,0.17933242110671713,0.995996696744396,0.9965975986001014,0.5512645665758747,0.42041300186190095
calibration,feistel_null,16,bit_a093_d093_off+000,4,160000,159321,0.99575625,0.99609375,0.03198683977615851,0.9954254462897645,0.9960688857465462,0.5117894364185361,0.1021875746592751
calibration,feistel_null,16,bit_a093_d093_off+000,5,160000,159339,0.99586875,0.99609375,0.14903814229324908,0.9955421741423356,0.99617715066139,0.5512645665758747,0.37018529521738447
calibration,feistel_null,16,bit_a093_d093_off+000,6,160000,159394,0.9962125,0.99609375,0.45841564590470885,0.9958992166788408,0.9965075851745139,0.5642038718827186,0.7298159536791384
calibration,feistel_null,16,bit_a093_d093_off+000,7,160000,159401,0.99625625,0.99609375,0.3067476122713609,0.9959447015009065,0.9965495973294358,0.5642038718827186,0.5919149905135808
calibration,feistel_null,16,bit_a093_d093_off+000,8,160000,159421,0.99638125,0.99609375,0.06522564248713436,0.9960747153657834,0.9966695746856129,0.5218051398970749,0.19237055848740087
calibration,feistel_null,16,bit_a093_d093_off+000,9,160000,159395,0.99621875,0.99609375,0.43448307620013293,0.9959057138883544,0.9965135875346601,0.5642038718827186,0.7172893433398584
calibration,feistel_null,16,bit_a093_d093_off+000,10,160000,159362,0.9960125,0.99609375,0.6023046362527831,0.9956914120834872,0.9963154032870745,0.6424582786696352,0.8236644598328658
calibration,feistel_null,16,bit_a093_d093_off+000,11,160000,159359,0.99599375,0.99609375,0.521301069631201,0.9956719406541688,0.9962973759595891,0.5957726510070869,0.7752889649046522
calibration,feistel_null,16,bit_a093_d093_off+000,12,160000,159341,0.99588125,0.99609375,0.17294742854839296,0.9955551474807111,0.9961891765114845,0.5512645665758747,0.4099494602628574
calibration,feistel_null,16,bit_a093_d093_off+000,13,160000,159349,0.99593125,0.99609375,0.2973322516553708,0.9956070481398528,0.9962372725898415,0.5642038718827186,0.5825284930390938
calibration,feistel_null,16,bit_a093_d093_off+000,14,160000,159356,0.995975,0.99609375,0.4463032151466413,0.9956524709301883,0.9962793469228468,0.5642038718827186,0.7176735117935941
calibration,feistel_null,16,bit_a093_d093_off+000,15,160000,159373,0.99608125,0.99609375,0.9361042439484883,0.9957628221095461,0.9963814886683475,0.9361042439484883,0.9810699499896821
calibration,feistel_null,16,bit_a118_d118_off+000,0,160000,159358,0.9959875,0.99609375,0.49560258495764375,0.9956654505572808,0.9962913664700027,0.7534514434390517,0.7522189431768189
calibration,feistel_null,16,bit_a118_d118_off+000,1,160000,159387,0.99616875,0.99609375,0.6448810532822427,0.9958537419531708,0.9964655628986566,0.7534514434390517,0.8440161024552869
calibration,feistel_null,16,bit_a118_d118_off+000,2,160000,159345,0.99590625,0.99609375,0.22917350277737814,0.9955810963425052,0.9962132260217409,0.7534514434390517,0.48781942941526163
calibration,feistel_null,16,bit_a118_d118_off+000,3,160000,159380,0.996125,0.99609375,0.8568844719153044,0.9958082771523237,0.9964235306741286,0.9140101033763247,0.9477063283855901
calibration,feistel_null,16,bit_a118_d118_off+000,4,160000,159418,0.9963625,0.99609375,0.0884437484147571,0.9960552077709716,0.9966515836111126,0.7075499873180568,0.24862664268862905
calibration,feistel_null,16,bit_a118_d118_off+000,5,160000,159421,0.99638125,0.99609375,0.06522564248713436,0.9960747153657834,0.9966695746856129,0.7075499873180568,0.19237055848740087
calibration,feistel_null,16,bit_a118_d118_off+000,6,160000,159376,0.9961,0.99609375,0.98401318155977,0.9957823016578018,0.9963995078579856,0.98401318155977,0.9959437578253866
calibration,feistel_null,16,bit_a118_d118_off+000,7,160000,159362,0.9960125,0.99609375,0.6023046362527831,0.9956914120834872,0.9963154032870745,0.7534514434390517,0.8236644598328658
calibration,feistel_null,16,bit_a118_d118_off+000,8,160000,159348,0.995925,0.99609375,0.27914045471074067,0.9956005599138409,0.9962312612251158,0.7534514434390517,0.5582809094214813
calibration,feistel_null,16,bit_a118_d118_off+000,9,160000,159390,0.9961875,0.99609375,0.5611553143204794,0.995873229896139,0.9964835736735886,0.7534514434390517,0.7939706731726752
calibration,feistel_null,16,bit_a118_d118_off+000,10,160000,159390,0.9961875,0.99609375,0.5611553143204794,0.995873229896139,0.9964835736735886,0.7534514434390517,0.7939706731726752
calibration,feistel_null,16,bit_a118_d118_off+000,11,160000,159364,0.996025,0.99609375,0.6592700130091702,0.9957043939896857,0.9963274205498786,0.7534514434390517,0.8483903652664925
calibration,feistel_null,16,bit_a118_d118_off+000,12,160000,159410,0.9963125,0.99609375,0.16669297883600925,0.9960031971067277,0.9966035977996639,0.7534514434390517,0.39906548549269044
calibration,feistel_null,16,bit_a118_d118_off+000,13,160000,159353,0.99595625,0.99609375,0.37786194706260084,0.995633002899706,0.9962613161887326,0.7534514434390517,0.6668152006987074
calibration,feistel_null,16,bit_a118_d118_off+000,14,160000,159356,0.995975,0.99609375,0.4463032151466413,0.9956524709301883,0.9962793469228468,0.7534514434390517,0.7176735117935941
calibration,feistel_null,16,bit_a118_d118_off+000,15,160000,159364,0.996025,0.99609375,0.6592700130091702,0.9957043939896857,0.9963274205498786,0.7534514434390517,0.8483903652664925
calibration,feistel_null,16,bytepos_ab15_db15_a07_d10_off+00,0,160000,159423,0.99639375,0.99609375,0.054361354367768344,0.9960877215307635,0.9966815676307069,0.4099026768153534,0.16462744540396723
calibration,feistel_null,16,bytepos_ab15_db15_a07_d10_off+00,1,160000,159385,0.99615625,0.99609375,0.7034055381161318,0.9958407510047157,0.9964535546994084,0.8657298930660084,0.8701924182879982
calibration,feistel_null,16,bytepos_ab15_db15_a07_d10_off+00,2,160000,159409,0.99630625,0.99609375,0.17933242110671713,0.995996696744396,0.9965975986001014,0.4099026768153534,0.42041300186190095
calibration,feistel_null,16,bytepos_ab15_db15_a07_d10_off+00,3,160000,159377,0.99610625,0.99609375,0.9520651830367521,0.9957887952343962,0.9964055138597604,0.968026463428358,0.9875554572828548
calibration,feistel_null,16,bytepos_ab15_db15_a07_d10_off+00,4,160000,159387,0.99616875,0.99609375,0.6448810532822427,0.9958537419531708,0.9964655628986566,0.8657298930660084,0.8440161024552869
calibration,feistel_null,16,bytepos_ab15_db15_a07_d10_off+00,5,160000,159336,0.99585,0.99609375,0.11802014526697782,0.9955227154911891,0.9961591105268097,0.4099026768153534,0.31126192158323823
calibration,feistel_null,16,bytepos_ab15_db15_a07_d10_off+00,6,160000,159417,0.99635625,0.99609375,0.09619803813209854,0.9960487056778148,0.9966455861467214,0.4099026768153534,0.26652270304996994
calibration,feistel_null,16,bytepos_ab15_db15_a07_d10_off+00,7,160000,159410,0.9963125,0.99609375,0.16669297883600925,0.9960031971067277,0.9966035977996639,0.4099026768153534,0.39906548549269044
calibration,feistel_null,16,bytepos_ab15_db15_a07_d10_off+00,8,160000,159365,0.99603125,0.99609375,0.6885399078547646,0.9957108852301221,0.9963334288932781,0.8657298930660084,0.8617970163501617
calibration,feistel_null,16,bytepos_ab15_db15_a07_d10_off+00,9,160000,159383,0.99614375,0.99609375,0.7637410283656014,0.9958277608624917,0.9964415456919983,0.8728468895606873,0.9057336469808245
calibration,feistel_null,16,bytepos_ab15_db15_a07_d10_off+00,10,160000,159398,0.9962375,0.99609375,0.3671614830414377,0.995925206758233,0.9965315933707364,0.6527315254070003,0.6533364665797594
calibration,feistel_null,16,bytepos_ab15_db15_a07_d10_off+00,11,160000,159337,0.99585625,0.99609375,0.1277403944427496,0.9955292015279255,0.9961651240857164,0.4099026768153534,0.33098725685570746
calibration,feistel_null,16,bytepos_ab15_db15_a07_d10_off+00,12,160000,159363,0.99601875,0.99609375,0.6305127956476326,0.995697902940957,0.9963214120143271,0.8657298930660084,0.8354620894709832
calibration,feistel_null,16,bytepos_ab15_db15_a07_d10_off+00,13,160000,159339,0.99586875,0.99609375,0.14903814229324908,0.9955421741423356,0.99617715066139,0.4099026768153534,0.37018529521738447
calibration,feistel_null,16,bytepos_ab15_db15_a07_d10_off+00,14,160000,159374,0.9960875,0.99609375,0.968026463428358,0.9957693150958465,0.9963874952618075,0.968026463428358,0.9886227711608762
calibration,feistel_null,16,bytepos_ab15_db15_a07_d10_off+00,15,160000,159398,0.9962375,0.99609375,0.3671614830414377,0.995925206758233,0.9965315933707364,0.6527315254070003,0.6533364665797594
calibration,feistel_null,16,value_b00_a07_d10,0,160000,159371,0.99606875,0.99609375,0.8726175464058323,0.9957498367239649,0.9963694748930294,0.9307920494995545,0.9530294022179738
calibration,feistel_null,16,value_b00_a07_d10,1,160000,159406,0.9962875,0.99609375,0.2215070770094379,0.9959771969386064,0.9965795997170194,0.578996276435611,0.47839548690452277
calibration,feistel_null,16,value_b00_a07_d10,2,160000,159388,0.996175,0.99609375,0.6163958739378903,0.9958602377309614,0.9964715666939887,0.7869027518340167,0.8276084461263982
calibration,feistel_null,16,value_b00_a07_d10,3,160000,159342,0.9958875,0.99609375,0.1859284786553716,0.9955616344224101,0.9961951891634117,0.578996276435611,0.4311385012298472
calibration,feistel_null,16,value_b00_a07_d10,4,160000,159373,0.99608125,0.99609375,0.9361042439484883,0.9957628221095461,0.9963814886683475,0.9361042439484883,0.9810699499896821
calibration,feistel_null,16,value_b00_a07_d10,5,160000,159416,0.99635,0.99609375,0.10448724867408299,0.9960422038029462,0.9966395884634905,0.5522910199954381,0.2853705795935126
calibration,feistel_null,16,value_b00_a07_d10,6,160000,159365,0.99603125,0.99609375,0.6885399078547646,0.9957108852301221,0.9963334288932781,0.7869027518340167,0.8617970163501617
calibration,feistel_null,16,value_b00_a07_d10,7,160000,159338,0.9958625,0.99609375,0.13807275499885951,0.9955356877448389,0.9961711374640457,0.5522910199954381,0.3515911002623478
calibration,feistel_null,16,value_b00_a07_d10,8,160000,159363,0.99601875,0.99609375,0.6305127956476326,0.995697902940957,0.9963214120143271,0.7869027518340167,0.8354620894709832
calibration,feistel_null,16,value_b00_a07_d10,9,160000,159351,0.99594375,0.99609375,0.33604567866258933,0.9956200251477654,0.9962492947621453,0.6720913573251787,0.6215873824972751
calibration,feistel_null,16,value_b00_a07_d10,10,160000,159404,0.996275,0.99609375,0.2533108709405798,0.9959641981303896,0.9965675993966865,0.578996276435611,0.5224026554306264
calibration,feistel_null,16,value_b00_a07_d10,11,160000,159389,0.99618125,0.99609375,0.5884764046808989,0.9958667337117855,0.9964775702857988,0.7869027518340167,0.8169737505331351
calibration,feistel_null,16,value_b00_a07_d10,12,160000,159329,0.99580625,0.99609375,0.0681616076981151,0.9954773182451876,0.9961170105922245,0.5452928615849209,0.19919373939175192
calibration,feistel_null,16,value_b00_a07_d10,13,160000,159427,0.99641875,0.99609375,0.037121714807022324,0.9961137365255534,0.9967055508492563,0.5452928615849209,0.11819849490793179
calibration,feistel_null,16,value_b00_a07_d10,14,160000,159364,0.996025,0.99609375,0.6592700130091702,0.9957043939896857,0.9963274205498786,0.7869027518340167,0.8483903652664925
calibration,feistel_null,16,value_b00_a07_d10,15,160000,159358,0.9959875,0.99609375,0.49560258495764375,0.9956654505572808,0.9962913664700027,0.7869027518340167,0.7522189431768189
calibration,feistel_null,16,value_b00_a0F_dF0,0,160000,159388,0.996175,0.99609375,0.6163958739378903,0.9958602377309614,0.9964715666939887,0.968026463428358,0.8276084461263982
calibration,feistel_null,16,value_b00_a0F_dF0,1,160000,159358,0.9959875,0.99609375,0.49560258495764375,0.9956654505572808,0.9962913664700027,0.968026463428358,0.7522189431768189
calibration,feistel_null,16,value_b00_a0F_dF0,2,160000,159373,0.99608125,0.99609375,0.9361042439484883,0.9957628221095461,0.9963814886683475,0.968026463428358,0.9810699499896821
calibration,feistel_null,16,value_b00_a0F_dF0,3,160000,159374,0.9960875,0.99609375,0.968026463428358,0.9957693150958465,0.9963874952618075,0.968026463428358,0.9886227711608762
calibration,feistel_null,16,value_b00_a0F_dF0,4,160000,159398,0.9962375,0.99609375,0.3671614830414377,0.995925206758233,0.9965315933707364,0.968026463428358,0.6533364665797594
calibration,feistel_null,16,value_b00_a0F_dF0,5,160000,159389,0.99618125,0.99609375,0.5884764046808989,0.9958667337117855,0.9964775702857988,0.968026463428358,0.8169737505331351
calibration,feistel_null,16,value_b00_a0F_dF0,6,160000,159397,0.99623125,0.99609375,0.3888440252169814,0.9959187089275388,0.9965255916332852,0.968026463428358,0.6774777934814922
calibration,feistel_null,16,value_b00_a0F_dF0,7,160000,159364,0.996025,0.99609375,0.6592700130091702,0.9957043939896857,0.9963274205498786,0.968026463428358,0.8483903652664925
calibration,feistel_null,16,value_b00_a0F_dF0,8,160000,159393,0.99620625,0.99609375,0.4830695928250653,0.9958927196753679,0.9965015826078262,0.968026463428358,0.7473760017922042
calibration,feistel_null,16,value_b00_a0F_dF0,9,160000,159386,0.9961625,0.99609375,0.6738967836523793,0.9958472463779195,0.9964595589002986,0.968026463428358,0.8591512779631927
calibration,feistel_null,16,value_b00_a0F_dF0,10,160000,159360,0.996,0.99609375,0.5476687068590793,0.9956784309405377,0.9963033852592592,0.968026463428358,0.7870688002765212
calibration,feistel_null,16,value_b00_a0F_dF0,11,160000,159371,0.99606875,0.99609375,0.8726175464058323,0.9957498367239649,0.9963694748930294,0.968026463428358,0.9530294022179738
calibration,feistel_null,16,value_b00_a0F_dF0,12,160000,159383,0.99614375,0.99609375,0.7637410283656014,0.9958277608624917,0.9964415456919983,0.968026463428358,0.9057336469808245
calibration,feistel_null,16,value_b00_a0F_dF0,13,160000,159357,0.99598125,0.99609375,0.47059649279436977,0.9956589606494335,0.996285356790942,0.968026463428358,0.7363857099960799
calibration,feistel_null,16,value_b00_a0F_dF0,14,160000,159373,0.99608125,0.99609375,0.9361042439484883,0.9957628221095461,0.9963814886683475,0.968026463428358,0.9810699499896821
calibration,feistel_null,16,value_b00_a0F_dF0,15,160000,159383,0.99614375,0.99609375,0.7637410283656014,0.9958277608624917,0.9964415456919983,0.968026463428358,0.9057336469808245
calibration,hespn,4,bit_a019_d019_off+000,0,159998,0,0.0,0.99609375,0.0,0.0,2.305551900295849e-05,0.0,0.0
calibration,hespn,4,bit_a019_d019_off+000,1,159998,77056,0.48160602007525094,0.99609375,0.0,0.47915493500789186,0.4840577717441363,0.0,0.0
calibration,hespn,4,bit_a019_d019_off+000,2,159998,159345,0.9959186989837373,0.99609375,0.2617168607914061,0.9955940168067483,0.9962252024831607,0.2617168607914061,0.5334442590279513
calibration,hespn,4,bit_a019_d019_off+000,3,159998,137123,0.8570294628682859,0.99609375,0.0,0.8553046806159809,0.8587412969638327,0.0,0.0
calibration,hespn,4,bit_a019_d019_off+000,4,159998,74947,0.46842460530756636,0.99609375,0.0,0.46597699078784965,0.4708733641284818,0.0,0.0
calibration,hespn,4,bit_a019_d019_off+000,5,159998,102787,0.6424267803347542,0.99609375,0.0,0.6400726207190315,0.6447757780047702,0.0,0.0
calibration,hespn,4,bit_a019_d019_off+000,6,159998,130358,0.8147476843460544,0.99609375,0.0,0.8128352253880389,0.816648731274007,0.0,0.0
calibration,hespn,4,bit_a019_d019_off+000,7,159998,120106,0.7506718833985425,0.99609375,0.0,0.748544395819299,0.7527902842012781,0.0,0.0
calibration,hespn,4,bit_a019_d019_off+000,8,159998,65854,0.41159264490806136,0.99609375,0.0,0.4091797709002072,0.41400872289911395,0.0,0.0
calibration,hespn,4,bit_a019_d019_off+000,9,159998,57880,0.36175452193152413,0.99609375,0.0,0.3593994572356689,0.3641145970085274,0.0,0.0
calibration,hespn,4,bit_a019_d019_off+000,10,159998,0,0.0,0.99609375,0.0,0.0,2.305551900295849e-05,0.0,0.0
calibration,hespn,4,bit_a019_d019_off+000,11,159998,0,0.0,0.99609375,0.0,0.0,2.305551900295849e-05,0.0,0.0
calibration,hespn,4,bit_a019_d019_off+000,12,159998,0,0.0,0.99609375,0.0,0.0,2.305551900295849e-05,0.0,0.0
calibration,hespn,4,bit_a019_d019_off+000,13,159998,0,0.0,0.99609375,0.0,0.0,2.305551900295849e-05,0.0,0.0
calibration,hespn,4,bit_a019_d019_off+000,14,159998,0,0.0,0.99609375,0.0,0.0,2.305551900295849e-05,0.0,0.0
calibration,hespn,4,bit_a019_d019_off+000,15,159998,0,0.0,0.99609375,0.0,0.0,2.305551900295849e-05,0.0,0.0
calibration,hespn,4,bit_a044_d044_off+000,0,160000,0,0.0,0.99609375,0.0,0.0,2.3055230812293166e-05,0.0,0.0
calibration,hespn,4,bit_a044_d044_off+000,1,160000,0,0.0,0.99609375,0.0,0.0,2.3055230812293166e-05,0.0,0.0
calibration,hespn,4,bit_a044_d044_off+000,2,160000,0,0.0,0.99609375,0.0,0.0,2.3055230812293166e-05,0.0,0.0
calibration,hespn,4,bit_a044_d044_off+000,3,160000,0,0.0,0.99609375,0.0,0.0,2.3055230812293166e-05,0.0,0.0
calibration,hespn,4,bit_a044_d044_off+000,4,160000,0,0.0,0.99609375,0.0,0.0,2.3055230812293166e-05,0.0,0.0
calibration,hespn,4,bit_a044_d044_off+000,5,160000,160000,1.0,0.99609375,2.6689658737306474e-272,0.9999769447691877,1.0,2.6689658737306474e-272,1.2590698962070866e-271
calibration,hespn,4,bit_a044_d044_off+000,6,160000,0,0.0,0.99609375,0.0,0.0,2.3055230812293166e-05,0.0,0.0
calibration,hespn,4,bit_a044_d044_off+000,7,160000,0,0.0,0.99609375,0.0,0.0,2.3055230812293166e-05,0.0,0.0
calibration,hespn,4,bit_a044_d044_off+000,8,160000,0,0.0,0.99609375,0.0,0.0,2.3055230812293166e-05,0.0,0.0
calibration,hespn,4,bit_a044_d044_off+000,9,160000,0,0.0,0.99609375,0.0,0.0,2.3055230812293166e-05,0.0,0.0
calibration,hespn,4,bit_a044_d044_off+000,10,160000,0,0.0,0.99609375,0.0,0.0,2.3055230812293166e-05,0.0,0.0
calibration,hespn,4,bit_a044_d044_off+000,11,160000,0,0.0,0.99609375,0.0,0.0,2.3055230812293166e-05,0.0,0.0
calibration,hespn,4,bit_a044_d044_off+000,12,160000,0,0.0,0.99609375,0.0,0.0,2.3055230812293166e-05,0.0,0.0
calibration,hespn,4,bit_a044_d044_off+000,13,160000,0,0.0,0.99609375,0.0,0.0,2.3055230812293166e-05,0.0,0.0
calibration,hespn,4,bit_a044_d044_off+000,14,160000,0,0.0,0.99609375,0.0,0.0,2.3055230812293166e-05,0.0,0.0
calibration,hespn,4,bit_a044_d044_off+000,15,160000,0,0.0,0.99609375,0.0,0.0,2.3055230812293166e-05,0.0,0.0
calibration,hespn,4,bit_a068_d068_off+000,0,160000,0,0.0,0.99609375,0.0,0.0,2.3055230812293166e-05,0.0,0.0
calibration,hespn,4,bit_a068_d068_off+000,1,160000,29563,0.18476875,0.99609375,0.0,0.18286964573454714,0.18667928371054418,0.0,0.0
calibration,hespn,4,bit_a068_d068_off+000,2,160000,59241,0.37025625,0.99609375,0.0,0.36788945797506556,0.3726277441817403,0.0,0.0
calibration,hespn,4,bit_a068_d068_off+000,3,160000,54416,0.3401,0.99609375,0.0,0.33777849341019345,0.34242730186082915,0.0,0.0
calibration,hespn,4,bit_a068_d068_off+000,4,160000,48457,0.30285625,0.99609375,0.0,0.30060523602839434,0.30511440946602575,0.0,0.0
calibration,hespn,4,bit_a068_d068_off+000,5,160000,67649,0.42280625,0.99609375,0.0,0.4203839609582695,0.4252313365778293,0.0,0.0
calibration,hespn,4,bit_a068_d068_off+000,6,160000,77152,0.4822,0.99609375,0.0,0.4797488140981845,0.4846518309692729,0.0,0.0
calibration,hespn,4,bit_a068_d068_off+000,7,160000,80665,0.50415625,0.99609375,0.0,0.5017031979416982,0.5066091514370151,0.0,0.0
calibration,hespn,4,bit_a068_d068_off+000,8,160000,159238,0.9952375,0.99609375,1.0704718035899798e-07,0.9948878979019968,0.9955689660159998,1.0704718035899798e-07,4.0221249763067734e-07
calibration,hespn,4,bit_a068_d068_off+000,9,160000,0,0.0,0.99609375,0.0,0.0,2.3055230812293166e-05,0.0,0.0
calibration,hespn,4,bit_a068_d068_off+000,10,160000,0,0.0,0.99609375,0.0,0.0,2.3055230812293166e-05,0.0,0.0
calibration,hespn,4,bit_a068_d068_off+000,11,160000,0,0.0,0.99609375,0.0,0.0,2.3055230812293166e-05,0.0,0.0
calibration,hespn,4,bit_a068_d068_off+000,12,160000,0,0.0,0.99609375,0.0,0.0,2.3055230812293166e-05,0.0,0.0
calibration,hespn,4,bit_a068_d068_off+000,13,160000,0,0.0,0.99609375,0.0,0.0,2.3055230812293166e-05,0.0,0.0
calibration,hespn,4,bit_a068_d068_off+000,14,160000,0,0.0,0.99609375,0.0,0.0,2.3055230812293166e-05,0.0,0.0
calibration,hespn,4,bit_a068_d068_off+000,15,160000,0,0.0,0.99609375,0.0,0.0,2.3055230812293166e-05,0.0,0.0
calibration,hespn,4,bit_a093_d093_off+000,0,159996,65982,0.4123978099452486,0.99609375,0.0,0.40998420084659626,0.4148145938851295,0.0,0.0
calibration,hespn,4,bit_a093_d093_off+000,1,159996,58749,0.367190429760744,0.99609375,0.0,0.36482775125433836,0.36955792167002494,0.0,0.0
calibration,hespn,4,bit_a093_d093_off+000,2,159996,0,0.0,0.99609375,0.0,0.0,2.3055807200828675e-05,0.0,0.0
calibration,hespn,4,bit_a093_d093_off+000,3,159996,0,0.0,0.99609375,0.0,0.0,2.3055807200828675e-05,0.0,0.0
calibration,hespn,4,bit_a093_d093_off+000,4,159996,0,0.0,0.99609375,0.0,0.0,2.3055807200828675e-05,0.0,0.0
calibration,hespn,4,bit_a093_d093_off+000,5,159996,0,0.0,0.99609375,0.0,0.0,2.3055807200828675e-05,0.0,0.0
calibration,hespn,4,bit_a093_d093_off+000,6,159996,0,0.0,0.99609375,0.0,0.0,2.3055807200828675e-05,0.0,0.0
calibration,hespn,4,bit_a093_d093_off+000,7,159996,0,0.0,0.99609375,0.0,0.0,2.3055807200828675e-05,0.0,0.0
calibration,hespn,4,bit_a093_d093_off+000,8,159996,0,0.0,0.99609375,0.0,0.0,2.3055807200828675e-05,0.0,0.0
calibration,hespn,4,bit_a093_d093_off+000,9,159996,54527,0.3408022700567514,0.99609375,0.0,0.3384795631157904,0.3431307469555438,0.0,0.0
calibration,hespn,4,bit_a093_d093_off+000,10,159996,134422,0.8401585039625991,0.99609375,0.0,0.8383535801758345,0.8419510926169292,0.0,0.0
calibration,hespn,4,bit_a093_d093_off+000,11,159996,159169,0.9948311207780195,0.99609375,1.1118658117649077e-14,0.9944675026777089,0.9951766259170983,1.1118658117649077e-14,4.338988533716713e-14
calibration,hespn,4,bit_a093_d093_off+000,12,159996,137137,0.8571276781919548,0.99609375,0.0,0.8554033742998716,0.8588390301943454,0.0,0.0
calibration,hespn,4,bit_a093_d093_off+000,13,159996,64749,0.4046913672841821,0.99609375,0.0,0.4022849234355889,0.4071012652849102,0.0,0.0
calibration,hespn,4,bit_a093_d093_off+000,14,159996,131207,0.8200642516062902,0.99609375,0.0,0.8181730877189674,0.8219438102653942,0.0,0.0
calibration,hespn,4,bit_a093_d093_off+000,15,159996,120696,0.7543688592214806,0.99609375,0.0,0.7522518912386147,0.7564766062079132,0.0,0.0
calibration,hespn,4,bit_a118_d118_off+000,0,160000,0,0.0,0.99609375,0.0,0.0,2.3055230812293166e-05,0.0,0.0
calibration,hespn,4,bit_a118_d118_off+000,1,160000,0,0.0,0.99609375,0.0,0.0,2.3055230812293166e-05,0.0,0.0
calibration,hespn,4,bit_a118_d118_off+000,2,160000,0,0.0,0.99609375,0.0,0.0,2.3055230812293166e-05,0.0,0.0
calibration,hespn,4,bit_a118_d118_off+000,3,160000,0,0.0,0.99609375,0.0,0.0,2.3055230812293166e-05,0.0,0.0
calibration,hespn,4,bit_a118_d118_off+000,4,160000,0,0.0,0.99609375,0.0,0.0,2.3055230812293166e-05,0.0,0.0
calibration,hespn,4,bit_a118_d118_off+000,5,160000,0,0.0,0.99609375,0.0,0.0,2.3055230812293166e-05,0.0,0.0
calibration,hespn,4,bit_a118_d118_off+000,6,160000,0,0.0,0.99609375,0.0,0.0,2.3055230812293166e-05,0.0,0.0
calibration,hespn,4,bit_a118_d118_off+000,7,160000,0,0.0,0.99609375,0.0,0.0,2.3055230812293166e-05,0.0,0.0
calibration,hespn,4,bit_a118_d118_off+000,8,160000,0,0.0,0.99609375,0.0,0.0,2.3055230812293166e-05,0.0,0.0
calibration,hespn,4,bit_a118_d118_off+000,9,160000,0,0.0,0.99609375,0.0,0.0,2.3055230812293166e-05,0.0,0.0
calibration,hespn,4,bit_a118_d118_off+000,10,160000,0,0.0,0.99609375,0.0,0.0,2.3055230812293166e-05,0.0,0.0
calibration,hespn,4,bit_a118_d118_off+000,11,160000,0,0.0,0.99609375,0.0,0.0,2.3055230812293166e-05,0.0,0.0
calibration,hespn,4,bit_a118_d118_off+000,12,160000,0,0.0,0.99609375,0.0,0.0,2.3055230812293166e-05,0.0,0.0
calibration,hespn,4,bit_a118_d118_off+000,13,160000,0,0.0,0.99609375,0.0,0.0,2.3055230812293166e-05,0.0,0.0
calibration,hespn,4,bit_a118_d118_off+000,14,160000,160000,1.0,0.99609375,2.6689658737306474e-272,0.9999769447691877,1.0,2.6689658737306474e-272,1.2590698962070866e-271
calibration,hespn,4,bit_a118_d118_off+000,15,160000,0,0.0,0.99609375,0.0,0.0,2.3055230812293166e-05,0.0,0.0
calibration,hespn,4,bytepos_ab15_db15_a07_d10_off+00,0,160000,154629,0.96643125,0.99609375,0.0,0.965537077004333,0.9673084690633785,0.0,0.0
calibration,hespn,4,bytepos_ab15_db15_a07_d10_off+00,1,160000,151213,0.94508125,0.99609375,0.0,0.9439537298424192,0.9461926080492897,0.0,0.0
calibration,hespn,4,bytepos_ab15_db15_a07_d10_off+00,2,160000,129135,0.80709375,0.99609375,0.0,0.8051516611321319,0.8090247048634687,0.0,0.0
calibration,hespn,4,bytepos_ab15_db15_a07_d10_off+00,3,160000,65271,0.40794375,0.99609375,0.0,0.4055342375905399,0.4103565985988188,0.0,0.0
calibration,hespn,4,bytepos_ab15_db15_a07_d10_off+00,4,160000,58345,0.36465625,0.99609375,0.0,0.36229710323209774,0.36702030190662516,0.0,0.0
calibration,hespn,4,bytepos_ab15_db15_a07_d10_off+00,5,160000,0,0.0,0.99609375,0.0,0.0,2.3055230812293166e-05,0.0,0.0
calibration,hespn,4,bytepos_ab15_db15_a07_d10_off+00,6,160000,0,0.0,0.99609375,0.0,0.0,2.3055230812293166e-05,0.0,0.0
calibration,hespn,4,bytepos_ab15_db15_a07_d10_off+00,7,160000,0,0.0,0.99609375,0.0,0.0,2.3055230812293166e-05,0.0,0.0
calibration,hespn,4,bytepos_ab15_db15_a07_d10_off+00,8,160000,0,0.0,0.99609375,0.0,0.0,2.3055230812293166e-05,0.0,0.0
calibration,hespn,4,bytepos_ab15_db15_a07_d10_off+00,9,160000,0,0.0,0.99609375,0.0,0.0,2.3055230812293166e-05,0.0,0.0
calibration,hespn,4,bytepos_ab15_db15_a07_d10_off+00,10,160000,0,0.0,0.99609375,0.0,0.0,2.3055230812293166e-05,0.0,0.0
calibration,hespn,4,bytepos_ab15_db15_a07_d10_off+00,11,160000,0,0.0,0.99609375,0.0,0.0,2.3055230812293166e-05,0.0,0.0
calibration,hespn,4,bytepos_ab15_db15_a07_d10_off+00,12,160000,0,0.0,0.99609375,0.0,0.0,2.3055230812293166e-05,0.0,0.0
calibration,hespn,4,bytepos_ab15_db15_a07_d10_off+00,13,160000,0,0.0,0.99609375,0.0,0.0,2.3055230812293166e-05,0.0,0.0
calibration,hespn,4,bytepos_ab15_db15_a07_d10_off+00,14,160000,0,0.0,0.99609375,0.0,0.0,2.3055230812293166e-05,0.0,0.0
calibration,hespn,4,bytepos_ab15_db15_a07_d10_off+00,15,160000,160000,1.0,0.99609375,2.6689658737306474e-272,0.9999769447691877,1.0,2.6689658737306474e-272,1.2590698962070866e-271
calibration,hespn,4,value_b00_a07_d10,0,160000,160000,1.0,0.99609375,2.6689658737306474e-272,0.9999769447691877,1.0,2.6689658737306474e-272,1.2590698962070866e-271
calibration,hespn,4,value_b00_a07_d10,1,160000,153603,0.96001875,0.99609375,0.0,0.9590472869255289,0.9609734985083499,0.0,0.0
calibration,hespn,4,value_b00_a07_d10,2,160000,136627,0.85391875,0.99609375,0.0,0.8521786259450751,0.8556460391481635,0.0,0.0
calibration,hespn,4,value_b00_a07_d10,3,160000,73919,0.46199375,0.99609375,0.0,0.4595484652199379,0.4644404121221331,0.0,0.0
calibration,hespn,4,value_b00_a07_d10,4,160000,102175,0.63859375,0.99609375,0.0,0.6362341750303343,0.6409483020272232,0.0,0.0
calibration,hespn,4,value_b00_a07_d10,5,160000,128589,0.80368125,0.99609375,0.0,0.8017263250597347,0.8056251648155321,0.0,0.0
calibration,hespn,4,value_b00_a07_d10,6,160000,118675,0.74171875,0.99609375,0.0,0.7395666188192664,0.743862119259813,0.0,0.0
calibration,hespn,4,value_b00_a07_d10,7,160000,64791,0.40494375,0.99609375,0.0,0.4025370918789883,0.407353853039565,0.0,0.0
calibration,hespn,4,value_b00_a07_d10,8,160000,57489,0.35930625,0.99609375,0.0,0.35695472890349844,0.3616628701589655,0.0,0.0
calibration,hespn,4,value_b00_a07_d10,9,160000,0,0.0,0.99609375,0.0,0.0,2.3055230812293166e-05,0.0,0.0
calibration,hespn,4,value_b00_a07_d10,10,160000,0,0.0,0.99609375,0.0,0.0,2.3055230812293166e-05,0.0,0.0
calibration,hespn,4,value_b00_a07_d10,11,160000,0,0.0,0.99609375,0.0,0.0,2.3055230812293166e-05,0.0,0.0
calibration,hespn,4,value_b00_a07_d10,12,160000,0,0.0,0.99609375,0.0,0.0,2.3055230812293166e-05,0.0,0.0
calibration,hespn,4,value_b00_a07_d10,13,160000,0,0.0,0.99609375,0.0,0.0,2.3055230812293166e-05,0.0,0.0
calibration,hespn,4,value_b00_a07_d10,14,160000,0,0.0,0.99609375,0.0,0.0,2.3055230812293166e-05,0.0,0.0
calibration,hespn,4,value_b00_a07_d10,15,160000,0,0.0,0.99609375,0.0,0.0,2.3055230812293166e-05,0.0,0.0
calibration,hespn,4,value_b00_a0F_dF0,0,160000,160000,1.0,0.99609375,2.6689658737306474e-272,0.9999769447691877,1.0,2.6689658737306474e-272,1.2590698962070866e-271
calibration,hespn,4,value_b00_a0F_dF0,1,160000,152803,0.95501875,0.99609375,0.0,0.9539917785049657,0.9560291924820155,0.0,0.0
calibration,hespn,4,value_b00_a0F_dF0,2,160000,135948,0.849675,0.99609375,0.0,0.8479143638494824,0.8514229554996477,0.0,0.0
calibration,hespn,4,value_b00_a0F_dF0,3,160000,73141,0.45713125,0.99609375,0.0,0.45468798656737724,0.45957606699320974,0.0,0.0
calibration,hespn,4,value_b00_a0F_dF0,4,160000,102146,0.6384125,0.99609375,0.0,0.6360526722887427,0.6407673113386717,0.0,0.0
calibration,hespn,4,value_b00_a0F_dF0,5,160000,129208,0.80755,0.99609375,0.0,0.805609644806249,0.8094792046260444,0.0,0.0
calibration,hespn,4,value_b00_a0F_dF0,6,160000,119134,0.7445875,0.99609375,0.0,0.7424431399156123,0.7467229941132806,0.0,0.0
calibration,hespn,4,value_b00_a0F_dF0,7,160000,65164,0.407275,0.99609375,0.0,0.4048661158031194,0.4096872446237306,0.0,0.0
calibration,hespn,4,value_b00_a0F_dF0,8,160000,57861,0.36163125,0.99609375,0.0,0.35927637612327434,0.36399113866348415,0.0,0.0
calibration,hespn,4,value_b00_a0F_dF0,9,160000,0,0.0,0.99609375,0.0,0.0,2.3055230812293166e-05,0.0,0.0
calibration,hespn,4,value_b00_a0F_dF0,10,160000,0,0.0,0.99609375,0.0,0.0,2.3055230812293166e-05,0.0,0.0
calibration,hespn,4,value_b00_a0F_dF0,11,160000,0,0.0,0.99609375,0.0,0.0,2.3055230812293166e-05,0.0,0.0
calibration,hespn,4,value_b00_a0F_dF0,12,160000,0,0.0,0.99609375,0.0,0.0,2.3055230812293166e-05,0.0,0.0
calibration,hespn,4,value_b00_a0F_dF0,13,160000,0,0.0,0.99609375,0.0,0.0,2.3055230812293166e-05,0.0,0.0
calibration,hespn,4,value_b00_a0F_dF0,14,160000,0,0.0,0.99609375,0.0,0.0,2.3055230812293166e-05,0.0,0.0
calibration,hespn,4,value_b00_a0F_dF0,15,160000,0,0.0,0.99609375,0.0,0.0,2.3055230812293166e-05,0.0,0.0
calibration,hespn,6,bit_a019_d019_off+000,0,160000,78692,0.491825,0.99609375,0.0,0.48937241421976274,0.4942778820399006,0.0,0.0
calibration,hespn,6,bit_a019_d019_off+000,1,160000,95374,0.5960875,0.99609375,0.0,0.5936783622559341,0.5984931554496942,0.0,0.0
calibration,hespn,6,bit_a019_d019_off+000,2,160000,159340,0.995875,0.99609375,0.16065665549680855,0.9955486607208232,0.9961831636773398,0.16065665549680855,0.3899630575902306
calibration,hespn,6,bit_a019_d019_off+000,3,160000,133942,0.8371375,0.99609375,0.0,0.8353190264856584,0.838943748450052,0.0,0.0
calibration,hespn,6,bit_a019_d019_off+000,4,160000,72629,0.45393125,0.99609375,0.0,0.4514894445998986,0.4563747249300939,0.0,0.0
calibration,hespn,6,bit_a019_d019_off+000,5,160000,101458,0.6341125,0.99609375,0.0,0.6317467823628073,0.6364733571276219,0.0,0.0
calibration,hespn,6,bit_a019_d019_off+000,6,160000,129488,0.8093,0.99609375,0.0,0.8073663332105836,0.8112224526897788,0.0,0.0
calibration,hespn,6,bit_a019_d019_off+000,7,160000,119200,0.745,0.99609375,0.0,0.7428567672924714,0.7471343517747181,0.0,0.0
calibration,hespn,6,bit_a019_d019_off+000,8,160000,92428,0.577675,0.99609375,0.0,0.5752502743486625,0.5800969106737885,0.0,0.0
calibration,hespn,6,bit_a019_d019_off+000,9,160000,123577,0.77235625,0.99609375,0.0,0.7702936121853197,0.7744090144991848,0.0,0.0
calibration,hespn,6,bit_a019_d019_off+000,10,160000,119184,0.7449,0.99609375,0.0,0.7427564937579952,0.7470346289362795,0.0,0.0
calibration,hespn,6,bit_a019_d019_off+000,11,160000,96831,0.60519375,0.99609375,0.0,0.6027936162849568,0.6075900713771727,0.0,0.0
calibration,hespn,6,bit_a019_d019_off+000,12,160000,98683,0.61676875,0.99609375,0.0,0.6143813182603518,0.619151949871378,0.0,0.0
calibration,hespn,6,bit_a019_d019_off+000,13,160000,125486,0.7842875,0.99609375,0.0,0.7822638233063296,0.7863008704498453,0.0,0.0
calibration,hespn,6,bit_a019_d019_off+000,14,160000,125394,0.7837125,0.99609375,0.0,0.7816868893558816,0.7857278252660308,0.0,0.0
calibration,hespn,6,bit_a019_d019_off+000,15,160000,103413,0.64633125,0.99609375,0.0,0.6439828045143858,0.6486743920743387,0.0,0.0
calibration,hespn,6,bit_a044_d044_off+000,0,160000,134762,0.8422625,0.99609375,0.0,0.8404671853665536,0.8440454033608198,0.0,0.0
calibration,hespn,6,bit_a044_d044_off+000,1,160000,133789,0.83618125,0.99609375,0.0,0.8343585268699604,0.8379917828061559,0.0,0.0
calibration,hespn,6,bit_a044_d044_off+000,2,160000,115566,0.7222875,0.99609375,0.0,0.7200858341866025,0.724481108597441,0.0,0.0
calibration,hespn,6,bit_a044_d044_off+000,3,160000,118330,0.7395625,0.99609375,0.0,0.7374046070166833,0.7417117092681788,0.0,0.0
calibration,hespn,6,bit_a044_d044_off+000,4,160000,151872,0.9492,0.99609375,0.0,0.9481127412924745,0.9502709447796541,0.0,0.0
calibration,hespn,6,bit_a044_d044_off+000,5,160000,159107,0.99441875,0.99609375,5.359897846347365e-24,0.994041479468577,0.9947779309479641,5.359897846347365e-24,2.180297429022657e-23
calibration,hespn,6,bit_a044_d044_off+000,6,160000,122717,0.76698125,0.99609375,0.0,0.7649018412948714,0.7690509803998268,0.0,0.0
calibration,hespn,6,bit_a044_d044_off+000,7,160000,92553,0.57845625,0.99609375,0.0,0.5760321152819818,0.5808775414263969,0.0,0.0
calibration,hespn,6,bit_a044_d044_off+000,8,160000,140523,0.87826875,0.99609375,0.0,0.8766566193600818,0.8798671600535087,0.0,0.0
calibration,hespn,6,bit_a044_d044_off+000,9,160000,129008,0.8063,0.99609375,0.0,0.8043549048992357,0.8082339899116171,0.0,0.0
calibration,hespn,6,bit_a044_d044_off+000,10,160000,60346,0.3771625,0.99609375,0.0,0.37478674893391956,0.37954270289849834,0.0,0.0
calibration,hespn,6,bit_a044_d044_off+000,11,160000,59443,0.37151875,0.99609375,0.0,0.3691502816258182,0.37389187476993796,0.0,0.0
calibration,hespn,6,bit_a044_d044_off+000,12,160000,121399,0.75874375,0.99609375,0.0,0.7566395442175077,0.76083857631649,0.0,0.0
calibration,hespn,6,bit_a044_d044_off+000,13,160000,115352,0.72095,0.99609375,0.0,0.7187451179688802,0.723146873317532,0.0,0.0
calibration,hespn,6,bit_a044_d044_off+000,14,160000,54319,0.33949375,0.99609375,0.0,0.3371732591426805,0.3418200581052053,0.0,0.0
calibration,hespn,6,bit_a044_d044_off+000,15,160000,66551,0.41594375,0.99609375,0.0,0.4135270793941673,0.4183634668538447,0.0,0.0
calibration,hespn,6,bit_a068_d068_off+000,0,160000,32125,0.20078125,0.99609375,0.0,0.19882073033973935,0.20275261780082507,0.0,0.0
calibration,hespn,6,bit_a068_d068_off+000,1,160000,41204,0.257525,0.99609375,0.0,0.25538369503573216,0.2596750943142613,0.0,0.0
calibration,hespn,6,bit_a068_d068_off+000,2,160000,85188,0.532425,0.99609375,0.0,0.5299765080880952,0.5348723168352544,0.0,0.0
calibration,hespn,6,bit_a068_d068_off+000,3,160000,86295,0.53934375,0.99609375,0.0,0.5368975720812231,0.5417885021053593,0.0,0.0
calibration,hespn,6,bit_a068_d068_off+000,4,160000,80468,0.502925,0.99609375,0.0,0.5004719275300549,0.505377966468802,0.0,0.0
calibration,hespn,6,bit_a068_d068_off+000,5,160000,89076,0.556725,0.99609375,0.0,0.5542867281282594,0.5591612161518724,0.0,0.0
calibration,hespn,6,bit_a068_d068_off+000,6,160000,102471,0.64044375,0.99609375,0.0,0.6380867755168745,0.6427956344825978,0.0,0.0
calibration,hespn,6,bit_a068_d068_off+000,7,160000,106288,0.6643,0.99609375,0.0,0.6619800070551288,0.6666140381703627,0.0,0.0
calibration,hespn,6,bit_a068_d068_off+000,8,160000,159340,0.995875,0.99609375,0.16065665549680855,0.9955486607208232,0.9961831636773398,0.16065665549680855,0.3899630575902306
calibration,hespn,6,bit_a068_d068_off+000,9,160000,64754,0.4047125,0.99609375,0.0,0.402306065762023,0.40712238753776725,0.0,0.0
calibration,hespn,6,bit_a068_d068_off+000,10,160000,80326,0.5020375,0.99609375,0.0,0.49958442203121417,0.5044905041303839,0.0,0.0
calibration,hespn,6,bit_a068_d068_off+000,11,160000,73960,0.46225,0.99609375,0.0,0.45980461518433174,0.4646967528711786,0.0,0.0
calibration,hespn,6,bit_a068_d068_off+000,12,160000,59000,0.36875,0.99609375,0.0,0.3663852306659129,0.37111952608723336,0.0,0.0
calibration,hespn,6,bit_a068_d068_off+000,13,160000,77498,0.4843625,0.99609375,0.0,0.48191092041478617,0.4868146462840845,0.0,0.0
calibration,hespn,6,bit_a068_d068_off+000,14,160000,66616,0.41635,0.99609375,0.0,0.41393298340761886,0.41877004811692614,0.0,0.0
calibration,hespn,6,bit_a068_d068_off+000,15,160000,36658,0.2291125,0.99609375,0.0,0.22705505230276,0.23117976772371981,0.0,0.0
calibration,hespn,6,bit_a093_d093_off+000,0,160000,94907,0.59316875,0.99609375,0.0,0.5907569086938401,0.5955772147964702,0.0,0.0
calibration,hespn,6,bit_a093_d093_off+000,1,160000,59930,0.3745625,0.99609375,0.0,0.37219006121410103,0.3769394848574764,0.0,0.0
calibration,hespn,6,bit_a093_d093_off+000,2,160000,0,0.0,0.99609375,0.0,0.0,2.3055230812293166e-05,0.0,0.0
calibration,hespn,6,bit_a093_d093_off+000,3,160000,65820,0.411375,0.99609375,0.0,0.4089623368472481,0.4137908749839053,0.0,0.0
calibration,hespn,6,bit_a093_d093_off+000,4,160000,133186,0.8324125,0.99609375,0.0,0.8305732420422277,0.8342397045422191,0.0,0.0
calibration,hespn,6,bit_a093_d093_off+000,5,160000,129869,0.81168125,0.99609375,0.0,0.8097567837213895,0.8135944157264294,0.0,0.0
calibration,hespn,6,bit_a093_d093_off+000,6,160000,111779,0.69861875,0.99609375,0.0,0.6963636783683093,0.7008666226574424,0.0,0.0
calibration,hespn,6,bit_a093_d093_off+000,7,160000,121183,0.75739375,0.99609375,0.0,0.7552855825844333,0.7594925869219983,0.0,0.0
calibration,hespn,6,bit_a093_d093_off+000,8,160000,106458,0.6653625,0.99609375,0.0,0.6630443056649094,0.6676747010436549,0.0,0.0
calibration,hespn,6,bit_a093_d093_off+000,9,160000,53825,0.33640625,0.99609375,0.0,0.33409099794778646,0.33872743122439414,0.0,0.0
calibration,hespn,6,bit_a093_d093_off+000,10,160000,132753,0.82970625,0.99609375,0.0,0.8278553252920698,0.8315452195937679,0.0,0.0
calibration,hespn,6,bit_a093_d093_off+000,11,160000,159232,0.9952,0.99609375,3.106080150564853e-08,0.9948490801803022,0.9955327859597902,3.106080150564853e-08,1.1693478213891212e-07
calibration,hespn,6,bit_a093_d093_off+000,12,160000,144690,0.9043125,0.99609375,0.0,0.9028606718696977,0.9057496586690685,0.0,0.0
calibration,hespn,6,bit_a093_d093_off+000,13,160000,99504,0.6219,0.99609375,0.0,0.6195186546060916,0.624276927541781,0.0,0.0
calibration,hespn,6,bit_a093_d093_off+000,14,160000,138330,0.8645625,0.99609375,0.0,0.8628760675295798,0.8662357105529195,0.0,0.0
calibration,hespn,6,bit_a093_d093_off+000,15,160000,132745,0.82965625,0.99609375,0.0,0.8278051113392648,0.8314954353626948,0.0,0.0
calibration,hespn,6,bit_a118_d118_off+000,0,160000,100235,0.62646875,0.99609375,0.0,0.6240930617398469,0.6288398548098612,0.0,0.0
calibration,hespn,6,bit_a118_d118_off+000,1,160000,45156,0.282225,0.99609375,0.0,0.28002047383860534,0.2844374197405056,0.0,0.0
calibration,hespn,6,bit_a118_d118_off+000,2,160000,40494,0.2530875,0.99609375,0.0,0.250958477477033,0.2552254728244728,0.0,0.0
calibration,hespn,6,bit_a118_d118_off+000,3,160000,21803,0.13626875,0.99609375,0.0,0.13459119561007146,0.1379594960760828,0.0,0.0
calibration,hespn,6,bit_a118_d118_off+000,4,160000,19483,0.12176875,0.99609375,0.0,0.12017012672164792,0.12338109249987049,0.0,0.0
calibration,hespn,6,bit_a118_d118_off+000,5,160000,0,0.0,0.99609375,0.0,0.0,2.3055230812293166e-05,0.0,0.0
calibration,hespn,6,bit_a118_d118_off+000,6,160000,0,0.0,0.99609375,0.0,0.0,2.3055230812293166e-05,0.0,0.0
calibration,hespn,6,bit_a118_d118_off+000,7,160000,41515,0.25946875,0.99609375,0.0,0.2573221561357651,0.2616240627151079,0.0,0.0
calibration,hespn,6,bit_a118_d118_off+000,8,160000,90706,0.5669125,0.99609375,0.0,0.564480263194886,0.5693423118786399,0.0,0.0
calibration,hespn,6,bit_a118_d118_off+000,9,160000,97872,0.6117,0.99609375,0.0,0.6093068316255417,0.6140891202221624,0.0,0.0
calibration,hespn,6,bit_a118_d118_off+000,10,160000,87733,0.54833125,0.99609375,0.0,0.5458887852761617,0.5507719631996402,0.0,0.0
calibration,hespn,6,bit_a118_d118_off+000,11,160000,76306,0.4769125,0.99609375,0.0,0.4744624701167016,0.4793633665690185,0.0,0.0
calibration,hespn,6,bit_a118_d118_off+000,12,160000,116529,0.72830625,0.99609375,0.0,0.7261193606068812,0.7304848639101419,0.0,0.0
calibration,hespn,6,bit_a118_d118_off+000,13,160000,132533,0.82833125,0.99609375,0.0,0.8264744625297302,0.8301761322985428,0.0,0.0
calibration,hespn,6,bit_a118_d118_off+000,14,160000,159294,0.9955875,0.99609375,0.0014361249597175034,0.9952504594862351,0.9959063831720758,0.0014361249597175034,0.005040877372317379
calibration,hespn,6,bit_a118_d118_off+000,15,160000,124289,0.77680625,0.99609375,0.0,0.7747578596579193,0.7788446055657883,0.0,0.0
calibration,hespn,6,bytepos_ab15_db15_a07_d10_off+00,0,160000,155980,0.974875,0.99609375,0.0,0.9740963565843807,0.9756363704390435,0.0,0.0
calibration,hespn,6,bytepos_ab15_db15_a07_d10_off+00,1,160000,154097,0.96310625,0.99609375,0.0,0.9621710570442483,0.9640246133700278,0.0,0.0
calibration,hespn,6,bytepos_ab15_db15_a07_d10_off+00,2,160000,134898,0.8431125,0.99609375,0.0,0.8413210898919414,0.8448914679490699,0.0,0.0
calibration,hespn,6,bytepos_ab15_db15_a07_d10_off+00,3,160000,70637,0.44148125,0.99609375,0.0,0.4390460860332766,0.4439185346937869,0.0,0.0
calibration,hespn,6,bytepos_ab15_db15_a07_d10_off+00,4,160000,99065,0.61915625,0.99609375,0.0,0.6167716151072598,0.621536566489073,0.0,0.0
calibration,hespn,6,bytepos_ab15_db15_a07_d10_off+00,5,160000,128484,0.803025,0.99609375,0.0,0.801067632818412,0.8049713808789163,0.0,0.0
calibration,hespn,6,bytepos_ab15_db15_a07_d10_off+00,6,160000,118215,0.73884375,0.99609375,0.0,0.7366839514148684,0.7409948909382376,0.0,0.0
calibration,hespn,6,bytepos_ab15_db15_a07_d10_off+00,7,160000,64967,0.40604375,0.99609375,0.0,0.4036360345018221,0.40845487054928126,0.0,0.0
calibration,hespn,6,bytepos_ab15_db15_a07_d10_off+00,8,160000,77758,0.4859875,0.99609375,0.0,0.4835356547857222,0.48843985302349496,0.0,0.0
calibration,hespn,6,bytepos_ab15_db15_a07_d10_off+00,9,160000,70203,0.43876875,0.99609375,0.0,0.4363352383000049,0.4412044807308953,0.0,0.0
calibration,hespn,6,bytepos_ab15_db15_a07_d10_off+00,10,160000,64467,0.40291875,0.99609375,0.0,0.4005140711934582,0.405326947117689,0.0,0.0
calibration,hespn,6,bytepos_ab15_db15_a07_d10_off+00,11,160000,35431,0.22144375,0.99609375,0.0,0.21941115253019824,0.2234864457446353,0.0,0.0
calibration,hespn,6,bytepos_ab15_db15_a07_d10_off+00,12,160000,55901,0.34938125,0.99609375,0.0,0.3470447187243086,0.3517232401036537,0.0,0.0
calibration,hespn,6,bytepos_ab15_db15_a07_d10_off+00,13,160000,78768,0.4923,0.99609375,0.0,0.4898473686603621,0.49475291038542996,0.0,0.0
calibration,hespn,6,bytepos_ab15_db15_a07_d10_off+00,14,160000,78258,0.4891125,0.99609375,0.0,0.48666021677271215,0.4915651777872449,0.0,0.0
calibration,hespn,6,bytepos_ab15_db15_a07_d10_off+00,15,160000,159808,0.9988,0.99609375,1.2040527959278726e-91,0.9986178564764541,0.998963661261149,1.2040527959278726e-91,5.171770398616366e-91
calibration,hespn,6,value_b00_a07_d10,0,160000,159623,0.99764375,0.99609375,9.27094893796974e-27,0.9973938001649546,0.9978753838895714,9.27094893796974e-27,3.795356494861813e-26
calibration,hespn,6,value_b00_a07_d10,1,160000,154017,0.96260625,0.99609375,0.0,0.9616650703114819,0.963530618756067,0.0,0.0
calibration,hespn,6,value_b00_a07_d10,2,160000,145771,0.91106875,0.99609375,0.0,0.9096634334498174,0.912459150527977,0.0,0.0
calibration,hespn,6,value_b00_a07_d10,3,160000,106704,0.6669,0.99609375,0.0,0.66458443167116,0.6692095193008201,0.0,0.0
calibration,hespn,6,value_b00_a07_d10,4,160000,115921,0.72450625,0.99609375,0.0,0.7223099733474023,0.7266943889759853,0.0,0.0
calibration,hespn,6,value_b00_a07_d10,5,160000,141055,0.88159375,0.99609375,0.0,0.8800006024685504,0.8831730559114447,0.0,0.0
calibration,hespn,6,value_b00_a07_d10,6,160000,136981,0.85613125,0.99609375,0.0,0.854402017488449,0.8578475671722968,0.0,0.0
calibration,hespn,6,value_b00_a07_d10,7,160000,105730,0.6608125,0.99609375,0.0,0.6584866955065966,0.6631324761437818,0.0,0.0
calibration,hespn,6,value_b00_a07_d10,8,160000,108572,0.678575,0.99609375,0.0,0.676280281668132,0.680863246055202,0.0,0.0
calibration,hespn,6,value_b00_a07_d10,9,160000,124520,0.77825,0.99609375,0.0,0.776206303930453,0.7802836089070715,0.0,0.0
calibration,hespn,6,value_b00_a07_d10,10,160000,110097,0.68810625,0.99609375,0.0,0.6858297666604015,0.6903759155121985,0.0,0.0
calibration,hespn,6,value_b00_a07_d10,11,160000,60109,0.37568125,0.99609375,0.0,0.3733073770444174,0.3780596284770486,0.0,0.0
calibration,hespn,6,value_b00_a07_d10,12,160000,94969,0.59355625,0.99609375,0.0,0.5911447625508072,0.5959643468953213,0.0,0.0
calibration,hespn,6,value_b00_a07_d10,13,160000,134723,0.84201875,0.99609375,0.0,0.8402223190635916,0.8438027785207374,0.0,0.0
calibration,hespn,6,value_b00_a07_d10,14,160000,129674,0.8104625,0.99609375,0.0,0.8085333103840627,0.8123804333116661,0.0,0.0
calibration,hespn,6,value_b00_a07_d10,15,160000,103343,0.64589375,0.99609375,0.0,0.6435446574156519,0.6482375550317776,0.0,0.0
calibration,hespn,6,value_b00_a0F_dF0,0,160000,159575,0.99734375,0.99609375,2.4242414683091543e-17,0.9970791880404307,0.9975900250064076,2.4242414683091543e-17,9.577250245171969e-17
calibration,hespn,6,value_b00_a0F_dF0,1,160000,154076,0.962975,0.99609375,0.0,0.9620382311381377,0.9638949441736838,0.0,0.0
calibration,hespn,6,value_b00_a0F_dF0,2,160000,145732,0.910825,0.99609375,0.0,0.9094179646943746,0.912217128182529,0.0,0.0
calibration,hespn,6,value_b00_a0F_dF0,3,160000,106907,0.66816875,0.99609375,0.0,0.6658553694834217,0.6704760354942553,0.0,0.0
calibration,hespn,6,value_b00_a0F_dF0,4,160000,115740,0.723375,0.99609375,0.0,0.7211759672163398,0.7255659361308257,0.0,0.0
calibration,hespn,6,value_b00_a0F_dF0,5,160000,140891,0.88056875,0.99609375,0.0,0.878969708390089,0.8821539873038549,0.0,0.0
calibration,hespn,6,value_b00_a0F_dF0,6,160000,137038,0.8564875,0.99609375,0.0,0.8547600341081679,0.8582020376008894,0.0,0.0
calibration,hespn,6,value_b00_a0F_dF0,7,160000,106032,0.6627,0.99609375,0.0,0.6603773233262611,0.6650167799008505,0.0,0.0
calibration,hespn,6,value_b00_a0F_dF0,8,160000,108904,0.68065,0.99609375,0.0,0.6783591575829595,0.6829342949137608,0.0,0.0
calibration,hespn,6,value_b00_a0F_dF0,9,160000,124314,0.7769625,0.99609375,0.0,0.7749146159849926,0.7790003435692661,0.0,0.0
calibration,hespn,6,value_b00_a0F_dF0,10,160000,109942,0.6871375,0.99609375,0.0,0.6848591126289868,0.6894091046659738,0.0,0.0
calibration,hespn,6,value_b00_a0F_dF0,11,160000,60132,0.375825,0.99609375,0.0,0.3734509437447121,0.3782035565664141,0.0,0.0
calibration,hespn,6,value_b00_a0F_dF0,12,160000,94579,0.59111875,0.99609375,0.0,0.5887050624764878,0.5935291353118898,0.0,0.0
calibration,hespn,6,value_b00_a0F_dF0,13,160000,134500,0.840625,0.99609375,0.0,0.838822214826343,0.8424154334002257,0.0,0.0
calibration,hespn,6,value_b00_a0F_dF0,14,160000,129776,0.8111,0.99609375,0.0,0.8091732772691346,0.8130154432816776,0.0,0.0
calibration,hespn,6,value_b00_a0F_dF0,15,160000,103324,0.645775,0.99609375,0.0,0.6434257321445129,0.6481189846074178,0.0,0.0
calibration,hespn,8,bit_a019_d019_off+000,0,159999,154698,0.9668685429283933,0.99609375,0.0,0.9659799276015739,0.9677401878197411,0.0,0.0
calibration,hespn,8,bit_a019_d019_off+000,1,159999,153597,0.959987249920312,0.99609375,0.0,0.9590154220372478,0.960942364304144,0.0,0.0
calibration,hespn,8,bit_a019_d019_off+000,2,159999,159113,0.9944624653904087,0.99609375,7.402664242169038e-23,0.9940866165819324,0.9948202221139251,7.402664242169038e-23,2.9796887515648957e-22
calibration,hespn,8,bit_a019_d019_off+000,3,159999,151719,0.9482496765604785,0.99609375,0.0,0.9471529584929165,0.9493301156556944,0.0,0.0
calibration,hespn,8,bit_a019_d019_off+000,4,159999,149411,0.9338245864036651,0.99609375,0.0,0.9325955163769859,0.9350379078405769,0.0,0.0
calibration,hespn,8,bit_a019_d019_off+000,5,159999,153139,0.9571247320295752,0.99609375,0.0,0.9561206839042338,0.9581121729786268,0.0,0.0
calibration,hespn,8,bit_a019_d019_off+000,6,159999,147076,0.9192307451921574,0.99609375,0.0,0.9178848766391183,0.9205613994535455,0.0,0.0
calibration,hespn,8,bit_a019_d019_off+000,7,159999,139118,0.8694929343308395,0.99609375,0.0,0.8678325220325357,0.8711399452891547,0.0,0.0
calibration,hespn,8,bit_a019_d019_off+000,8,159999,148247,0.9265495409346308,0.99609375,0.0,0.9252604053571502,0.927823194487091,0.0,0.0
calibration,hespn,8,bit_a019_d019_off+000,9,159999,145450,0.9090681816761355,0.99609375,0.0,0.907648846325602,0.9104726739419684,0.0,0.0
calibration,hespn,8,bit_a019_d019_off+000,10,159999,148719,0.929499559372246,0.99609375,0.0,0.9282343098678014,0.9307492188182173,0.0,0.0
calibration,hespn,8,bit_a019_d019_off+000,11,159999,150668,0.9416808855055344,0.99609375,0.0,0.9405214567995838,0.9428242771271054,0.0,0.0
calibration,hespn,8,bit_a019_d019_off+000,12,159999,152314,0.9519684498028113,0.99609375,0.0,0.9509093402850287,0.9530111430548884,0.0,0.0
calibration,hespn,8,bit_a019_d019_off+000,13,159999,151722,0.9482684266776668,0.99609375,0.0,0.9471718941850642,0.9493486795063968,0.0,0.0
calibration,hespn,8,bit_a019_d019_off+000,14,159999,148890,0.9305683160519753,0.99609375,0.0,0.9293118751196732,0.9318091277677647,0.0,0.0
calibration,hespn,8,bit_a019_d019_off+000,15,159999,150784,0.9424058900368127,0.99609375,0.0,0.9412531684343669,0.9435425478912036,0.0,0.0
calibration,hespn,8,bit_a044_d044_off+000,0,160000,110938,0.6933625,0.99609375,0.0,0.6910965498960703,0.6956214417060449,0.0,0.0
calibration,hespn,8,bit_a044_d044_off+000,1,160000,113576,0.70985,0.99609375,0.0,0.7076193536437563,0.7120730401483301,0.0,0.0
calibration,hespn,8,bit_a044_d044_off+000,2,160000,106558,0.6659875,0.99609375,0.0,0.6636703698170733,0.6682986142343895,0.0,0.0
calibration,hespn,8,bit_a044_d044_off+000,3,160000,91853,0.57408125,0.99609375,0.0,0.5716538858983395,0.5765059293683742,0.0,0.0
calibration,hespn,8,bit_a044_d044_off+000,4,160000,105318,0.6582375,0.99609375,0.0,0.6559074947060731,0.6605617702890648,0.0,0.0
calibration,hespn,8,bit_a044_d044_off+000,5,160000,159544,0.99715,0.99609375,1.4145307620360394e-12,0.9968764394324334,0.9974052907955371,1.4145307620360394e-12,5.4645856400587444e-12
calibration,hespn,8,bit_a044_d044_off+000,6,160000,108206,0.6762875,0.99609375,0.0,0.6739885688146418,0.678580041838317,0.0,0.0
calibration,hespn,8,bit_a044_d044_off+000,7,160000,98418,0.6151125,0.99609375,0.0,0.6127231637488303,0.6174976644136685,0.0,0.0
calibration,hespn,8,bit_a044_d044_off+000,8,160000,105363,0.65851875,0.99609375,0.0,0.6561891998207814,0.6608425549789829,0.0,0.0
calibration,hespn,8,bit_a044_d044_off+000,9,160000,90372,0.564825,0.99609375,0.0,0.5623914417078526,0.5672562090194573,0.0,0.0
calibration,hespn,8,bit_a044_d044_off+000,10,160000,94376,0.58985,0.99609375,0.0,0.5874351915581675,0.5922615522133113,0.0,0.0
calibration,hespn,8,bit_a044_d044_off+000,11,160000,90668,0.566675,0.99609375,0.0,0.5642426106354371,0.5691049730454166,0.0,0.0
calibration,hespn,8,bit_a044_d044_off+000,12,160000,94491,0.59056875,0.99609375,0.0,0.5881545745249319,0.592979643197021,0.0,0.0
calibration,hespn,8,bit_a044_d044_off+000,13,160000,85506,0.5344125,0.99609375,0.0,0.5319646244260408,0.5368591284700737,0.0,0.0
calibration,hespn,8,bit_a044_d044_off+000,14,160000,87576,0.54735,0.99609375,0.0,0.5449070909043882,0.5497911931324587,0.0,0.0
calibration,hespn,8,bit_a044_d044_off+000,15,160000,99149,0.61968125,0.99609375,0.0,0.6172972382919459,0.622060924275584,0.0,0.0
calibration,hespn,8,bit_a068_d068_off+000,0,160000,146405,0.91503125,0.99609375,0.0,0.9136543254362255,0.9163931138305147,0.0,0.0
calibration,hespn,8,bit_a068_d068_off+000,1,160000,133779,0.83611875,0.99609375,0.0,0.8342957498881747,0.8379295620585209,0.0,0.0
calibration,hespn,8,bit_a068_d068_off+000,2,160000,147256,0.92035,0.99609375,0.0,0.9190125910904257,0.921672153793512,0.0,0.0
calibration,hespn,8,bit_a068_d068_off+000,3,160000,151415,0.94634375,0.99609375,0.0,0.9452283751562538,0.9474429162314671,0.0,0.0
calibration,hespn,8,bit_a068_d068_off+000,4,160000,147054,0.9190875,0.99609375,0.0,0.9177405590466048,0.9204192319934006,0.0,0.0
calibration,hespn,8,bit_a068_d068_off+000,5,160000,134475,0.84046875,0.99609375,0.0,0.8386652555022606,0.8422598984015446,0.0,0.0
calibration,hespn,8,bit_a068_d068_off+000,6,160000,151533,0.94708125,0.99609375,0.0,0.9459730485335341,0.9481732156756305,0.0,0.0
calibration,hespn,8,bit_a068_d068_off+000,7,160000,156996,0.981225,0.99609375,0.0,0.9805480246615348,0.9818844570466164,0.0,0.0
calibration,hespn,8,bit_a068_d068_off+000,8,160000,159284,0.995525,0.99609375,0.00035912429254635894,0.9951856802831842,0.9958461662445421,0.00035912429254635894,0.001274526139905747
calibration,hespn,8,bit_a068_d068_off+000,9,160000,151943,0.94964375,0.99609375,0.0,0.9485609423011496,0.9507102273948533,0.0,0.0
calibration,hespn,8,bit_a068_d068_off+000,10,160000,151202,0.9450125,0.99609375,0.0,0.9438843232532272,0.946124517170104,0.0,0.0
calibration,hespn,8,bit_a068_d068_off+000,11,160000,149583,0.93489375,0.99609375,0.0,0.9336738524130209,0.9360978598774901,0.0,0.0
calibration,hespn,8,bit_a068_d068_off+000,12,160000,147520,0.922,0.99609375,0.0,0.9206751974402824,0.923309487104913,0.0,0.0
calibration,hespn,8,bit_a068_d068_off+000,13,160000,150315,0.93946875,0.99609375,0.0,0.9382891658619995,0.9406323784642772,0.0,0.0
calibration,hespn,8,bit_a068_d068_off+000,14,160000,153116,0.956975,0.99609375,0.0,0.9559693039556875,0.9579640945262234,0.0,0.0
calibration,hespn,8,bit_a068_d068_off+000,15,160000,152624,0.9539,0.99609375,0.0,0.9528611002066586,0.9549224121973205,0.0,0.0
calibration,hespn,8,bit_a093_d093_off+000,0,160000,134842,0.8427625,0.99609375,0.0,0.8409694799251631,0.8445430906338695,0.0,0.0
calibration,hespn,8,bit_a093_d093_off+000,1,160000,127534,0.7970875,0.99609375,0.0,0.7951084137253692,0.799055815491534,0.0,0.0
calibration,hespn,8,bit_a093_d093_off+000,2,160000,136229,0.85143125,0.99609375,0.0,0.8496790430591747,0.8531707124552016,0.0,0.0
calibration,hespn,8,bit_a093_d093_off+000,3,160000,153859,0.96161875,0.99609375,0.0,0.9606658774229283,0.9625548484535712,0.0,0.0
calibration,hespn,8,bit_a093_d093_off+000,4,160000,150210,0.9388125,0.99609375,0.0,0.937627021541531,0.9399820468936226,0.0,0.0
calibration,hespn,8,bit_a093_d093_off+000,5,160000,137834,0.8614625,0.99609375,0.0,0.8597600869054931,0.8631518039133578,0.0,0.0
calibration,hespn,8,bit_a093_d093_off+000,6,160000,151539,0.94711875,0.99609375,0.0,0.9460109148579628,0.9482103479689798,0.0,0.0
calibration,hespn,8,bit_a093_d093_off+000,7,160000,147482,0.9217625,0.99609375,0.0,0.9204358723534484,0.9230738208780145,0.0,0.0
calibration,hespn,8,bit_a093_d093_off+000,8,160000,135033,0.84395625,0.99609375,0.0,0.8421687339014299,0.8457312932794421,0.0,0.0
calibration,hespn,8,bit_a093_d093_off+000,9,160000,135940,0.849625,0.99609375,0.0,0.8478641250893886,0.8513731960770384,0.0,0.0
calibration,hespn,8,bit_a093_d093_off+000,10,160000,157576,0.98485,0.99609375,0.0,0.9842394890655487,0.985442848585665,0.0,0.0
calibration,hespn,8,bit_a093_d093_off+000,11,160000,159279,0.99549375,0.99609375,0.00016410816643001397,0.9951532967271565,0.995816051722807,0.00016410816643001397,0.0005856648318691949
calibration,hespn,8,bit_a093_d093_off+000,12,160000,155734,0.9733375,0.99609375,0.0,0.9725363949935677,0.9741213905817573,0.0,0.0
calibration,hespn,8,bit_a093_d093_off+000,13,160000,153873,0.96170625,0.99609375,0.0,0.9607544066076579,0.9626413160089144,0.0,0.0
calibration,hespn,8,bit_a093_d093_off+000,14,160000,155341,0.97088125,0.99609375,0.0,0.9700456766138479,0.9716997020248395,0.0,0.0
calibration,hespn,8,bit_a093_d093_off+000,15,160000,148813,0.93008125,0.99609375,0.0,0.9288207882407077,0.9313261004873532,0.0,0.0
calibration,hespn,8,bit_a118_d118_off+000,0,160000,135446,0.8465375,0.99609375,0.0,0.8447620105029985,0.84830042287497,0.0,0.0
calibration,hespn,8,bit_a118_d118_off+000,1,160000,132491,0.82806875,0.99609375,0.0,0.8262108481973732,0.8299147561651515,0.0,0.0
calibration,hespn,8,bit_a118_d118_off+000,2,160000,148742,0.9296375,0.99609375,0.0,0.9283733866463084,0.9308860183394404,0.0,0.0
calibration,hespn,8,bit_a118_d118_off+000,3,160000,152003,0.95001875,0.99609375,0.0,0.948939721685772,0.9510814341680975,0.0,0.0
calibration,hespn,8,bit_a118_d118_off+000,4,160000,149802,0.9362625,0.99609375,0.0,0.935054476458042,0.9374546856066913,0.0,0.0
calibration,hespn,8,bit_a118_d118_off+000,5,160000,148581,0.92863125,0.99609375,0.0,0.9273589094875875,0.9298880323576727,0.0,0.0
calibration,hespn,8,bit_a118_d118_off+000,6,160000,150059,0.93786875,0.99609375,0.0,0.9366748619706459,0.9390467411258189,0.0,0.0
calibration,hespn,8,bit_a118_d118_off+000,7,160000,143983,0.89989375,0.99609375,0.0,0.8984127045499876,0.9013602871394091,0.0,0.0
calibration,hespn,8,bit_a118_d118_off+000,8,160000,122281,0.76425625,0.99609375,0.0,0.7621685184932534,0.7663344020620241,0.0,0.0
calibration,hespn,8,bit_a118_d118_off+000,9,160000,102983,0.64364375,0.99609375,0.0,0.641291363299631,0.6459909307064506,0.0,0.0
calibration,hespn,8,bit_a118_d118_off+000,10,160000,149205,0.93253125,0.99609375,0.0,0.931291214531358,0.9337555844027989,0.0,0.0
calibration,hespn,8,bit_a118_d118_off+000,11,160000,153321,0.95825625,0.99609375,0.0,0.957264790260343,0.9592310606719705,0.0,0.0
calibration,hespn,8,bit_a118_d118_off+000,12,160000,151152,0.9447,0.99609375,0.0,0.943568844903571,0.9458150070261525,0.0,0.0
calibration,hespn,8,bit_a118_d118_off+000,13,160000,153659,0.96036875,0.99609375,0.0,0.9594013171145073,0.9613194552994987,0.0,0.0
calibration,hespn,8,bit_a118_d118_off+000,14,160000,159071,0.99419375,0.99609375,6.826798376786742e-30,0.9938092437496063,0.9945601788129756,6.826798376786742e-30,2.812758129491533e-29
calibration,hespn,8,bit_a118_d118_off+000,15,160000,149023,0.93139375,0.99609375,0.0,0.9301441743531892,0.9326276662781221,0.0,0.0
calibration,hespn,8,bytepos_ab15_db15_a07_d10_off+00,0,160000,153446,0.9590375,0.99609375,0.0,0.9580548435898606,0.9600034783226673,0.0,0.0
calibration,hespn,8,bytepos_ab15_db15_a07_d10_off+00,1,160000,154448,0.9653,0.99609375,0.0,0.9643916265186078,0.9661914619177431,0.0,0.0
calibration,hespn,8,bytepos_ab15_db15_a07_d10_off+00,2,160000,152571,0.95356875,0.99609375,0.0,0.9525263505243338,0.9545946741365428,0.0,0.0
calibration,hespn,8,bytepos_ab15_db15_a07_d10_off+00,3,160000,145749,0.91093125,0.99609375,0.0,0.9095249635082574,0.912322625489584,0.0,0.0
calibration,hespn,8,bytepos_ab15_db15_a07_d10_off+00,4,160000,138288,0.8643,0.99609375,0.0,0.8626122030640319,0.8659745845653404,0.0,0.0
calibration,hespn,8,bytepos_ab15_db15_a07_d10_off+00,5,160000,149801,0.93625625,0.99609375,0.0,0.935048171884463,0.9374484904096597,0.0,0.0
calibration,hespn,8,bytepos_ab15_db15_a07_d10_off+00,6,160000,153666,0.9604125,0.99609375,0.0,0.9594455723035817,0.9613626984826213,0.0,0.0
calibration,hespn,8,bytepos_ab15_db15_a07_d10_off+00,7,160000,149682,0.9355125,0.99609375,0.0,0.9342979509338283,0.9367112386544705,0.0,0.0
calibration,hespn,8,bytepos_ab15_db15_a07_d10_off+00,8,160000,139414,0.8713375,0.99609375,0.0,0.8696870277688111,0.8729745038692361,0.0,0.0
calibration,hespn,8,bytepos_ab15_db15_a07_d10_off+00,9,160000,144200,0.90125,0.99609375,0.0,0.8997778256768566,0.9027076165586609,0.0,0.0
calibration,hespn,8,bytepos_ab15_db15_a07_d10_off+00,10,160000,149174,0.9323375,0.99609375,0.0,0.9310958325244704,0.9335634735128461,0.0,0.0
calibration,hespn,8,bytepos_ab15_db15_a07_d10_off+00,11,160000,134521,0.84075625,0.99609375,0.0,0.8389540611298234,0.8425460823278446,0.0,0.0
calibration,hespn,8,bytepos_ab15_db15_a07_d10_off+00,12,160000,122208,0.7638,0.99609375,0.0,0.761710886659894,0.7658795504474065,0.0,0.0
calibration,hespn,8,bytepos_ab15_db15_a07_d10_off+00,13,160000,150609,0.94130625,0.99609375,0.0,0.9401433788243527,0.9424530979666964,0.0,0.0
calibration,hespn,8,bytepos_ab15_db15_a07_d10_off+00,14,160000,157092,0.981825,0.99609375,0.0,0.981158525246176,0.9824739328830698,0.0,0.0
calibration,hespn,8,bytepos_ab15_db15_a07_d10_off+00,15,160000,159410,0.9963125,0.99609375,0.16669297883600925,0.9960031971067277,0.9966035977996639,0.16669297883600925,0.39906548549269044
calibration,hespn,8,value_b00_a07_d10,0,160000,159352,0.99595,0.99609375,0.3565675028948345,0.9956265139305183,0.9962553055688683,0.3565675028948345,0.6464679939169805
calibration,hespn,8,value_b00_a07_d10,1,160000,158220,0.988875,0.99609375,7.430089581126e-312,0.9883489834223186,0.9893831875609501,7.92542888653e-312,3.6024676756974e-311
calibration,hespn,8,value_b00_a07_d10,2,160000,155954,0.9747125,0.99609375,0.0,0.9739314480385021,0.9754762851855482,0.0,0.0
calibration,hespn,8,value_b00_a07_d10,3,160000,155577,0.97235625,0.99609375,0.0,0.971541175694861,0.9731541471234791,0.0,0.0
calibration,hespn,8,value_b00_a07_d10,4,160000,156655,0.97909375,0.99609375,0.0,0.97838084812615,0.9797892166849649,0.0,0.0
calibration,hespn,8,value_b00_a07_d10,5,160000,155576,0.97235,0.99609375,0.0,0.9715348375910097,0.9731479854642577,0.0,0.0
calibration,hespn,8,value_b00_a07_d10,6,160000,153695,0.96059375,0.99609375,0.0,0.9596289186039733,0.9615418454377116,0.0,0.0
calibration,hespn,8,value_b00_a07_d10,7,160000,156291,0.97681875,0.99609375,0.0,0.9760695941653752,0.9775505584377582,0.0,0.0
calibration,hespn,8,value_b00_a07_d10,8,160000,157806,0.9862875,0.99609375,0.0,0.9857056447731007,0.986851634411566,0.0,0.0
calibration,hespn,8,value_b00_a07_d10,9,160000,153892,0.961825,0.99609375,0.0,0.9608745554813772,0.962758662710511,0.0,0.0
calibration,hespn,8,value_b00_a07_d10,10,160000,147198,0.9199875,0.99609375,0.0,0.9186473441928398,0.9213124139448913,0.0,0.0
calibration,hespn,8,value_b00_a07_d10,11,160000,152063,0.95039375,0.99609375,0.0,0.9493185177168242,0.9514526242919656,0.0,0.0
calibration,hespn,8,value_b00_a07_d10,12,160000,155860,0.974125,0.99609375,0.0,0.9733353093776973,0.9748974462393074,0.0,0.0
calibration,hespn,8,value_b00_a07_d10,13,160000,151673,0.94795625,0.99609375,0.0,0.9468566364298555,0.9490395955207039,0.0,0.0
calibration,hespn,8,value_b00_a07_d10,14,160000,150115,0.93821875,0.99609375,0.0,0.937027971615358,0.9393936186278731,0.0,0.0
calibration,hespn,8,value_b00_a07_d10,15,160000,156881,0.98050625,0.99609375,0.0,0.9798169272847552,0.9811780825565287,0.0,0.0
calibration,hespn,8,value_b00_a0F_dF0,0,160000,159363,0.99601875,0.99609375,0.6305127956476326,0.995697902940957,0.9963214120143271,0.6305127956476326,0.8354620894709832
calibration,hespn,8,value_b00_a0F_dF0,1,160000,158268,0.989175,0.99609375,3.682614395510469e-290,0.9886558761952632,0.9896762819170425,3.928122021877833e-290,1.7720851226516542e-289
calibration,hespn,8,value_b00_a0F_dF0,2,160000,155947,0.97466875,0.99609375,0.0,0.9738870510149085,0.9754331838780265,0.0,0.0
calibration,hespn,8,value_b00_a0F_dF0,3,160000,155504,0.9719,0.99609375,0.0,0.9710785224113846,0.9727043176934173,0.0,0.0
calibration,hespn,8,value_b00_a0F_dF0,4,160000,156560,0.9785,0.99609375,0.0,0.9777774406214279,0.9792051471840477,0.0,0.0
calibration,hespn,8,value_b00_a0F_dF0,5,160000,155475,0.97171875,0.99609375,0.0,0.9708947443930083,0.9725256025739246,0.0,0.0
calibration,hespn,8,value_b00_a0F_dF0,6,160000,153796,0.961225,0.99609375,0.0,0.9602675123944804,0.9621657281478971,0.0,0.0
calibration,hespn,8,value_b00_a0F_dF0,7,160000,156431,0.97769375,0.99609375,0.0,0.9769583022149066,0.9784118167192043,0.0,0.0
calibration,hespn,8,value_b00_a0F_dF0,8,160000,157799,0.98624375,0.99609375,0.0,0.9856610000972593,0.986808780881397,0.0,0.0
calibration,hespn,8,value_b00_a0F_dF0,9,160000,153889,0.96180625,0.99609375,0.0,0.9608555844436691,0.9627401344468914,0.0,0.0
calibration,hespn,8,value_b00_a0F_dF0,10,160000,147421,0.92138125,0.99609375,0.0,0.9200517000623852,0.9226955071120087,0.0,0.0
calibration,hespn,8,value_b00_a0F_dF0,11,160000,152269,0.95168125,0.99609375,0.0,0.9506191799431281,0.9527269145076874,0.0,0.0
calibration,hespn,8,value_b00_a0F_dF0,12,160000,156002,0.9750125,0.99609375,0.0,0.9742359011704084,0.9757718206039525,0.0,0.0
calibration,hespn,8,value_b00_a0F_dF0,13,160000,151780,0.948625,0.99609375,0.0,0.9475320076272232,0.9497016996587916,0.0,0.0
calibration,hespn,8,value_b00_a0F_dF0,14,160000,150447,0.94029375,0.99609375,0.0,0.9391216311256401,0.9414498828843476,0.0,0.0
calibration,hespn,8,value_b00_a0F_dF0,15,160000,156923,0.98076875,0.99609375,0.0,0.9800839083109747,0.9814360912691573,0.0,0.0
calibration,hespn,10,bit_a019_d019_off+000,0,160000,158969,0.99355625,0.99609375,4.1093896720541423e-50,0.9931519844046078,0.9939424714194257,4.696445339490449e-50,1.7189603856958505e-49
calibration,hespn,10,bit_a019_d019_off+000,1,160000,159039,0.99399375,0.99609375,8.590450171979967e-36,0.9936029308503973,0.994366502319739,9.163146850111965e-36,3.554669036681366e-35
calibration,hespn,10,bit_a019_d019_off+000,2,160000,159333,0.99583125,0.99609375,0.09231369482499595,0.9955032584580027,0.9961410687706796,0.09231369482499595,0.257619613465105
calibration,hespn,10,bit_a019_d019_off+000,3,160000,158545,0.99090625,0.99609375,7.47091488714025e-177,0.990428987460635,0.991365594514386,1.992243969904067e-176,3.3358503682114605e-176
calibration,hespn,10,bit_a019_d019_off+000,4,160000,158760,0.99225,0.99609375,1.4859507959398918e-104,0.9918081490375895,0.9926738708946237,2.377521273503827e-104,6.425733171631965e-104
calibration,hespn,10,bit_a019_d019_off+000,5,160000,158913,0.99320625,0.99609375,4.5871531906067154e-63,0.9927915590253945,0.9936029144446049,5.64572700382365e-63,1.9314329223607224e-62
calibration,hespn,10,bit_a019_d019_off+000,6,160000,158082,0.9880125,0.99609375,0.0,0.9874671859839335,0.9885400215810309,0.0,0.0
calibration,hespn,10,bit_a019_d019_off+000,7,160000,157675,0.98546875,0.99609375,0.0,0.9848703911320157,0.9860494214688631,0.0,0.0
calibration,hespn,10,bit_a019_d019_off+000,8,160000,158709,0.99193125,0.99609375,2.6276987011763533e-120,0.9914807309784814,0.9923638039689192,4.6714643576468505e-120,1.1440320875869838e-119
calibration,hespn,10,bit_a019_d019_off+000,9,160000,158781,0.99238125,0.99609375,2.2956695143497067e-98,0.9919430212076394,0.9928014924794026,3.339155657235937e-98,9.904911163036937e-98
calibration,hespn,10,bit_a019_d019_off+000,10,160000,158648,0.99155,0.99609375,2.6001791080035367e-140,0.9910893406246106,0.9919927120232332,5.200358216007073e-140,1.139804540494701e-139
calibration,hespn,10,bit_a019_d019_off+000,11,160000,158302,0.9893875,0.99609375,3.8149653255892e-275,0.9888733185044688,0.9898838304401404,1.52598613023568e-274,1.8220729913261848e-274
calibration,hespn,10,bit_a019_d019_off+000,12,160000,158840,0.99275,0.99609375,1.0128493916038507e-81,0.9923221221322923,0.9931598737957545,1.350465855471801e-81,4.302369097078304e-81
calibration,hespn,10,bit_a019_d019_off+000,13,160000,158525,0.99078125,0.99609375,3.432835356972719e-184,0.99030083432976,0.9912437532667732,1.09850731423127e-183,1.539963524623276e-183
calibration,hespn,10,bit_a019_d019_off+000,14,160000,157718,0.9857375,0.99609375,0.0,0.9851445035315739,0.9863127981361225,0.0,0.0
calibration,hespn,10,bit_a019_d019_off+000,15,160000,158550,0.9909375,0.99609375,5.292780965259261e-175,0.9904610292189955,0.9913960513471426,1.209778506344974e-174,2.3578049775632904e-174
calibration,hespn,10,bit_a044_d044_off+000,0,160000,158792,0.99245,0.99609375,3.6574232759337564e-95,0.9920136812809425,0.992868329119456,4.179912315352865e-95,1.574496118787626e-94
calibration,hespn,10,bit_a044_d044_off+000,1,160000,158643,0.99151875,0.99609375,6.181372077138415e-142,0.9910572699506661,0.9919622841364287,7.60784255647805e-142,2.715843109406352e-141
calibration,hespn,10,bit_a044_d044_off+000,2,160000,158625,0.99140625,0.99609375,2.9040860239982473e-148,0.990941828296962,0.9918527309576189,3.87211469866433e-148,1.278863570201063e-147
calibration,hespn,10,bit_a044_d044_off+000,3,160000,157976,0.98735,0.99609375,0.0,0.9867903476850372,0.9878918876050296,0.0,0.0
calibration,hespn,10,bit_a044_d044_off+000,4,160000,158340,0.989625,0.99609375,1.0316698978569184e-258,0.9891164031382247,0.9901157355073464,1.6506718365710693e-258,4.819479814806042e-258
calibration,hespn,10,bit_a044_d044_off+000,5,160000,159302,0.9956375,0.99609375,0.003898949140290057,0.9953022946445422,0.9959545448936401,0.003898949140290057,0.013367825623851625
calibration,hespn,10,bit_a044_d044_off+000,6,160000,157934,0.9870875,0.99609375,0.0,0.9865222746826567,0.9876349715133996,0.0,0.0
calibration,hespn,10,bit_a044_d044_off+000,7,160000,156814,0.9800875,0.99609375,0.0,0.979391094823509,0.9807664313559997,0.0,0.0
calibration,hespn,10,bit_a044_d044_off+000,8,160000,155061,0.96913125,0.99609375,0.0,0.9682720800322839,0.9699733646093465,0.0,0.0
calibration,hespn,10,bit_a044_d044_off+000,9,160000,155189,0.96993125,0.99609375,0.0,0.9690827733544899,0.9707626411425828,0.0,0.0
calibration,hespn,10,bit_a044_d044_off+000,10,160000,158398,0.9899875,0.99609375,2.6312382176412245e-234,0.9894875558049877,0.9904695670063863,3.8272555892963264e-234,1.20860702819884e-233
calibration,hespn,10,bit_a044_d044_off+000,11,160000,157828,0.986425,0.99609375,0.0,0.985845966343986,0.9869863071959015,0.0,0.0
calibration,hespn,10,bit_a044_d044_off+000,12,160000,158136,0.98835,0.99609375,0.0,0.9878121486359389,0.988870044684678,0.0,0.0
calibration,hespn,10,bit_a044_d044_off+000,13,160000,158807,0.99254375,0.99609375,6.482067778906912e-91,0.9921100503218314,0.9929594555792035,6.91420563083404e-91,2.7780290481029624e-90
calibration,hespn,10,bit_a044_d044_off+000,14,160000,157873,0.98670625,0.99609375,0.0,0.9861330345121678,0.9872617274498523,0.0,0.0
calibration,hespn,10,bit_a044_d044_off+000,15,160000,156457,0.97785625,0.99609375,0.0,0.9771233795590654,0.9785717331094774,0.0,0.0
calibration,hespn,10,bit_a068_d068_off+000,0,160000,157324,0.983275,0.99609375,0.0,0.9826346837962187,0.9838977169504262,0.0,0.0
calibration,hespn,10,bit_a068_d068_off+000,1,160000,153362,0.9585125,0.99609375,0.0,0.9575239173310192,0.9594844240850529,0.0,0.0
calibration,hespn,10,bit_a068_d068_off+000,2,160000,156788,0.979925,0.99609375,0.0,0.9792258677525262,0.9806066647573616,0.0,0.0
calibration,hespn,10,bit_a068_d068_off+000,3,160000,158115,0.98821875,0.99609375,0.0,0.9876779833441419,0.988741715526176,0.0,0.0
calibration,hespn,10,bit_a068_d068_off+000,4,160000,158422,0.9901375,0.99609375,1.7661184817988636e-224,0.9896411834075517,0.99061593280869,2.018421122055844e-224,8.092953424949447e-224
calibration,hespn,10,bit_a068_d068_off+000,5,160000,156539,0.97836875,0.99609375,0.0,0.9776440751023986,0.9790760177778002,0.0,0.0
calibration,hespn,10,bit_a068_d068_off+000,6,160000,157949,0.98718125,0.99609375,0.0,0.986618008217937,0.9877267340880189,0.0,0.0
calibration,hespn,10,bit_a068_d068_off+000,7,160000,158895,0.99309375,0.99609375,1.741134810648656e-67,0.9926757664762166,0.9934937125854619,1.8572104646918998e-67,7.36338950758903e-67
calibration,hespn,10,bit_a068_d068_off+000,8,160000,159366,0.9960375,0.99609375,0.7182837924895307,0.995717376662717,0.9963394370440737,0.7182837924895307,0.8800924579322902
calibration,hespn,10,bit_a068_d068_off+000,9,160000,158333,0.98958125,0.99609375,1.098204779347419e-261,0.9890716194691533,0.990073021077931,1.597388769959882e-261,5.142812625236693e-261
calibration,hespn,10,bit_a068_d068_off+000,10,160000,158394,0.9899625,0.99609375,6.287055386495387e-236,0.9894619539346917,0.9904451699733529,7.737914321840477e-236,2.8947593146453578e-235
calibration,hespn,10,bit_a068_d068_off+000,11,160000,158361,0.98975625,0.99609375,8.711680369866588e-250,0.9892507677144741,0.990243865214497,1.1615573826488785e-249,4.0499821574198185e-249
calibration,hespn,10,bit_a068_d068_off+000,12,160000,158227,0.98891875,0.99609375,1.1765360359477855e-308,0.988393732579278,0.989425936532017,2.6892252250235097e-308,5.690048335062338e-308
calibration,hespn,10,bit_a068_d068_off+000,13,160000,158235,0.98896875,0.99609375,5.157685799492317e-305,0.9884448769746542,0.989474789995167,1.0315371598984634e-304,2.488129832920917e-304
calibration,hespn,10,bit_a068_d068_off+000,14,160000,158286,0.9892875,0.99609375,3.5667884822068496e-282,0.9887709864040591,0.9897861668601713,6.340957301701066e-282,1.7120584714592877e-281
calibration,hespn,10,bit_a068_d068_off+000,15,160000,158322,0.9895125,0.99609375,2.097313188776175e-266,0.9890012496484197,0.9900058938827742,3.35570110204188e-266,9.845577805501848e-266
calibration,hespn,10,bit_a093_d093_off+000,0,160000,157691,0.98556875,0.99609375,0.0,0.984972380338912,0.9861474281976909,0.0,0.0
calibration,hespn,10,bit_a093_d093_off+000,1,160000,150465,0.94040625,0.99609375,0.0,0.9392351539448093,0.9415613559304341,0.0,0.0
calibration,hespn,10,bit_a093_d093_off+000,2,160000,149454,0.9340875,0.99609375,0.0,0.9328606799219514,0.935298561943989,0.0,0.0
calibration,hespn,10,bit_a093_d093_off+000,3,160000,158360,0.98975,0.99609375,3.4757639049522835e-250,0.9892443689360428,0.9902377642655629,6.951527809904567e-250,1.6197734702690253e-249
calibration,hespn,10,bit_a093_d093_off+000,4,160000,158697,0.99185625,0.99609375,3.625574922069478e-124,0.9914037170600536,0.9922908213907885,5.8009198753111655e-124,1.582069056903045e-123
calibration,hespn,10,bit_a093_d093_off+000,5,160000,156131,0.97581875,0.99609375,0.0,0.9750542640258281,0.976565926924384,0.0,0.0
calibration,hespn,10,bit_a093_d093_off+000,6,160000,157549,0.98468125,0.99609375,0.0,0.9840674701741402,0.9852773742812923,0.0,0.0
calibration,hespn,10,bit_a093_d093_off+000,7,160000,159010,0.9938125,0.99609375,1.9436808641506308e-41,0.9934160515890131,0.9941908910532241,2.591574485534174e-41,8.095156744401759e-41
calibration,hespn,10,bit_a093_d093_off+000,8,160000,158552,0.99095,0.99609375,3.0766786450891793e-174,0.9904738463151943,0.991408233686992,5.469650924602986e-174,1.3674127311507463e-173
calibration,hespn,10,bit_a093_d093_off+000,9,160000,156231,0.97644375,0.99609375,0.0,0.9756888044320611,0.9771813625669765,0.0,0.0
calibration,hespn,10,bit_a093_d093_off+000,10,160000,159033,0.99395625,0.99609375,6.4975932044052604e-37,0.9935642591541644,0.994330175986357,7.997037790037244e-37,2.6944662964272353e-36
calibration,hespn,10,bit_a093_d093_off+000,11,160000,159358,0.9959875,0.99609375,0.49560258495764375,0.9956654505572808,0.9962913664700027,0.49560258495764375,0.7522189431768189
calibration,hespn,10,bit_a093_d093_off+000,12,160000,158888,0.99305,0.99609375,3.2521175014781127e-69,0.9926307434404107,0.9934512377859079,4.730352729422709e-69,1.3783809277788029e-68
calibration,hespn,10,bit_a093_d093_off+000,13,160000,158312,0.98945,0.99609375,8.842386235012095e-271,0.9889372818347514,0.9899448644051038,2.0211168537170503e-270,4.161122934123339e-270
calibration,hespn,10,bit_a093_d093_off+000,14,160000,159198,0.9949875,0.99609375,1.0378374369571293e-11,0.9946292097526606,0.9953276687960009,1.1070265994209379e-11,3.9932823225604974e-11
calibration,hespn,10,bit_a093_d093_off+000,15,160000,159192,0.99495,0.99609375,2.182169839070842e-12,0.9945904256571966,0.9952914550504001,2.4939083875095337e-12,8.41318492171891e-12
calibration,hespn,10,bit_a118_d118_off+000,0,160000,157075,0.98171875,0.99609375,0.0,0.9810504025455171,0.9823695597657236,0.0,0.0
calibration,hespn,10,bit_a118_d118_off+000,1,160000,154577,0.96610625,0.99609375,0.0,0.9652079704096723,0.9669875878373547,0.0,0.0
calibration,hespn,10,bit_a118_d118_off+000,2,160000,157606,0.9850375,0.99609375,0.0,0.9844306436184301,0.9856266864589546,0.0,0.0
calibration,hespn,10,bit_a118_d118_off+000,3,160000,158036,0.987725,0.99609375,0.0,0.9871734144336749,0.9882588051997212,0.0,0.0
calibration,hespn,10,bit_a118_d118_off+000,4,160000,158296,0.98935,0.99609375,8.979437457070227e-278,0.9888349426420315,0.9898472079235784,1.3060999937556695e-277,4.2993815255797595e-277
calibration,hespn,10,bit_a118_d118_off+000,5,160000,158217,0.98885625,0.99609375,3.13351847065e-313,0.9883298058344933,0.9893648659505354,5.013629553e-313,1.52312796548e-312
calibration,hespn,10,bit_a118_d118_off+000,6,160000,158089,0.98805625,0.99609375,0.0,0.9875118971642531,0.9885828085590246,0.0,0.0
calibration,hespn,10,bit_a118_d118_off+000,7,160000,157701,0.98563125,0.99609375,0.0,0.9850361272539004,0.986208678740206,0.0,0.0
calibration,hespn,10,bit_a118_d118_off+000,8,160000,155825,0.97390625,0.99609375,0.0,0.9731133700317736,0.9746818939134543,0.0,0.0
calibration,hespn,10,bit_a118_d118_off+000,9,160000,154261,0.96413125,0.99609375,0.0,0.9632084737583158,0.9650371583815678,0.0,0.0
calibration,hespn,10,bit_a118_d118_off+000,10,160000,158164,0.988525,0.99609375,0.0,0.987991062292738,0.9890411236072717,0.0,0.0
calibration,hespn,10,bit_a118_d118_off+000,11,160000,158427,0.99016875,0.99609375,1.5650334427839983e-222,0.9896731927291196,0.9906464221098191,2.0867112570453312e-222,7.154438595583993e-222
calibration,hespn,10,bit_a118_d118_off+000,12,160000,158510,0.9906875,0.99609375,5.864255000211005e-190,0.9902047338837832,0.9911523579144924,7.217544615644314e-190,2.6430445071373543e-189
calibration,hespn,10,bit_a118_d118_off+000,13,160000,158908,0.993175,0.99609375,2.842999488446373e-64,0.9927593916549372,0.9935725833720401,3.0325327876761312e-64,1.1996833006191287e-63
calibration,hespn,10,bit_a118_d118_off+000,14,160000,159301,0.99563125,0.99609375,0.0034307211298530357,0.9952958146694382,0.99594852525998,0.0034307211298530357,0.011825825079565222
calibration,hespn,10,bit_a118_d118_off+000,15,160000,158554,0.9909625,0.99609375,1.8357981247447596e-173,0.9904866636365721,0.9914204158014333,2.0980549997082966e-173,8.14025958316383e-173
calibration,hespn,10,bytepos_ab15_db15_a07_d10_off+00,0,160000,159281,0.99550625,0.99609375,0.00022546316312752572,0.995166249670286,0.9958280980117651,0.00024049404066936076,0.0008031340875785703
calibration,hespn,10,bytepos_ab15_db15_a07_d10_off+00,1,160000,159183,0.99489375,0.99609375,1.7984093225557445e-13,0.9945322585526514,0.995237125376882,2.2134268585301472e-13,7.00394705741791e-13
calibration,hespn,10,bytepos_ab15_db15_a07_d10_off+00,2,160000,159010,0.9938125,0.99609375,1.9436808641506308e-41,0.9934160515890131,0.9941908910532241,3.8873617283012616e-41,8.095156744401759e-41
calibration,hespn,10,bytepos_ab15_db15_a07_d10_off+00,3,160000,158532,0.990825,0.99609375,1.0963642902067976e-181,0.9903456854106919,0.9912864002208377,4.3854571608271904e-181,4.906805214911542e-181
calibration,hespn,10,bytepos_ab15_db15_a07_d10_off+00,4,160000,158816,0.9926,0.99609375,2.1994164153307367e-88,0.9921678798352784,0.9930141233561651,5.865110440881964e-88,9.405076876247249e-88
calibration,hespn,10,bytepos_ab15_db15_a07_d10_off+00,5,160000,159108,0.994425,0.99609375,8.014556785346177e-24,0.9940479325581807,0.9947839775175528,1.4248100951726537e-23,3.253266179252571e-23
calibration,hespn,10,bytepos_ab15_db15_a07_d10_off+00,6,160000,159113,0.99445625,0.99609375,4.969477050686075e-23,0.994080199746505,0.9948142086223104,7.95116328109772e-23,2.004494944814551e-22
calibration,hespn,10,bytepos_ab15_db15_a07_d10_off+00,7,160000,159150,0.9946875,0.99609375,1.2104263858355341e-17,0.9943190693134759,0.9950378262687486,1.6139018477807122e-17,4.7917910532045886e-17
calibration,hespn,10,bytepos_ab15_db15_a07_d10_off+00,8,160000,159125,0.99453125,0.99609375,3.1364615103842273e-21,0.9941576529526837,0.994886751299612,4.562125833286149e-21,1.2598339121208611e-20
calibration,hespn,10,bytepos_ab15_db15_a07_d10_off+00,9,160000,158833,0.99270625,0.99609375,1.268860097740691e-83,0.9922771301988014,0.9931173678535237,2.9002516519787223e-83,5.4138030836936145e-83
calibration,hespn,10,bytepos_ab15_db15_a07_d10_off+00,10,160000,158367,0.98979375,0.99609375,3.684615673126058e-247,0.9892891613701055,0.9902804699221712,2.9476925385008466e-246,1.708807268696143e-246
calibration,hespn,10,bytepos_ab15_db15_a07_d10_off+00,11,160000,157889,0.98680625,0.99609375,0.0,0.9862351186260749,0.9873596392087652,0.0,0.0
calibration,hespn,10,bytepos_ab15_db15_a07_d10_off+00,12,160000,158486,0.9905375,0.99609375,4.985060474367662e-199,0.9900509983467771,0.9910061001494609,2.658698919662753e-198,2.2573858751853565e-198
calibration,hespn,10,bytepos_ab15_db15_a07_d10_off+00,13,160000,158726,0.9920375,0.99609375,4.881970745468683e-115,0.9915898505191988,0.9924671794461537,1.5622306385499786e-114,2.120675074954722e-114
calibration,hespn,10,bytepos_ab15_db15_a07_d10_off+00,14,160000,159223,0.99514375,0.99609375,4.187550559192421e-09,0.9947908633463178,0.9954785061082364,4.785772067648481e-09,1.5795868514046067e-08
calibration,hespn,10,bytepos_ab15_db15_a07_d10_off+00,15,160000,159390,0.9961875,0.99609375,0.5611553143204794,0.995873229896139,0.9964835736735886,0.5611553143204794,0.7939706731726752
calibration,hespn,10,value_b00_a07_d10,0,160000,159412,0.996325,0.99609375,0.1434403639144341,0.9960161984752378,0.9966155955533341,0.15300305484206303,0.3609508502171867
calibration,hespn,10,value_b00_a07_d10,1,160000,159337,0.99585625,0.99609375,0.1277403944427496,0.9955292015279255,0.9961651240857164,0.14598902222028526,0.33098725685570746
calibration,hespn,10,value_b00_a07_d10,2,160000,159131,0.99456875,0.99609375,2.534439844139676e-20,0.9941963859671181,0.9949230162161431,5.068879688279352e-20,1.0137759376558703e-19
calibration,hespn,10,value_b00_a07_d10,3,160000,158839,0.99274375,0.99609375,4.701074808472724e-82,0.9923156944791771,0.9931538017526345,1.2536199489260597e-81,2.0013444860903836e-81
calibration,hespn,10,value_b00_a07_d10,4,160000,159207,0.99504375,0.99609375,9.259223846779623e-11,0.9946873950694309,0.9953819802239493,1.1395967811421073e-10,3.5343359415142894e-10
calibration,hespn,10,value_b00_a07_d10,5,160000,159167,0.99479375,0.99609375,1.9180887193645724e-15,0.9944288766472322,0.9951405129629135,3.0689419509833157e-15,7.515776206489753e-15
calibration,hespn,10,value_b00_a07_d10,6,160000,158587,0.99116875,0.99609375,1.4095067548167318e-161,0.9906981823672001,0.9916213877280508,4.510421615413542e-161,6.221271193673851e-161
calibration,hespn,10,value_b00_a07_d10,7,160000,159129,0.99455625,0.99609375,1.201175608978925e-20,0.9941834744830694,0.9949109283906803,2.7455442490946853e-20,4.8147331299364007e-20
calibration,hespn,10,value_b00_a07_d10,8,160000,159345,0.99590625,0.99609375,0.22917350277737814,0.9955810963425052,0.9962132260217409,0.22917350277737814,0.48781942941526163
calibration,hespn,10,value_b00_a07_d10,9,160000,159190,0.9949375,0.99609375,1.2280560942796996e-12,0.9945774987012255,0.9952793827240505,1.7862634098613813e-12,4.753765526243998e-12
calibration,hespn,10,value_b00_a07_d10,10,160000,158522,0.9907625,0.99609375,2.8132764738698138e-185,0.9902816132606043,0.9912254751772515,1.1253105895479255e-184,1.2649861428173402e-184
calibration,hespn,10,value_b00_a07_d10,11,160000,158378,0.9898625,0.99609375,1.158348480484183e-242,0.9893595541485465,0.9903475741391464,9.266787843873463e-242,5.346223756080844e-242
calibration,hespn,10,value_b00_a07_d10,12,160000,159207,0.99504375,0.99609375,9.259223846779623e-11,0.9946873950694309,0.9953819802239493,1.1395967811421073e-10,3.5343359415142894e-10
calibration,hespn,10,value_b00_a07_d10,13,160000,158462,0.9903875,0.99609375,1.4256033831610531e-208,0.98989729316095,0.9908598120037382,7.603218043525617e-208,6.486157572675881e-208
calibration,hespn,10,value_b00_a07_d10,14,160000,157600,0.985,0.99609375,0.0,0.9843924107975152,0.9855899207957997,0.0,0.0
calibration,hespn,10,value_b00_a07_d10,15,160000,159162,0.9947625,0.99609375,4.372448692330403e-16,0.994396576576635,0.9951103147966625,7.773242119698494e-16,1.7203076822283553e-15
calibration,hespn,10,value_b00_a0F_dF0,0,160000,159338,0.9958625,0.99609375,0.13807275499885951,0.9955356877448389,0.9961711374640457,0.1472776053321168,0.3515911002623478
calibration,hespn,10,value_b00_a0F_dF0,1,160000,159399,0.99624375,0.99609375,0.3462482639504865,0.9959317047970141,0.9965375948995916,0.3462482639504865,0.634347964489441
calibration,hespn,10,value_b00_a0F_dF0,2,160000,159112,0.99445,0.99609375,3.3390652752372574e-23,0.994073746076151,0.9948081626344337,7.632149200542302e-23,1.3525327697163575e-22
calibration,hespn,10,value_b00_a0F_dF0,3,160000,158750,0.9921875,0.99609375,1.102042544310705e-107,0.9917439352314106,0.9926130876615417,2.93878011816188e-107,4.776346918908699e-107
calibration,hespn,10,value_b00_a0F_dF0,4,160000,159260,0.995375,0.99609375,7.089362288235078e-06,0.9950302751200523,0.9957015805614954,8.72536897013548e-06,2.6277172960253568e-05
calibration,hespn,10,value_b00_a0F_dF0,5,160000,159140,0.994625,0.99609375,4.901749844970672e-19,0.9942544936270258,0.9949774054388653,7.842799751953076e-19,1.94852167750387e-18
calibration,hespn,10,value_b00_a0F_dF0,6,160000,158558,0.9909875,0.99609375,4.425433769705503e-172,0.9905122989567188,0.9914447793522352,1.416138806305761e-171,1.9577955847545082e-171
calibration,hespn,10,value_b00_a0F_dF0,7,160000,159113,0.99445625,0.99609375,4.969477050686075e-23,0.994080199746505,0.9948142086223104,9.93895410137215e-23,2.004494944814551e-22
calibration,hespn,10,value_b00_a0F_dF0,8,160000,159274,0.9954625,0.99609375,7.828066827913338e-05,0.9951209171459212,0.9957859332181562,8.946362089043815e-05,0.00028145858257665933
calibration,hespn,10,value_b00_a0F_dF0,9,160000,159216,0.9951,0.99609375,8.370469969170213e-10,0.9947455915606159,0.995436280456716,1.1160626625560284e-09,3.1824361070904574e-09
calibration,hespn,10,value_b00_a0F_dF0,10,160000,158505,0.99065625,0.99609375,6.9608824292632215e-192,0.9901727031085248,0.9911218900876512,2.7843529717052886e-191,3.144681003337738e-191
calibration,hespn,10,value_b00_a0F_dF0,11,160000,158377,0.98985625,0.99609375,4.545955304103547e-243,0.9893531545680869,0.9903414739929643,3.6367642432828375e-242,2.1031889599707977e-242
calibration,hespn,10,value_b00_a0F_dF0,12,160000,159150,0.9946875,0.99609375,1.2104263858355341e-17,0.9943190693134759,0.9950378262687486,1.7606201975789588e-17,4.7917910532045886e-17
calibration,hespn,10,value_b00_a0F_dF0,13,160000,158470,0.9904375,0.99609375,2.1365171719172585e-205,0.9899485248943513,0.9909085780507279,1.139475825022538e-204,9.697666595936493e-205
calibration,hespn,10,value_b00_a0F_dF0,14,160000,157626,0.9851625,0.99609375,0.0,0.9845580933244107,0.9857492316955964,0.0,0.0
calibration,hespn,10,value_b00_a0F_dF0,15,160000,159132,0.994575,0.99609375,3.6847527901806455e-20,0.9942028418895753,0.994929059948136,6.550671626987814e-20,1.4708368725877004e-19
calibration,hespn,12,bit_a019_d019_off+000,0,160000,159368,0.99605,0.99609375,0.7790281523722418,0.9957303601061935,0.9963514527660337,0.8309633625303913,0.9153819171081421
calibration,hespn,12,bit_a019_d019_off+000,1,160000,159296,0.9956,0.99609375,0.0018891254133990537,0.9952634172845038,0.9959184245958537,0.006045201322876972,0.0065827963588496975
calibration,hespn,12,bit_a019_d019_off+000,2,160000,159344,0.9959,0.99609375,0.21402697797284306,0.9955746088528924,0.9962072139189562,0.311311967960499,0.46856533376038617
calibration,hespn,12,bit_a019_d019_off+000,3,160000,159302,0.9956375,0.99609375,0.003898949140290057,0.9953022946445422,0.9959545448936401,0.010397197707440152,0.013367825623851625
calibration,hespn,12,bit_a019_d019_off+000,4,160000,159248,0.9953,0.99609375,8.097876217369108e-07,0.9949526058479847,0.9956292543437683,1.2956601947790572e-05,3.0248876142701724e-06
calibration,hespn,12,bit_a019_d019_off+000,5,160000,159339,0.99586875,0.99609375,0.14903814229324908,0.9955421741423356,0.99617715066139,0.23846102766919852,0.37018529521738447
calibration,hespn,12,bit_a019_d019_off+000,6,160000,159350,0.9959375,0.99609375,0.3163002116891125,0.9956135365510194,0.9962432837689935,0.42173361558548333,0.5989116434350059
calibration,hespn,12,bit_a019_d019_off+000,7,160000,159357,0.99598125,0.99609375,0.47059649279436977,0.9956589606494335,0.996285356790942,0.5791956834392243,0.7363857099960799
calibration,hespn,12,bit_a019_d019_off+000,8,160000,159256,0.99535,0.99609375,3.623401819352447e-06,0.9950043829416808,0.9956774742480554,2.8987214554819575e-05,1.3482425374334686e-05
calibration,hespn,12,bit_a019_d019_off+000,9,160000,159307,0.99566875,0.99609375,0.007232281623086055,0.9953346970302275,0.9959846405464668,0.0165309294241967,0.024533534834496863
calibration,hespn,12,bit_a019_d019_off+000,10,160000,159372,0.996075,0.99609375,0.904284411952708,0.995756329319074,0.9963754818785991,0.904284411952708,0.9688761556636157
calibration,hespn,12,bit_a019_d019_off+000,11,160000,159268,0.995425,0.99609375,2.7915881924789436e-05,0.9950820668378229,0.9957497858126635,0.000148884703598877,0.00010151229790832522
calibration,hespn,12,bit_a019_d019_off+000,12,160000,159271,0.99544375,0.99609375,4.705099926045142e-05,0.9951014912880949,0.9957678602206095,0.00018820399704180568,0.00017044890298125798
calibration,hespn,12,bit_a019_d019_off+000,13,160000,159388,0.996175,0.99609375,0.6163958739378903,0.9958602377309614,0.9964715666939887,0.704452427357589,0.8276084461263982
calibration,hespn,12,bit_a019_d019_off+000,14,160000,159316,0.995725,0.99609375,0.01903422910151848,0.9953930319813198,0.9960388020419949,0.033838629513810635,0.06268562585748796
calibration,hespn,12,bit_a019_d019_off+000,15,160000,159309,0.99568125,0.99609375,0.009165995199955078,0.9953476591626347,0.9959966776269634,0.018331990399910156,0.03092919294185193
calibration,hespn,12,bit_a044_d044_off+000,0,160000,159138,0.9946125,0.99609375,2.3836145132661206e-19,0.9942415799634388,0.994965319796652,9.534458053064482e-19,9.494895986454257e-19
calibration,hespn,12,bit_a044_d044_off+000,1,160000,159155,0.99471875,0.99609375,5.728441944253405e-17,0.9943513618078044,0.9950680320245383,1.8331014221610894e-16,2.258441177200521e-16
calibration,hespn,12,bit_a044_d044_off+000,2,160000,159317,0.99573125,0.99609375,0.021177068958117835,0.9953995144975272,0.996044819129133,0.026064084871529645,0.06938561842932807
calibration,hespn,12,bit_a044_d044_off+000,3,160000,159239,0.99524375,0.99609375,1.3329076863508689e-07,0.9948943680330218,0.9955749955136398,3.0466461402305575e-07,4.998403823815759e-07
calibration,hespn,12,bit_a044_d044_off+000,4,160000,159358,0.9959875,0.99609375,0.49560258495764375,0.9956654505572808,0.9962913664700027,0.5664029542373071,0.7522189431768189
calibration,hespn,12,bit_a044_d044_off+000,5,160000,159387,0.99616875,0.99609375,0.6448810532822427,0.9958537419531708,0.9964655628986566,0.6878731235010588,0.8440161024552869
calibration,hespn,12,bit_a044_d044_off+000,6,160000,159366,0.9960375,0.99609375,0.7182837924895307,0.995717376662717,0.9963394370440737,0.7182837924895307,0.8800924579322902
calibration,hespn,12,bit_a044_d044_off+000,7,160000,159204,0.995025,0.99609375,4.7042574250132664e-11,0.9946679987315551,0.9953638776491974,1.2544686466702044e-10,1.8064348512050943e-10
calibration,hespn,12,bit_a044_d044_off+000,8,160000,158944,0.9934,0.99609375,1.0569680051386806e-55,0.992991045421985,0.9937909183281916,8.455744041109445e-55,4.43095757612722e-55
calibration,hespn,12,bit_a044_d044_off+000,9,160000,158932,0.993325,0.99609375,1.5921024785845756e-58,0.9929138148214066,0.993718152705134,2.547363965735321e-57,6.688920697773272e-58
calibration,hespn,12,bit_a044_d044_off+000,10,160000,159262,0.9953875,0.99609375,1.0291429435254896e-05,0.9950432221256487,0.9957136327999815,2.058285887050979e-05,3.799912406863346e-05
calibration,hespn,12,bit_a044_d044_off+000,11,160000,159292,0.995575,0.99609375,0.0010853651166485537,0.9952375023441841,0.9958943410907108,0.0015787128969433509,0.0038236716036059142
calibration,hespn,12,bit_a044_d044_off+000,12,160000,159271,0.99544375,0.99609375,4.705099926045142e-05,0.9951014912880949,0.9957678602206095,8.364622090746919e-05,0.00017044890298125798
calibration,hespn,12,bit_a044_d044_off+000,13,160000,159279,0.99549375,0.99609375,0.00016410816643001397,0.9951532967271565,0.995816051722807,0.0002625730662880224,0.0005856648318691949
calibration,hespn,12,bit_a044_d044_off+000,14,160000,159302,0.9956375,0.99609375,0.003898949140290057,0.9953022946445422,0.9959545448936401,0.005198598853720076,0.013367825623851625
calibration,hespn,12,bit_a044_d044_off+000,15,160000,159067,0.99416875,0.99609375,1.3367075447832533e-30,0.9937834486504306,0.9945359752474735,7.129106905510685e-30,5.519308572008271e-30
calibration,hespn,12,bit_a068_d068_off+000,0,160000,159309,0.99568125,0.99609375,0.009165995199955078,0.9953476591626347,0.9959966776269634,0.014665592319928126,0.03092919294185193
calibration,hespn,12,bit_a068_d068_off+000,1,160000,159324,0.995775,0.99609375,0.042933551974619164,0.9954448969583586,0.9960869338812331,0.05724473596615889,0.13425475536037262
calibration,hespn,12,bit_a068_d068_off+000,2,160000,159285,0.99553125,0.99609375,0.00041817837109577933,0.9951921574750019,0.99585218866729,0.0007434282152813855,0.001478641754150822
calibration,hespn,12,bit_a068_d068_off+000,3,160000,159187,0.99491875,0.99609375,5.871508858317482e-13,0.994558109269077,0.9952612732308964,9.394414173307972e-12,2.277433738983751e-12
calibration,hespn,12,bit_a068_d068_off+000,4,160000,159339,0.99586875,0.99609375,0.14903814229324908,0.9955421741423356,0.99617715066139,0.18343155974553732,0.37018529521738447
calibration,hespn,12,bit_a068_d068_off+000,5,160000,159340,0.995875,0.99609375,0.16065665549680855,0.9955486607208232,0.9961831636773398,0.1836076062820669,0.3899630575902306
calibration,hespn,12,bit_a068_d068_off+000,6,160000,159205,0.99503125,0.99609375,6.154835084873638e-11,0.9946744640399945,0.9953699119785556,4.923868067898911e-10,2.358739194203071e-10
calibration,hespn,12,bit_a068_d068_off+000,7,160000,159266,0.9954125,0.99609375,2.1320142390634547e-05,0.9950691179820347,0.9957377354280733,6.237476927517548e-05,7.797080645717777e-05
calibration,hespn,12,bit_a068_d068_off+000,8,160000,159380,0.996125,0.99609375,0.8568844719153044,0.9958082771523237,0.9964235306741286,0.8568844719153044,0.9477063283855901
calibration,hespn,12,bit_a068_d068_off+000,9,160000,159267,0.99541875,0.99609375,2.3390538478190807e-05,0.9950755923323672,0.9957437606980858,6.237476927517548e-05,8.521790109701393e-05
calibration,hespn,12,bit_a068_d068_off+000,10,160000,159274,0.9954625,0.99609375,7.828066827913338e-05,0.9951209171459212,0.9957859332181562,0.0001789272417808763,0.00028145858257665933
calibration,hespn,12,bit_a068_d068_off+000,11,160000,159266,0.9954125,0.99609375,2.1320142390634547e-05,0.9950691179820347,0.9957377354280733,6.237476927517548e-05,7.797080645717777e-05
calibration,hespn,12,bit_a068_d068_off+000,12,160000,159359,0.99599375,0.99609375,0.521301069631201,0.9956719406541688,0.9962973759595891,0.5560544742732811,0.7752889649046522
calibration,hespn,12,bit_a068_d068_off+000,13,160000,159283,0.99551875,0.99609375,0.00030795730131492026,0.995179203252015,0.9958401436608154,0.0006159146026298405,0.001094959293564161
calibration,hespn,12,bit_a068_d068_off+000,14,160000,159220,0.995125,0.99609375,2.017843360420551e-09,0.9947714603046264,0.9954604102498622,1.0761831255576272e-08,7.656638837959402e-09
calibration,hespn,12,bit_a068_d068_off+000,15,160000,159312,0.9957,0.99609375,0.012935907611608323,0.9953671036326238,0.9960147319736176,0.018815865616884832,0.04297048895205533
calibration,hespn,12,bit_a093_d093_off+000,0,160000,159023,0.99389375,0.99609375,7.494690892313504e-39,0.993499814521813,0.9942696238902107,5.995752713850803e-38,3.1146767344679495e-38
calibration,hespn,12,bit_a093_d093_off+000,1,160000,158453,0.99033125,0.99609375,3.916297759380185e-212,0.9898396613973135,0.9908049462606682,6.266076415008296e-211,1.786055035156759e-211
calibration,hespn,12,bit_a093_d093_off+000,2,160000,159168,0.9948,0.99609375,2.639908699918704e-15,0.9944353370450133,0.9951465522118245,1.0559634799674816e-14,1.0323064569946866e-14
calibration,hespn,12,bit_a093_d093_off+000,3,160000,159306,0.9956625,0.99609375,0.006410245162735078,0.9953282162172046,0.9959786217524995,0.008546993550313438,0.021783487986639555
calibration,hespn,12,bit_a093_d093_off+000,4,160000,159303,0.99564375,0.99609375,0.004424638486095876,0.9953087747865131,0.9959605643600813,0.006435837797957638,0.0151162026571247
calibration,hespn,12,bit_a093_d093_off+000,5,160000,159076,0.994225,0.99609375,4.3369980616205214e-29,0.993841490076484,0.9945904308130525,2.3130656328642782e-28,1.7830912801523345e-28
calibration,hespn,12,bit_a093_d093_off+000,6,160000,159262,0.9953875,0.99609375,1.0291429435254896e-05,0.9950432221256487,0.9957136327999815,2.3523267280582617e-05,3.799912406863346e-05
calibration,hespn,12,bit_a093_d093_off+000,7,160000,159285,0.99553125,0.99609375,0.00041817837109577933,0.9951921574750019,0.99585218866729,0.0007434282152813855,0.001478641754150822
calibration,hespn,12,bit_a093_d093_off+000,8,160000,159186,0.9949125,0.99609375,4.3728047658762375e-13,0.994551646391196,0.995255236466527,1.399297525080396e-12,1.6995516498952178e-12
calibration,hespn,12,bit_a093_d093_off+000,9,160000,159265,0.99540625,0.99609375,1.7809334230424897e-05,0.99506264378651,0.995731710002942,3.5618668460849794e-05,6.550559716937893e-05
calibration,hespn,12,bit_a093_d093_off+000,10,160000,159362,0.9960125,0.99609375,0.6023046362527831,0.9956914120834872,0.9963154032870745,0.6023046362527831,0.8236644598328658
calibration,hespn,12,bit_a093_d093_off+000,11,160000,159326,0.9957875,0.99609375,0.05187194823148242,0.9954578649452759,0.9960989650945984,0.06384239782336297,0.15808593746737498
calibration,hespn,12,bit_a093_d093_off+000,12,160000,159252,0.995325,0.99609375,1.6502846834909243e-06,0.9949784931907695,0.9956533655023471,4.4007591559757985e-06,6.152517654956455e-06
calibration,hespn,12,bit_a093_d093_off+000,13,160000,159356,0.995975,0.99609375,0.4463032151466413,0.9956524709301883,0.9962793469228468,0.476056762823084,0.7176735117935941
calibration,hespn,12,bit_a093_d093_off+000,14,160000,159355,0.99596875,0.99609375,0.4227403369357625,0.9956459813991084,0.996273336866156,0.476056762823084,0.7076385762133078
calibration,hespn,12,bit_a093_d093_off+000,15,160000,159288,0.99555,0.99609375,0.0006091557108694173,0.9952115900177021,0.9958702549662906,0.0009746491373910677,0.002149961332480296
calibration,hespn,12,bit_a118_d118_off+000,0,160000,159167,0.99479375,0.99609375,1.9180887193645724e-15,0.9944288766472322,0.9951405129629135,6.137883901966631e-15,7.515776206489753e-15
calibration,hespn,12,bit_a118_d118_off+000,1,160000,158676,0.991725,0.99609375,5.567093587746052e-131,0.9912689654437344,0.9921630791124812,8.907349740393683e-130,2.434810862977772e-130
calibration,hespn,12,bit_a118_d118_off+000,2,160000,159088,0.9943,0.99609375,4.748773327249149e-27,0.9939188925071378,0.9946630243491055,3.799018661799319e-26,1.9482146983586252e-26
calibration,hespn,12,bit_a118_d118_off+000,3,160000,159350,0.9959375,0.99609375,0.3163002116891125,0.9956135365510194,0.9962432837689935,0.42173361558548333,0.5989116434350059
calibration,hespn,12,bit_a118_d118_off+000,4,160000,159274,0.9954625,0.99609375,7.828066827913338e-05,0.9951209171459212,0.9957859332181562,0.00015656133655826676,0.00028145858257665933
calibration,hespn,12,bit_a118_d118_off+000,5,160000,159103,0.99439375,0.99609375,1.254061538135812e-24,0.994015668263924,0.994753743513946,5.016246152543248e-24,5.112097989852991e-24
calibration,hespn,12,bit_a118_d118_off+000,6,160000,159370,0.9960625,0.99609375,0.8411534940380374,0.995743344323756,0.9963634677121034,0.8411534940380374,0.9427990125820385
calibration,hespn,12,bit_a118_d118_off+000,7,160000,159360,0.996,0.99609375,0.5476687068590793,0.9956784309405377,0.9963033852592592,0.6740537930573284,0.7870688002765212
calibration,hespn,12,bit_a118_d118_off+000,8,160000,159212,0.995075,0.99609375,3.4144312900177343e-10,0.9947197250617127,0.9954121484142422,9.105150106713958e-10,1.3007357295305655e-09
calibration,hespn,12,bit_a118_d118_off+000,9,160000,159093,0.99433125,0.99609375,3.347694493428454e-26,0.9939511482619157,0.994693266906145,1.785437063161842e-25,1.3675688143367302e-25
calibration,hespn,12,bit_a118_d118_off+000,10,160000,159366,0.9960375,0.99609375,0.7182837924895307,0.995717376662717,0.9963394370440737,0.7661693786554994,0.8800924579322902
calibration,hespn,12,bit_a118_d118_off+000,11,160000,159424,0.9964,0.99609375,0.04952251858918759,0.9960942249454944,0.9966875637701657,0.07203275431154559,0.15140642625993658
calibration,hespn,12,bit_a118_d118_off+000,12,160000,159260,0.995375,0.99609375,7.089362288235078e-06,0.9950302751200523,0.9957015805614954,1.6204256658823036e-05,2.6277172960253568e-05
calibration,hespn,12,bit_a118_d118_off+000,13,160000,159308,0.995675,0.99609375,0.00814786090013121,0.9953411780119163,0.9959906591714098,0.014485086044677707,0.027590640085100395
calibration,hespn,12,bit_a118_d118_off+000,14,160000,159387,0.99616875,0.99609375,0.6448810532822427,0.9958537419531708,0.9964655628986566,0.7370069180368487,0.8440161024552869
calibration,hespn,12,bit_a118_d118_off+000,15,160000,159321,0.99575625,0.99609375,0.03198683977615851,0.9954254462897645,0.9960688857465462,0.051178943641853616,0.1021875746592751
calibration,hespn,12,bytepos_ab15_db15_a07_d10_off+00,0,160000,159343,0.99589375,0.99609375,0.1996165534480121,0.9955681215463325,0.9962012016327074,0.3992331068960242,0.45196200780681983
calibration,hespn,12,bytepos_ab15_db15_a07_d10_off+00,1,160000,159404,0.996275,0.99609375,0.2533108709405798,0.9959641981303896,0.9965675993966865,0.40529739350492766,0.5224026554306264
calibration,hespn,12,bytepos_ab15_db15_a07_d10_off+00,2,160000,159386,0.9961625,0.99609375,0.6738967836523793,0.9958472463779195,0.9964595589002986,0.7344425683784156,0.8591512779631927
calibration,hespn,12,bytepos_ab15_db15_a07_d10_off+00,3,160000,159248,0.9953,0.99609375,8.097876217369108e-07,0.9949526058479847,0.9956292543437683,6.478300973895286e-06,3.0248876142701724e-06
calibration,hespn,12,bytepos_ab15_db15_a07_d10_off+00,4,160000,159298,0.9956125,0.99609375,0.0024704512515751646,0.9952763757417729,0.9959304653592519,0.007905444005040526,0.008561852713040283
calibration,hespn,12,bytepos_ab15_db15_a07_d10_off+00,5,160000,159369,0.99605625,0.99609375,0.8099411343643885,0.9957368521179853,0.9963574603362844,0.8099411343643885,0.9261983192255069
calibration,hespn,12,bytepos_ab15_db15_a07_d10_off+00,6,160000,159298,0.9956125,0.99609375,0.0024704512515751646,0.9952763757417729,0.9959304653592519,0.007905444005040526,0.008561852713040283
calibration,hespn,12,bytepos_ab15_db15_a07_d10_off+00,7,160000,159330,0.9958125,0.99609375,0.07444845339427293,0.9954838030319315,0.9961230254038845,0.19852920905139448,0.21494891807068275
calibration,hespn,12,bytepos_ab15_db15_a07_d10_off+00,8,160000,159362,0.9960125,0.99609375,0.6023046362527831,0.9956914120834872,0.9963154032870745,0.7344425683784156,0.8236644598328658
calibration,hespn,12,bytepos_ab15_db15_a07_d10_off+00,9,160000,159397,0.99623125,0.99609375,0.3888440252169814,0.9959187089275388,0.9965255916332852,0.5655913094065185,0.6774777934814922
calibration,hespn,12,bytepos_ab15_db15_a07_d10_off+00,10,160000,159266,0.9954125,0.99609375,2.1320142390634547e-05,0.9950691179820347,0.9957377354280733,0.00011370742608338425,7.797080645717777e-05
calibration,hespn,12,bytepos_ab15_db15_a07_d10_off+00,11,160000,159223,0.99514375,0.99609375,4.187550559192421e-09,0.9947908633463178,0.9954785061082364,6.700080894707873e-08,1.5795868514046067e-08
calibration,hespn,12,bytepos_ab15_db15_a07_d10_off+00,12,160000,159365,0.99603125,0.99609375,0.6885399078547646,0.9957108852301221,0.9963334288932781,0.7344425683784156,0.8617970163501617
calibration,hespn,12,bytepos_ab15_db15_a07_d10_off+00,13,160000,159361,0.99600625,0.99609375,0.5746794767050786,0.9956849214168292,0.9963093943685695,0.7344425683784156,0.806567686603619
calibration,hespn,12,bytepos_ab15_db15_a07_d10_off+00,14,160000,159335,0.99584375,0.99609375,0.10889042149329917,0.9955162296342249,0.9961530967877319,0.2488923919846838,0.2936370916673236
calibration,hespn,12,bytepos_ab15_db15_a07_d10_off+00,15,160000,159405,0.99628125,0.99609375,0.23703227797610793,0.9959706974286225,0.9965735996629903,0.40529739350492766,0.49792338480757903
calibration,hespn,12,value_b00_a07_d10,0,160000,159335,0.99584375,0.99609375,0.10889042149329917,0.9955162296342249,0.9961530967877319,0.2488923919846838,0.2936370916673236
calibration,hespn,12,value_b00_a07_d10,1,160000,159378,0.9961125,0.99609375,0.9201939765617319,0.9957952890086983,0.9964115196633604,0.9520651830367521,0.9745021704349284
calibration,hespn,12,value_b00_a07_d10,2,160000,159398,0.9962375,0.99609375,0.3671614830414377,0.995925206758233,0.9965315933707364,0.5340530662420911,0.6533364665797594
calibration,hespn,12,value_b00_a07_d10,3,160000,159274,0.9954625,0.99609375,7.828066827913338e-05,0.9951209171459212,0.9957859332181562,0.0006262453462330671,0.00028145858257665933
calibration,hespn,12,value_b00_a07_d10,4,160000,159305,0.99565625,0.99609375,0.005673374672009459,0.995321735572485,0.9959726027898714,0.01815479895043027,0.01931361590471305
calibration,hespn,12,value_b00_a07_d10,5,160000,159352,0.99595,0.99609375,0.3565675028948345,0.9956265139305183,0.9962553055688683,0.5340530662420911,0.6464679939169805
calibration,hespn,12,value_b00_a07_d10,6,160000,159301,0.99563125,0.99609375,0.0034307211298530357,0.9952958146694382,0.99594852525998,0.013722884519412143,0.011825825079565222
calibration,hespn,12,value_b00_a07_d10,7,160000,159221,0.99513125,0.99609375,2.5768249366815957e-09,0.9947779278434364,0.9954664423446756,4.122919898690553e-08,9.758390292758705e-09
calibration,hespn,12,value_b00_a07_d10,8,160000,159367,0.99604375,0.99609375,0.748460820632805,0.9957238682879227,0.9963454450018108,0.9079796715267837,0.8942406817765934
calibration,hespn,12,value_b00_a07_d10,9,160000,159341,0.99588125,0.99609375,0.17294742854839296,0.9955551474807111,0.9961891765114845,0.307462095197143,0.4099494602628574
calibration,hespn,12,value_b00_a07_d10,10,160000,159382,0.9961375,0.99609375,0.7944822125859358,0.9958212660924974,0.9964355408864563,0.9079796715267837,0.921138797201085
calibration,hespn,12,value_b00_a07_d10,11,160000,159319,0.99574375,0.99609375,0.026101196995693174,0.9954124800474081,0.9960568527848266,0.06960319198851513,0.0843675054406244
calibration,hespn,12,value_b00_a07_d10,12,160000,159368,0.99605,0.99609375,0.7790281523722418,0.9957303601061935,0.9963514527660337,0.9079796715267837,0.9153819171081421
calibration,hespn,12,value_b00_a07_d10,13,160000,159377,0.99610625,0.99609375,0.9520651830367521,0.9957887952343962,0.9964055138597604,0.9520651830367521,0.9875554572828548
calibration,hespn,12,value_b00_a07_d10,14,160000,159295,0.99559375,0.99609375,0.0016483345056650482,0.9952569383031687,0.9959124039663373,0.008791117363546925,0.005754185910685259
calibration,hespn,12,value_b00_a07_d10,15,160000,159410,0.9963125,0.99609375,0.16669297883600925,0.9960031971067277,0.9966035977996639,0.307462095197143,0.39906548549269044
calibration,hespn,12,value_b00_a0F_dF0,0,160000,159377,0.99610625,0.99609375,0.9520651830367521,0.9957887952343962,0.9964055138597604,0.9520651830367521,0.9875554572828548
calibration,hespn,12,value_b00_a0F_dF0,1,160000,159387,0.99616875,0.99609375,0.6448810532822427,0.9958537419531708,0.9964655628986566,0.7936997578858371,0.8440161024552869
calibration,hespn,12,value_b00_a0F_dF0,2,160000,159382,0.9961375,0.99609375,0.7944822125859358,0.9958212660924974,0.9964355408864563,0.8474476934249981,0.921138797201085
calibration,hespn,12,value_b00_a0F_dF0,3,160000,159277,0.99548125,0.99609375,0.00011875978708022277,0.9951403444199857,0.9958040047965904,0.000558821622671031,0.00042620334802622004
calibration,hespn,12,value_b00_a0F_dF0,4,160000,159264,0.9954,0.99609375,1.4855217216214653e-05,0.9950561697454793,0.9957256844230072,0.00018712430782552645,5.4744754424437875e-05
calibration,hespn,12,value_b00_a0F_dF0,5,160000,159356,0.995975,0.99609375,0.4463032151466413,0.9956524709301883,0.9962793469228468,0.6491683129405691,0.7176735117935941
calibration,hespn,12,value_b00_a0F_dF0,6,160000,159267,0.99541875,0.99609375,2.3390538478190807e-05,0.9950755923323672,0.9957437606980858,0.00018712430782552645,8.521790109701393e-05
calibration,hespn,12,value_b00_a0F_dF0,7,160000,159278,0.9954875,0.99609375,0.00013970540566775775,0.9951468204942405,0.9958100283391912,0.000558821622671031,0.0005004372740337592
calibration,hespn,12,value_b00_a0F_dF0,8,160000,159342,0.9958875,0.99609375,0.1859284786553716,0.9955616344224101,0.9961951891634117,0.354873872796466,0.4311385012298472
calibration,hespn,12,value_b00_a0F_dF0,9,160000,159349,0.99593125,0.99609375,0.2973322516553708,0.9956070481398528,0.9962372725898415,0.47573160264859327,0.5825284930390938
calibration,hespn,12,value_b00_a0F_dF0,10,160000,159343,0.99589375,0.99609375,0.1996165534480121,0.9955681215463325,0.9962012016327074,0.354873872796466,0.45196200780681983
calibration,hespn,12,value_b00_a0F_dF0,11,160000,159335,0.99584375,0.99609375,0.10889042149329917,0.9955162296342249,0.9961530967877319,0.29037445731546446,0.2936370916673236
calibration,hespn,12,value_b00_a0F_dF0,12,160000,159360,0.996,0.99609375,0.5476687068590793,0.9956784309405377,0.9963033852592592,0.7302249424787725,0.7870688002765212
calibration,hespn,12,value_b00_a0F_dF0,13,160000,159340,0.995875,0.99609375,0.16065665549680855,0.9955486607208232,0.9961831636773398,0.354873872796466,0.3899630575902306
calibration,hespn,12,value_b00_a0F_dF0,14,160000,159298,0.9956125,0.99609375,0.0024704512515751646,0.9952763757417729,0.9959304653592519,0.007905444005040526,0.008561852713040283
calibration,hespn,12,value_b00_a0F_dF0,15,160000,159382,0.9961375,0.99609375,0.7944822125859358,0.9958212660924974,0.9964355408864563,0.8474476934249981,0.921138797201085
calibration,hespn,14,bit_a019_d019_off+000,0,160000,159375,0.99609375,0.99609375,1.0,0.9957758082784421,0.9963935016585105,1.0,1.0
calibration,hespn,14,bit_a019_d019_off+000,1,160000,159371,0.99606875,0.99609375,0.8726175464058323,0.9957498367239649,0.9963694748930294,0.9307920494995545,0.9530294022179738
calibration,hespn,14,bit_a019_d019_off+000,2,160000,159356,0.995975,0.99609375,0.4463032151466413,0.9956524709301883,0.9962793469228468,0.7395285637022802,0.7176735117935941
calibration,hespn,14,bit_a019_d019_off+000,3,160000,159406,0.9962875,0.99609375,0.2215070770094379,0.9959771969386064,0.9965795997170194,0.7395285637022802,0.47839548690452277
calibration,hespn,14,bit_a019_d019_off+000,4,160000,159347,0.99591875,0.99609375,0.2617210895855886,0.99559407187256,0.9962252496752418,0.7395285637022802,0.5334442590279513
calibration,hespn,14,bit_a019_d019_off+000,5,160000,159352,0.99595,0.99609375,0.3565675028948345,0.9956265139305183,0.9962553055688683,0.7395285637022802,0.6464679939169805
calibration,hespn,14,bit_a019_d019_off+000,6,160000,159381,0.99613125,0.99609375,0.825545676953505,0.9958147715226021,0.9964295358803383,0.9307920494995545,0.9351313862836163
calibration,hespn,14,bit_a019_d019_off+000,7,160000,159357,0.99598125,0.99609375,0.47059649279436977,0.9956589606494335,0.996285356790942,0.7395285637022802,0.7363857099960799
calibration,hespn,14,bit_a019_d019_off+000,8,160000,159383,0.99614375,0.99609375,0.7637410283656014,0.9958277608624917,0.9964415456919983,0.9307920494995545,0.9057336469808245
calibration,hespn,14,bit_a019_d019_off+000,9,160000,159336,0.99585,0.99609375,0.11802014526697782,0.9955227154911891,0.9961591105268097,0.7395285637022802,0.31126192158323823
calibration,hespn,14,bit_a019_d019_off+000,10,160000,159363,0.99601875,0.99609375,0.6305127956476326,0.995697902940957,0.9963214120143271,0.8406837275301768,0.8354620894709832
calibration,hespn,14,bit_a019_d019_off+000,11,160000,159394,0.9962125,0.99609375,0.45841564590470885,0.9958992166788408,0.9965075851745139,0.7395285637022802,0.7298159536791384
calibration,hespn,14,bit_a019_d019_off+000,12,160000,159342,0.9958875,0.99609375,0.1859284786553716,0.9955616344224101,0.9961951891634117,0.7395285637022802,0.4311385012298472
calibration,hespn,14,bit_a019_d019_off+000,13,160000,159349,0.99593125,0.99609375,0.2973322516553708,0.9956070481398528,0.9962372725898415,0.7395285637022802,0.5825284930390938
calibration,hespn,14,bit_a019_d019_off+000,14,160000,159357,0.99598125,0.99609375,0.47059649279436977,0.9956589606494335,0.996285356790942,0.7395285637022802,0.7363857099960799
calibration,hespn,14,bit_a019_d019_off+000,15,160000,159392,0.9962,0.99609375,0.5084258875453176,0.995886222877429,0.9964955798351055,0.7395285637022802,0.763832319316909
calibration,hespn,14,bit_a044_d044_off+000,0,160000,159391,0.99619375,0.99609375,0.5344626771913575,0.9958797262845202,0.9964895768568584,0.7774002577328837,0.7827371016074802
calibration,hespn,14,bit_a044_d044_off+000,1,160000,159406,0.9962875,0.99609375,0.2215070770094379,0.9959771969386064,0.9965795997170194,0.47406455595221586,0.47839548690452277
calibration,hespn,14,bit_a044_d044_off+000,2,160000,159328,0.9958,0.99609375,0.06231821947678414,0.9954708336354253,0.9961109956031942,0.47406455595221586,0.18521823745421911
calibration,hespn,14,bit_a044_d044_off+000,3,160000,159344,0.9959,0.99609375,0.21402697797284306,0.9955746088528924,0.9962072139189562,0.47406455595221586,0.46856533376038617
calibration,hespn,14,bit_a044_d044_off+000,4,160000,159373,0.99608125,0.99609375,0.9361042439484883,0.9957628221095461,0.9963814886683475,1.0,0.9810699499896821
calibration,hespn,14,bit_a044_d044_off+000,5,160000,159394,0.9962125,0.99609375,0.45841564590470885,0.9958992166788408,0.9965075851745139,0.7334650334475341,0.7298159536791384
calibration,hespn,14,bit_a044_d044_off+000,6,160000,159374,0.9960875,0.99609375,0.968026463428358,0.9957693150958465,0.9963874952618075,1.0,0.9886227711608762
calibration,hespn,14,bit_a044_d044_off+000,7,160000,159343,0.99589375,0.99609375,0.1996165534480121,0.9955681215463325,0.9962012016327074,0.47406455595221586,0.45196200780681983
calibration,hespn,14,bit_a044_d044_off+000,8,160000,159375,0.99609375,0.99609375,1.0,0.9957758082784421,0.9963935016585105,1.0,1.0
calibration,hespn,14,bit_a044_d044_off+000,9,160000,159350,0.9959375,0.99609375,0.3163002116891125,0.9956135365510194,0.9962432837689935,0.5623114874473111,0.5989116434350059
calibration,hespn,14,bit_a044_d044_off+000,10,160000,159376,0.9961,0.99609375,0.98401318155977,0.9957823016578018,0.9963995078579856,1.0,0.9959437578253866
calibration,hespn,14,bit_a044_d044_off+000,11,160000,159380,0.996125,0.99609375,0.8568844719153044,0.9958082771523237,0.9964235306741286,1.0,0.9477063283855901
calibration,hespn,14,bit_a044_d044_off+000,12,160000,159334,0.9958375,0.99609375,0.10032910767899636,0.99550974395663,0.9961470828688876,0.47406455595221586,0.2751884096338186
calibration,hespn,14,bit_a044_d044_off+000,13,160000,159411,0.99631875,0.99609375,0.1547351446731544,0.9960096976834938,0.9966095967842568,0.47406455595221586,0.380398819170879
calibration,hespn,14,bit_a044_d044_off+000,14,160000,159405,0.99628125,0.99609375,0.23703227797610793,0.9959706974286225,0.9965735996629903,0.47406455595221586,0.49792338480757903
calibration,hespn,14,bit_a044_d044_off+000,15,160000,159412,0.996325,0.99609375,0.1434403639144341,0.9960161984752378,0.9966155955533341,0.47406455595221586,0.3609508502171867
calibration,hespn,14,bit_a068_d068_off+000,0,160000,159382,0.9961375,0.99609375,0.7944822125859358,0.9958212660924974,0.9964355408864563,0.8474476934249981,0.921138797201085
calibration,hespn,14,bit_a068_d068_off+000,1,160000,159391,0.99619375,0.99609375,0.5344626771913575,0.9958797262845202,0.9964895768568584,0.6740537930573284,0.7827371016074802
calibration,hespn,14,bit_a068_d068_off+000,2,160000,159351,0.99594375,0.99609375,0.33604567866258933,0.9956200251477654,0.9962492947621453,0.6740537930573284,0.6215873824972751
calibration,hespn,14,bit_a068_d068_off+000,3,160000,159363,0.99601875,0.99609375,0.6305127956476326,0.995697902940957,0.9963214120143271,0.720586052168723,0.8354620894709832
calibration,hespn,14,bit_a068_d068_off+000,4,160000,159353,0.99595625,0.99609375,0.37786194706260084,0.995633002899706,0.9962613161887326,0.6740537930573284,0.6668152006987074
calibration,hespn,14,bit_a068_d068_off+000,5,160000,159355,0.99596875,0.99609375,0.4227403369357625,0.9956459813991084,0.996273336866156,0.6740537930573284,0.7076385762133078
calibration,hespn,14,bit_a068_d068_off+000,6,160000,159348,0.995925,0.99609375,0.27914045471074067,0.9956005599138409,0.9962312612251158,0.6740537930573284,0.5582809094214813
calibration,hespn,14,bit_a068_d068_off+000,7,160000,159294,0.9955875,0.99609375,0.0014361249597175034,0.9952504594862351,0.9959063831720758,0.022977999355480054,0.005040877372317379
calibration,hespn,14,bit_a068_d068_off+000,8,160000,159358,0.9959875,0.99609375,0.49560258495764375,0.9956654505572808,0.9962913664700027,0.6740537930573284,0.7522189431768189
calibration,hespn,14,bit_a068_d068_off+000,9,160000,159359,0.99599375,0.99609375,0.521301069631201,0.9956719406541688,0.9962973759595891,0.6740537930573284,0.7752889649046522
calibration,hespn,14,bit_a068_d068_off+000,10,160000,159351,0.99594375,0.99609375,0.33604567866258933,0.9956200251477654,0.9962492947621453,0.6740537930573284,0.6215873824972751
calibration,hespn,14,bit_a068_d068_off+000,11,160000,159395,0.99621875,0.99609375,0.43448307620013293,0.9959057138883544,0.9965135875346601,0.6740537930573284,0.7172893433398584
calibration,hespn,14,bit_a068_d068_off+000,12,160000,159372,0.996075,0.99609375,0.904284411952708,0.995756329319074,0.9963754818785991,0.904284411952708,0.9688761556636157
calibration,hespn,14,bit_a068_d068_off+000,13,160000,159406,0.9962875,0.99609375,0.2215070770094379,0.9959771969386064,0.9965795997170194,0.6740537930573284,0.47839548690452277
calibration,hespn,14,bit_a068_d068_off+000,14,160000,159360,0.996,0.99609375,0.5476687068590793,0.9956784309405377,0.9963033852592592,0.6740537930573284,0.7870688002765212
calibration,hespn,14,bit_a068_d068_off+000,15,160000,159347,0.99591875,0.99609375,0.2617210895855886,0.99559407187256,0.9962252496752418,0.6740537930573284,0.5334442590279513
calibration,hespn,14,bit_a093_d093_off+000,0,160000,159351,0.99594375,0.99609375,0.33604567866258933,0.9956200251477654,0.9962492947621453,0.8636844504288019,0.6215873824972751
calibration,hespn,14,bit_a093_d093_off+000,1,160000,159329,0.99580625,0.99609375,0.0681616076981151,0.9954773182451876,0.9961170105922245,0.36352857438994723,0.19919373939175192
calibration,hespn,14,bit_a093_d093_off+000,2,160000,159341,0.99588125,0.99609375,0.17294742854839296,0.9955551474807111,0.9961891765114845,0.616546654298773,0.4099494602628574
calibration,hespn,14,bit_a093_d093_off+000,3,160000,159368,0.99605,0.99609375,0.7790281523722418,0.9957303601061935,0.9963514527660337,0.9520651830367521,0.9153819171081421
calibration,hespn,14,bit_a093_d093_off+000,4,160000,159388,0.996175,0.99609375,0.6163958739378903,0.9958602377309614,0.9964715666939887,0.9378740508215091,0.8276084461263982
calibration,hespn,14,bit_a093_d093_off+000,5,160000,159408,0.9963,0.99609375,0.19267082946836656,0.9959901965959574,0.9965915991861127,0.616546654298773,0.4430275360230704
calibration,hespn,14,bit_a093_d093_off+000,6,160000,159295,0.99559375,0.99609375,0.0016483345056650482,0.9952569383031687,0.9959124039663373,0.026373352090640772,0.005754185910685259
calibration,hespn,14,bit_a093_d093_off+000,7,160000,159303,0.99564375,0.99609375,0.004424638486095876,0.9953087747865131,0.9959605643600813,0.03539710788876701,0.0151162026571247
calibration,hespn,14,bit_a093_d093_off+000,8,160000,159378,0.9961125,0.99609375,0.9201939765617319,0.9957952890086983,0.9964115196633604,0.9520651830367521,0.9745021704349284
calibration,hespn,14,bit_a093_d093_off+000,9,160000,159357,0.99598125,0.99609375,0.47059649279436977,0.9956589606494335,0.996285356790942,0.9267574571221352,0.7363857099960799
calibration,hespn,14,bit_a093_d093_off+000,10,160000,159385,0.99615625,0.99609375,0.7034055381161318,0.9958407510047157,0.9964535546994084,0.9378740508215091,0.8701924182879982
calibration,hespn,14,bit_a093_d093_off+000,11,160000,159379,0.99611875,0.99609375,0.8884503477324643,0.9958017829811817,0.9964175252683092,0.9520651830367521,0.9594064497448435
calibration,hespn,14,bit_a093_d093_off+000,12,160000,159377,0.99610625,0.99609375,0.9520651830367521,0.9957887952343962,0.9964055138597604,0.9520651830367521,0.9875554572828548
calibration,hespn,14,bit_a093_d093_off+000,13,160000,159359,0.99599375,0.99609375,0.521301069631201,0.9956719406541688,0.9962973759595891,0.9267574571221352,0.7752889649046522
calibration,hespn,14,bit_a093_d093_off+000,14,160000,159364,0.996025,0.99609375,0.6592700130091702,0.9957043939896857,0.9963274205498786,0.9378740508215091,0.8483903652664925
calibration,hespn,14,bit_a093_d093_off+000,15,160000,159353,0.99595625,0.99609375,0.37786194706260084,0.995633002899706,0.9962613161887326,0.8636844504288019,0.6668152006987074
calibration,hespn,14,bit_a118_d118_off+000,0,160000,159388,0.996175,0.99609375,0.6163958739378903,0.9958602377309614,0.9964715666939887,0.7344425683784156,0.8276084461263982
calibration,hespn,14,bit_a118_d118_off+000,1,160000,159324,0.995775,0.99609375,0.042933551974619164,0.9954448969583586,0.9960869338812331,0.3434684157969533,0.13425475536037262
calibration,hespn,14,bit_a118_d118_off+000,2,160000,159365,0.99603125,0.99609375,0.6885399078547646,0.9957108852301221,0.9963334288932781,0.7344425683784156,0.8617970163501617
calibration,hespn,14,bit_a118_d118_off+000,3,160000,159392,0.9962,0.99609375,0.5084258875453176,0.995886222877429,0.9964955798351055,0.7344425683784156,0.763832319316909
calibration,hespn,14,bit_a118_d118_off+000,4,160000,159407,0.99629375,0.99609375,0.20672421246595302,0.9959836966608732,0.996585599558239,0.6615174798910497,0.4604530022443501
calibration,hespn,14,bit_a118_d118_off+000,5,160000,159409,0.99630625,0.99609375,0.17933242110671713,0.995996696744396,0.9965975986001014,0.6615174798910497,0.42041300186190095
calibration,hespn,14,bit_a118_d118_off+000,6,160000,159383,0.99614375,0.99609375,0.7637410283656014,0.9958277608624917,0.9964415456919983,0.7637410283656014,0.9057336469808245
calibration,hespn,14,bit_a118_d118_off+000,7,160000,159388,0.996175,0.99609375,0.6163958739378903,0.9958602377309614,0.9964715666939887,0.7344425683784156,0.8276084461263982
calibration,hespn,14,bit_a118_d118_off+000,8,160000,159365,0.99603125,0.99609375,0.6885399078547646,0.9957108852301221,0.9963334288932781,0.7344425683784156,0.8617970163501617
calibration,hespn,14,bit_a118_d118_off+000,9,160000,159362,0.9960125,0.99609375,0.6023046362527831,0.9956914120834872,0.9963154032870745,0.7344425683784156,0.8236644598328658
calibration,hespn,14,bit_a118_d118_off+000,10,160000,159392,0.9962,0.99609375,0.5084258875453176,0.995886222877429,0.9964955798351055,0.7344425683784156,0.763832319316909
calibration,hespn,14,bit_a118_d118_off+000,11,160000,159401,0.99625625,0.99609375,0.3067476122713609,0.9959447015009065,0.9965495973294358,0.7011373994773963,0.5919149905135808
calibration,hespn,14,bit_a118_d118_off+000,12,160000,159341,0.99588125,0.99609375,0.17294742854839296,0.9955551474807111,0.9961891765114845,0.6615174798910497,0.4099494602628574
calibration,hespn,14,bit_a118_d118_off+000,13,160000,159393,0.99620625,0.99609375,0.4830695928250653,0.9958927196753679,0.9965015826078262,0.7344425683784156,0.7473760017922042
calibration,hespn,14,bit_a118_d118_off+000,14,160000,159348,0.995925,0.99609375,0.27914045471074067,0.9956005599138409,0.9962312612251158,0.7011373994773963,0.5582809094214813
calibration,hespn,14,bit_a118_d118_off+000,15,160000,159319,0.99574375,0.99609375,0.026101196995693174,0.9954124800474081,0.9960568527848266,0.3434684157969533,0.0843675054406244
calibration,hespn,14,bytepos_ab15_db15_a07_d10_off+00,0,160000,159371,0.99606875,0.99609375,0.8726175464058323,0.9957498367239649,0.9963694748930294,0.9201939765617319,0.9530294022179738
calibration,hespn,14,bytepos_ab15_db15_a07_d10_off+00,1,160000,159356,0.995975,0.99609375,0.4463032151466413,0.9956524709301883,0.9962793469228468,0.9201939765617319,0.7176735117935941
calibration,hespn,14,bytepos_ab15_db15_a07_d10_off+00,2,160000,159388,0.996175,0.99609375,0.6163958739378903,0.9958602377309614,0.9964715666939887,0.9201939765617319,0.8276084461263982
calibration,hespn,14,bytepos_ab15_db15_a07_d10_off+00,3,160000,159354,0.9959625,0.99609375,0.39992260533754054,0.9956394920557589,0.9962673266213062,0.9201939765617319,0.6855816091500695
calibration,hespn,14,bytepos_ab15_db15_a07_d10_off+00,4,160000,159381,0.99613125,0.99609375,0.825545676953505,0.9958147715226021,0.9964295358803383,0.9201939765617319,0.9351313862836163
calibration,hespn,14,bytepos_ab15_db15_a07_d10_off+00,5,160000,159378,0.9961125,0.99609375,0.9201939765617319,0.9957952890086983,0.9964115196633604,0.9201939765617319,0.9745021704349284
calibration,hespn,14,bytepos_ab15_db15_a07_d10_off+00,6,160000,159380,0.996125,0.99609375,0.8568844719153044,0.9958082771523237,0.9964235306741286,0.9201939765617319,0.9477063283855901
calibration,hespn,14,bytepos_ab15_db15_a07_d10_off+00,7,160000,159358,0.9959875,0.99609375,0.49560258495764375,0.9956654505572808,0.9962913664700027,0.9201939765617319,0.7522189431768189
calibration,hespn,14,bytepos_ab15_db15_a07_d10_off+00,8,160000,159385,0.99615625,0.99609375,0.7034055381161318,0.9958407510047157,0.9964535546994084,0.9201939765617319,0.8701924182879982
calibration,hespn,14,bytepos_ab15_db15_a07_d10_off+00,9,160000,159392,0.9962,0.99609375,0.5084258875453176,0.995886222877429,0.9964955798351055,0.9201939765617319,0.763832319316909
calibration,hespn,14,bytepos_ab15_db15_a07_d10_off+00,10,160000,159367,0.99604375,0.99609375,0.748460820632805,0.9957238682879227,0.9963454450018108,0.9201939765617319,0.8942406817765934
calibration,hespn,14,bytepos_ab15_db15_a07_d10_off+00,11,160000,159356,0.995975,0.99609375,0.4463032151466413,0.9956524709301883,0.9962793469228468,0.9201939765617319,0.7176735117935941
calibration,hespn,14,bytepos_ab15_db15_a07_d10_off+00,12,160000,159379,0.99611875,0.99609375,0.8884503477324643,0.9958017829811817,0.9964175252683092,0.9201939765617319,0.9594064497448435
calibration,hespn,14,bytepos_ab15_db15_a07_d10_off+00,13,160000,159382,0.9961375,0.99609375,0.7944822125859358,0.9958212660924974,0.9964355408864563,0.9201939765617319,0.921138797201085
calibration,hespn,14,bytepos_ab15_db15_a07_d10_off+00,14,160000,159365,0.99603125,0.99609375,0.6885399078547646,0.9957108852301221,0.9963334288932781,0.9201939765617319,0.8617970163501617
calibration,hespn,14,bytepos_ab15_db15_a07_d10_off+00,15,160000,159403,0.99626875,0.99609375,0.27035196939762784,0.9959576990433774,0.9965615989186398,0.9201939765617319,0.5452476693733671
calibration,hespn,14,value_b00_a07_d10,0,160000,159369,0.99605625,0.99609375,0.8099411343643885,0.9957368521179853,0.9963574603362844,0.9792965393317764,0.9261983192255069
calibration,hespn,14,value_b00_a07_d10,1,160000,159356,0.995975,0.99609375,0.4463032151466413,0.9956524709301883,0.9962793469228468,0.79296413593223,0.7176735117935941
calibration,hespn,14,value_b00_a07_d10,2,160000,159414,0.9963375,0.99609375,0.12276067046858868,0.9960292007058458,0.9966275924427473,0.7343229660828754,0.32068093510161944
calibration,hespn,14,value_b00_a07_d10,3,160000,159398,0.9962375,0.99609375,0.3671614830414377,0.995925206758233,0.9965315933707364,0.7343229660828754,0.6533364665797594
calibration,hespn,14,value_b00_a07_d10,4,160000,159384,0.99615,0.99609375,0.7333675617740207,0.9958342558330691,0.9964475502964784,0.9778234156986944,0.8878094064351323
calibration,hespn,14,value_b00_a07_d10,5,160000,159347,0.99591875,0.99609375,0.2617210895855886,0.99559407187256,0.9962252496752418,0.7343229660828754,0.5334442590279513
calibration,hespn,14,value_b00_a07_d10,6,160000,159375,0.99609375,0.99609375,1.0,0.9957758082784421,0.9963935016585105,1.0,1.0
calibration,hespn,14,value_b00_a07_d10,7,160000,159374,0.9960875,0.99609375,0.968026463428358,0.9957693150958465,0.9963874952618075,1.0,0.9886227711608762
calibration,hespn,14,value_b00_a07_d10,8,160000,159358,0.9959875,0.99609375,0.49560258495764375,0.9956654505572808,0.9962913664700027,0.79296413593223,0.7522189431768189
calibration,hespn,14,value_b00_a07_d10,9,160000,159360,0.996,0.99609375,0.5476687068590793,0.9956784309405377,0.9963033852592592,0.7966090281586609,0.7870688002765212
calibration,hespn,14,value_b00_a07_d10,10,160000,159398,0.9962375,0.99609375,0.3671614830414377,0.995925206758233,0.9965315933707364,0.7343229660828754,0.6533364665797594
calibration,hespn,14,value_b00_a07_d10,11,160000,159333,0.99583125,0.99609375,0.09231369482499595,0.9955032584580027,0.9961410687706796,0.7343229660828754,0.257619613465105
calibration,hespn,14,value_b00_a07_d10,12,160000,159380,0.996125,0.99609375,0.8568844719153044,0.9958082771523237,0.9964235306741286,0.9792965393317764,0.9477063283855901
calibration,hespn,14,value_b00_a07_d10,13,160000,159402,0.9962625,0.99609375,0.28816260786621706,0.9959512001670582,0.9965555982293803,0.7343229660828754,0.5703837186630276
calibration,hespn,14,value_b00_a07_d10,14,160000,159348,0.995925,0.99609375,0.27914045471074067,0.9956005599138409,0.9962312612251158,0.7343229660828754,0.5582809094214813
calibration,hespn,14,value_b00_a07_d10,15,160000,159350,0.9959375,0.99609375,0.3163002116891125,0.9956135365510194,0.9962432837689935,0.7343229660828754,0.5989116434350059
calibration,hespn,14,value_b00_a0F_dF0,0,160000,159370,0.9960625,0.99609375,0.8411534940380374,0.995743344323756,0.9963634677121034,0.9140101033763247,0.9427990125820385
calibration,hespn,14,value_b00_a0F_dF0,1,160000,159354,0.9959625,0.99609375,0.39992260533754054,0.9956394920557589,0.9962673266213062,0.9140101033763247,0.6855816091500695
calibration,hespn,14,value_b00_a0F_dF0,2,160000,159388,0.996175,0.99609375,0.6163958739378903,0.9958602377309614,0.9964715666939887,0.9140101033763247,0.8276084461263982
calibration,hespn,14,value_b00_a0F_dF0,3,160000,159360,0.996,0.99609375,0.5476687068590793,0.9956784309405377,0.9963033852592592,0.9140101033763247,0.7870688002765212
calibration,hespn,14,value_b00_a0F_dF0,4,160000,159343,0.99589375,0.99609375,0.1996165534480121,0.9955681215463325,0.9962012016327074,0.9140101033763247,0.45196200780681983
calibration,hespn,14,value_b00_a0F_dF0,5,160000,159369,0.99605625,0.99609375,0.8099411343643885,0.9957368521179853,0.9963574603362844,0.9140101033763247,0.9261983192255069
calibration,hespn,14,value_b00_a0F_dF0,6,160000,159357,0.99598125,0.99609375,0.47059649279436977,0.9956589606494335,0.996285356790942,0.9140101033763247,0.7363857099960799
calibration,hespn,14,value_b00_a0F_dF0,7,160000,159384,0.99615,0.99609375,0.7333675617740207,0.9958342558330691,0.9964475502964784,0.9140101033763247,0.8878094064351323
calibration,hespn,14,value_b00_a0F_dF0,8,160000,159367,0.99604375,0.99609375,0.748460820632805,0.9957238682879227,0.9963454450018108,0.9140101033763247,0.8942406817765934
calibration,hespn,14,value_b00_a0F_dF0,9,160000,159374,0.9960875,0.99609375,0.968026463428358,0.9957693150958465,0.9963874952618075,0.968026463428358,0.9886227711608762
calibration,hespn,14,value_b00_a0F_dF0,10,160000,159391,0.99619375,0.99609375,0.5344626771913575,0.9958797262845202,0.9964895768568584,0.9140101033763247,0.7827371016074802
calibration,hespn,14,value_b00_a0F_dF0,11,160000,159362,0.9960125,0.99609375,0.6023046362527831,0.9956914120834872,0.9963154032870745,0.9140101033763247,0.8236644598328658
calibration,hespn,14,value_b00_a0F_dF0,12,160000,159380,0.996125,0.99609375,0.8568844719153044,0.9958082771523237,0.9964235306741286,0.9140101033763247,0.9477063283855901
calibration,hespn,14,value_b00_a0F_dF0,13,160000,159325,0.99578125,0.99609375,0.04722500521690716,0.9954513808641076,0.9960929495758168,0.7556000834705145,0.14577493571778416
calibration,hespn,14,value_b00_a0F_dF0,14,160000,159366,0.9960375,0.99609375,0.7182837924895307,0.995717376662717,0.9963394370440737,0.9140101033763247,0.8800924579322902
calibration,hespn,14,value_b00_a0F_dF0,15,160000,159341,0.99588125,0.99609375,0.17294742854839296,0.9955551474807111,0.9961891765114845,0.9140101033763247,0.4099494602628574
calibration,hespn,16,bit_a019_d019_off+000,0,160000,159380,0.996125,0.99609375,0.8568844719153044,0.9958082771523237,0.9964235306741286,0.904284411952708,0.9477063283855901
calibration,hespn,16,bit_a019_d019_off+000,1,160000,159395,0.99621875,0.99609375,0.43448307620013293,0.9959057138883544,0.9965135875346601,0.5347484014770867,0.7172893433398584
calibration,hespn,16,bit_a019_d019_off+000,2,160000,159355,0.99596875,0.99609375,0.4227403369357625,0.9956459813991084,0.996273336866156,0.5347484014770867,0.7076385762133078
calibration,hespn,16,bit_a019_d019_off+000,3,160000,159432,0.99645,0.99609375,0.02231267557172733,0.996146260313472,0.9967355248150406,0.35700280914763727,0.07298183491944885
calibration,hespn,16,bit_a019_d019_off+000,4,160000,159420,0.996375,0.99609375,0.0712955109011778,0.9960682126143923,0.9966635778811244,0.38024272480628163,0.2067785210426909
calibration,hespn,16,bit_a019_d019_off+000,5,160000,159338,0.9958625,0.99609375,0.13807275499885951,0.9955356877448389,0.9961711374640457,0.4743410603539695,0.3515911002623478
calibration,hespn,16,bit_a019_d019_off+000,6,160000,159349,0.99593125,0.99609375,0.2973322516553708,0.9956070481398528,0.9962372725898415,0.4743410603539695,0.5825284930390938
calibration,hespn,16,bit_a019_d019_off+000,7,160000,159342,0.9958875,0.99609375,0.1859284786553716,0.9955616344224101,0.9961951891634117,0.4743410603539695,0.4311385012298472
calibration,hespn,16,bit_a019_d019_off+000,8,160000,159404,0.996275,0.99609375,0.2533108709405798,0.9959641981303896,0.9965675993966865,0.4743410603539695,0.5224026554306264
calibration,hespn,16,bit_a019_d019_off+000,9,160000,159372,0.996075,0.99609375,0.904284411952708,0.995756329319074,0.9963754818785991,0.904284411952708,0.9688761556636157
calibration,hespn,16,bit_a019_d019_off+000,10,160000,159344,0.9959,0.99609375,0.21402697797284306,0.9955746088528924,0.9962072139189562,0.4743410603539695,0.46856533376038617
calibration,hespn,16,bit_a019_d019_off+000,11,160000,159350,0.9959375,0.99609375,0.3163002116891125,0.9956135365510194,0.9962432837689935,0.4743410603539695,0.5989116434350059
calibration,hespn,16,bit_a019_d019_off+000,12,160000,159404,0.996275,0.99609375,0.2533108709405798,0.9959641981303896,0.9965675993966865,0.4743410603539695,0.5224026554306264
calibration,hespn,16,bit_a019_d019_off+000,13,160000,159400,0.99625,0.99609375,0.326109478993354,0.9959382030443988,0.9965435962193318,0.4743410603539695,0.6126518587742071
calibration,hespn,16,bit_a019_d019_off+000,14,160000,159421,0.99638125,0.99609375,0.06522564248713436,0.9960747153657834,0.9966695746856129,0.38024272480628163,0.19237055848740087
calibration,hespn,16,bit_a019_d019_off+000,15,160000,159365,0.99603125,0.99609375,0.6885399078547646,0.9957108852301221,0.9963334288932781,0.7869027518340167,0.8617970163501617
calibration,hespn,16,bit_a044_d044_off+000,0,160000,159355,0.99596875,0.99609375,0.4227403369357625,0.9956459813991084,0.996273336866156,0.7334650334475341,0.7076385762133078
calibration,hespn,16,bit_a044_d044_off+000,1,160000,159354,0.9959625,0.99609375,0.39992260533754054,0.9956394920557589,0.9962673266213062,0.7334650334475341,0.6855816091500695
calibration,hespn,16,bit_a044_d044_off+000,2,160000,159377,0.99610625,0.99609375,0.9520651830367521,0.9957887952343962,0.9964055138597604,0.9520651830367521,0.9875554572828548
calibration,hespn,16,bit_a044_d044_off+000,3,160000,159380,0.996125,0.99609375,0.8568844719153044,0.9958082771523237,0.9964235306741286,0.9140101033763247,0.9477063283855901
calibration,hespn,16,bit_a044_d044_off+000,4,160000,159345,0.99590625,0.99609375,0.22917350277737814,0.9955810963425052,0.9962132260217409,0.7334650334475341,0.48781942941526163
calibration,hespn,16,bit_a044_d044_off+000,5,160000,159401,0.99625625,0.99609375,0.3067476122713609,0.9959447015009065,0.9965495973294358,0.7334650334475341,0.5919149905135808
calibration,hespn,16,bit_a044_d044_off+000,6,160000,159361,0.99600625,0.99609375,0.5746794767050786,0.9956849214168292,0.9963093943685695,0.758641075615865,0.806567686603619
calibration,hespn,16,bit_a044_d044_off+000,7,160000,159386,0.9961625,0.99609375,0.6738967836523793,0.9958472463779195,0.9964595589002986,0.7701677527455763,0.8591512779631927
calibration,hespn,16,bit_a044_d044_off+000,8,160000,159402,0.9962625,0.99609375,0.28816260786621706,0.9959512001670582,0.9965555982293803,0.7334650334475341,0.5703837186630276
calibration,hespn,16,bit_a044_d044_off+000,9,160000,159391,0.99619375,0.99609375,0.5344626771913575,0.9958797262845202,0.9964895768568584,0.758641075615865,0.7827371016074802
calibration,hespn,16,bit_a044_d044_off+000,10,160000,159334,0.9958375,0.99609375,0.10032910767899636,0.99550974395663,0.9961470828688876,0.7334650334475341,0.2751884096338186
calibration,hespn,16,bit_a044_d044_off+000,11,160000,159343,0.99589375,0.99609375,0.1996165534480121,0.9955681215463325,0.9962012016327074,0.7334650334475341,0.45196200780681983
calibration,hespn,16,bit_a044_d044_off+000,12,160000,159338,0.9958625,0.99609375,0.13807275499885951,0.9955356877448389,0.9961711374640457,0.7334650334475341,0.3515911002623478
calibration,hespn,16,bit_a044_d044_off+000,13,160000,159399,0.99624375,0.99609375,0.3462482639504865,0.9959317047970141,0.9965375948995916,0.7334650334475341,0.634347964489441
calibration,hespn,16,bit_a044_d044_off+000,14,160000,159394,0.9962125,0.99609375,0.45841564590470885,0.9958992166788408,0.9965075851745139,0.7334650334475341,0.7298159536791384
calibration,hespn,16,bit_a044_d044_off+000,15,160000,159388,0.996175,0.99609375,0.6163958739378903,0.9958602377309614,0.9964715666939887,0.758641075615865,0.8276084461263982
calibration,hespn,16,bit_a068_d068_off+000,0,160000,159375,0.99609375,0.99609375,1.0,0.9957758082784421,0.9963935016585105,1.0,1.0
calibration,hespn,16,bit_a068_d068_off+000,1,160000,159390,0.9961875,0.99609375,0.5611553143204794,0.995873229896139,0.9964835736735886,0.958803879842759,0.7939706731726752
calibration,hespn,16,bit_a068_d068_off+000,2,160000,159342,0.9958875,0.99609375,0.1859284786553716,0.9955616344224101,0.9961951891634117,0.7333552088876101,0.4311385012298472
calibration,hespn,16,bit_a068_d068_off+000,3,160000,159364,0.996025,0.99609375,0.6592700130091702,0.9957043939896857,0.9963274205498786,0.958803879842759,0.8483903652664925
calibration,hespn,16,bit_a068_d068_off+000,4,160000,159339,0.99586875,0.99609375,0.14903814229324908,0.9955421741423356,0.99617715066139,0.7333552088876101,0.37018529521738447
calibration,hespn,16,bit_a068_d068_off+000,5,160000,159356,0.995975,0.99609375,0.4463032151466413,0.9956524709301883,0.9962793469228468,0.958803879842759,0.7176735117935941
calibration,hespn,16,bit_a068_d068_off+000,6,160000,159345,0.99590625,0.99609375,0.22917350277737814,0.9955810963425052,0.9962132260217409,0.7333552088876101,0.48781942941526163
calibration,hespn,16,bit_a068_d068_off+000,7,160000,159373,0.99608125,0.99609375,0.9361042439484883,0.9957628221095461,0.9963814886683475,0.9985111935450542,0.9810699499896821
calibration,hespn,16,bit_a068_d068_off+000,8,160000,159361,0.99600625,0.99609375,0.5746794767050786,0.9956849214168292,0.9963093943685695,0.958803879842759,0.806567686603619
calibration,hespn,16,bit_a068_d068_off+000,9,160000,159305,0.99565625,0.99609375,0.005673374672009459,0.995321735572485,0.9959726027898714,0.09077399475215134,0.01931361590471305
calibration,hespn,16,bit_a068_d068_off+000,10,160000,159358,0.9959875,0.99609375,0.49560258495764375,0.9956654505572808,0.9962913664700027,0.958803879842759,0.7522189431768189
calibration,hespn,16,bit_a068_d068_off+000,11,160000,159384,0.99615,0.99609375,0.7333675617740207,0.9958342558330691,0.9964475502964784,0.958803879842759,0.8878094064351323
calibration,hespn,16,bit_a068_d068_off+000,12,160000,159367,0.99604375,0.99609375,0.748460820632805,0.9957238682879227,0.9963454450018108,0.958803879842759,0.8942406817765934
calibration,hespn,16,bit_a068_d068_off+000,13,160000,159379,0.99611875,0.99609375,0.8884503477324643,0.9958017829811817,0.9964175252683092,0.9985111935450542,0.9594064497448435
calibration,hespn,16,bit_a068_d068_off+000,14,160000,159368,0.99605,0.99609375,0.7790281523722418,0.9957303601061935,0.9963514527660337,0.958803879842759,0.9153819171081421
calibration,hespn,16,bit_a068_d068_off+000,15,160000,159334,0.9958375,0.99609375,0.10032910767899636,0.99550974395663,0.9961470828688876,0.7333552088876101,0.2751884096338186
calibration,hespn,16,bit_a093_d093_off+000,0,160000,159434,0.9964625,0.99609375,0.01801926964431934,0.9961592714131247,0.9967475128127682,0.2883083143091094,0.059547328256614684
calibration,hespn,16,bit_a093_d093_off+000,1,160000,159410,0.9963125,0.99609375,0.16669297883600925,0.9960031971067277,0.9966035977996639,0.444514610229358,0.39906548549269044
calibration,hespn,16,bit_a093_d093_off+000,2,160000,159335,0.99584375,0.99609375,0.10889042149329917,0.9955162296342249,0.9961530967877319,0.43556168597319667,0.2936370916673236
calibration,hespn,16,bit_a093_d093_off+000,3,160000,159339,0.99586875,0.99609375,0.14903814229324908,0.9955421741423356,0.99617715066139,0.444514610229358,0.37018529521738447
calibration,hespn,16,bit_a093_d093_off+000,4,160000,159365,0.99603125,0.99609375,0.6885399078547646,0.9957108852301221,0.9963334288932781,0.8553837950089199,0.8617970163501617
calibration,hespn,16,bit_a093_d093_off+000,5,160000,159396,0.996225,0.99609375,0.411288079377106,0.9959122113044169,0.996519589687755,0.822576158754212,0.6982078801096759
calibration,hespn,16,bit_a093_d093_off+000,6,160000,159387,0.99616875,0.99609375,0.6448810532822427,0.9958537419531708,0.9964655628986566,0.8553837950089199,0.8440161024552869
calibration,hespn,16,bit_a093_d093_off+000,7,160000,159335,0.99584375,0.99609375,0.10889042149329917,0.9955162296342249,0.9961530967877319,0.43556168597319667,0.2936370916673236
calibration,hespn,16,bit_a093_d093_off+000,8,160000,159367,0.99604375,0.99609375,0.748460820632805,0.9957238682879227,0.9963454450018108,0.8553837950089199,0.8942406817765934
calibration,hespn,16,bit_a093_d093_off+000,9,160000,159364,0.996025,0.99609375,0.6592700130091702,0.9957043939896857,0.9963274205498786,0.8553837950089199,0.8483903652664925
calibration,hespn,16,bit_a093_d093_off+000,10,160000,159370,0.9960625,0.99609375,0.8411534940380374,0.995743344323756,0.9963634677121034,0.8972303936405732,0.9427990125820385
calibration,hespn,16,bit_a093_d093_off+000,11,160000,159365,0.99603125,0.99609375,0.6885399078547646,0.9957108852301221,0.9963334288932781,0.8553837950089199,0.8617970163501617
calibration,hespn,16,bit_a093_d093_off+000,12,160000,159400,0.99625,0.99609375,0.326109478993354,0.9959382030443988,0.9965435962193318,0.745393094841952,0.6126518587742071
calibration,hespn,16,bit_a093_d093_off+000,13,160000,159367,0.99604375,0.99609375,0.748460820632805,0.9957238682879227,0.9963454450018108,0.8553837950089199,0.8942406817765934
calibration,hespn,16,bit_a093_d093_off+000,14,160000,159375,0.99609375,0.99609375,1.0,0.9957758082784421,0.9963935016585105,1.0,1.0
calibration,hespn,16,bit_a093_d093_off+000,15,160000,159420,0.996375,0.99609375,0.0712955109011778,0.9960682126143923,0.9966635778811244,0.43556168597319667,0.2067785210426909
calibration,hespn,16,bit_a118_d118_off+000,0,160000,159401,0.99625625,0.99609375,0.3067476122713609,0.9959447015009065,0.9965495973294358,0.9662636272817429,0.5919149905135808
calibration,hespn,16,bit_a118_d118_off+000,1,160000,159354,0.9959625,0.99609375,0.39992260533754054,0.9956394920557589,0.9962673266213062,0.9662636272817429,0.6855816091500695
calibration,hespn,16,bit_a118_d118_off+000,2,160000,159382,0.9961375,0.99609375,0.7944822125859358,0.9958212660924974,0.9964355408864563,1.0,0.921138797201085
calibration,hespn,16,bit_a118_d118_off+000,3,160000,159344,0.9959,0.99609375,0.21402697797284306,0.9955746088528924,0.9962072139189562,0.9662636272817429,0.46856533376038617
calibration,hespn,16,bit_a118_d118_off+000,4,160000,159375,0.99609375,0.99609375,1.0,0.9957758082784421,0.9963935016585105,1.0,1.0
calibration,hespn,16,bit_a118_d118_off+000,5,160000,159375,0.99609375,0.99609375,1.0,0.9957758082784421,0.9963935016585105,1.0,1.0
calibration,hespn,16,bit_a118_d118_off+000,6,160000,159389,0.99618125,0.99609375,0.5884764046808989,0.9958667337117855,0.9964775702857988,0.9862333983006245,0.8169737505331351
calibration,hespn,16,bit_a118_d118_off+000,7,160000,159380,0.996125,0.99609375,0.8568844719153044,0.9958082771523237,0.9964235306741286,1.0,0.9477063283855901
calibration,hespn,16,bit_a118_d118_off+000,8,160000,159388,0.996175,0.99609375,0.6163958739378903,0.9958602377309614,0.9964715666939887,0.9862333983006245,0.8276084461263982
calibration,hespn,16,bit_a118_d118_off+000,9,160000,159355,0.99596875,0.99609375,0.4227403369357625,0.9956459813991084,0.996273336866156,0.9662636272817429,0.7076385762133078
calibration,hespn,16,bit_a118_d118_off+000,10,160000,159398,0.9962375,0.99609375,0.3671614830414377,0.995925206758233,0.9965315933707364,0.9662636272817429,0.6533364665797594
calibration,hespn,16,bit_a118_d118_off+000,11,160000,159379,0.99611875,0.99609375,0.8884503477324643,0.9958017829811817,0.9964175252683092,1.0,0.9594064497448435
calibration,hespn,16,bit_a118_d118_off+000,12,160000,159396,0.996225,0.99609375,0.411288079377106,0.9959122113044169,0.996519589687755,0.9662636272817429,0.6982078801096759
calibration,hespn,16,bit_a118_d118_off+000,13,160000,159362,0.9960125,0.99609375,0.6023046362527831,0.9956914120834872,0.9963154032870745,0.9862333983006245,0.8236644598328658
calibration,hespn,16,bit_a118_d118_off+000,14,160000,159348,0.995925,0.99609375,0.27914045471074067,0.9956005599138409,0.9962312612251158,0.9662636272817429,0.5582809094214813
calibration,hespn,16,bit_a118_d118_off+000,15,160000,159382,0.9961375,0.99609375,0.7944822125859358,0.9958212660924974,0.9964355408864563,1.0,0.921138797201085
calibration,hespn,16,bytepos_ab15_db15_a07_d10_off+00,0,160000,159370,0.9960625,0.99609375,0.8411534940380374,0.995743344323756,0.9963634677121034,0.9476803709146286,0.9427990125820385
calibration,hespn,16,bytepos_ab15_db15_a07_d10_off+00,1,160000,159363,0.99601875,0.99609375,0.6305127956476326,0.995697902940957,0.9963214120143271,0.9476803709146286,0.8354620894709832
calibration,hespn,16,bytepos_ab15_db15_a07_d10_off+00,2,160000,159364,0.996025,0.99609375,0.6592700130091702,0.9957043939896857,0.9963274205498786,0.9476803709146286,0.8483903652664925
calibration,hespn,16,bytepos_ab15_db15_a07_d10_off+00,3,160000,159369,0.99605625,0.99609375,0.8099411343643885,0.9957368521179853,0.9963574603362844,0.9476803709146286,0.9261983192255069
calibration,hespn,16,bytepos_ab15_db15_a07_d10_off+00,4,160000,159364,0.996025,0.99609375,0.6592700130091702,0.9957043939896857,0.9963274205498786,0.9476803709146286,0.8483903652664925
calibration,hespn,16,bytepos_ab15_db15_a07_d10_off+00,5,160000,159367,0.99604375,0.99609375,0.748460820632805,0.9957238682879227,0.9963454450018108,0.9476803709146286,0.8942406817765934
calibration,hespn,16,bytepos_ab15_db15_a07_d10_off+00,6,160000,159360,0.996,0.99609375,0.5476687068590793,0.9956784309405377,0.9963033852592592,0.9476803709146286,0.7870688002765212
calibration,hespn,16,bytepos_ab15_db15_a07_d10_off+00,7,160000,159379,0.99611875,0.99609375,0.8884503477324643,0.9958017829811817,0.9964175252683092,0.9476803709146286,0.9594064497448435
calibration,hespn,16,bytepos_ab15_db15_a07_d10_off+00,8,160000,159352,0.99595,0.99609375,0.3565675028948345,0.9956265139305183,0.9962553055688683,0.9476803709146286,0.6464679939169805
calibration,hespn,16,bytepos_ab15_db15_a07_d10_off+00,9,160000,159419,0.99636875,0.99609375,0.07782064365874099,0.9960617100829766,0.9966575808561019,0.6225651492699279,0.22434780153871275
calibration,hespn,16,bytepos_ab15_db15_a07_d10_off+00,10,160000,159350,0.9959375,0.99609375,0.3163002116891125,0.9956135365510194,0.9962432837689935,0.9476803709146286,0.5989116434350059
calibration,hespn,16,bytepos_ab15_db15_a07_d10_off+00,11,160000,159319,0.99574375,0.99609375,0.026101196995693174,0.9954124800474081,0.9960568527848266,0.4176191519310908,0.0843675054406244
calibration,hespn,16,bytepos_ab15_db15_a07_d10_off+00,12,160000,159375,0.99609375,0.99609375,1.0,0.9957758082784421,0.9963935016585105,1.0,1.0
calibration,hespn,16,bytepos_ab15_db15_a07_d10_off+00,13,160000,159342,0.9958875,0.99609375,0.1859284786553716,0.9955616344224101,0.9961951891634117,0.9476803709146286,0.4311385012298472
calibration,hespn,16,bytepos_ab15_db15_a07_d10_off+00,14,160000,159379,0.99611875,0.99609375,0.8884503477324643,0.9958017829811817,0.9964175252683092,0.9476803709146286,0.9594064497448435
calibration,hespn,16,bytepos_ab15_db15_a07_d10_off+00,15,160000,159350,0.9959375,0.99609375,0.3163002116891125,0.9956135365510194,0.9962432837689935,0.9476803709146286,0.5989116434350059
calibration,hespn,16,value_b00_a07_d10,0,160000,159391,0.99619375,0.99609375,0.5344626771913575,0.9958797262845202,0.9964895768568584,0.6108144882186943,0.7827371016074802
calibration,hespn,16,value_b00_a07_d10,1,160000,159324,0.995775,0.99609375,0.042933551974619164,0.9954448969583586,0.9960869338812331,0.2868807278288682,0.13425475536037262
calibration,hespn,16,value_b00_a07_d10,2,160000,159380,0.996125,0.99609375,0.8568844719153044,0.9958082771523237,0.9964235306741286,0.8726175464058323,0.9477063283855901
calibration,hespn,16,value_b00_a07_d10,3,160000,159397,0.99623125,0.99609375,0.3888440252169814,0.9959187089275388,0.9965255916332852,0.5483841058361413,0.6774777934814922
calibration,hespn,16,value_b00_a07_d10,4,160000,159335,0.99584375,0.99609375,0.10889042149329917,0.9955162296342249,0.9961530967877319,0.2868807278288682,0.2936370916673236
calibration,hespn,16,value_b00_a07_d10,5,160000,159353,0.99595625,0.99609375,0.37786194706260084,0.995633002899706,0.9962613161887326,0.5483841058361413,0.6668152006987074
calibration,hespn,16,value_b00_a07_d10,6,160000,159338,0.9958625,0.99609375,0.13807275499885951,0.9955356877448389,0.9961711374640457,0.2868807278288682,0.3515911002623478
calibration,hespn,16,value_b00_a07_d10,7,160000,159412,0.996325,0.99609375,0.1434403639144341,0.9960161984752378,0.9966155955533341,0.2868807278288682,0.3609508502171867
calibration,hespn,16,value_b00_a07_d10,8,160000,159401,0.99625625,0.99609375,0.3067476122713609,0.9959447015009065,0.9965495973294358,0.5453290884824193,0.5919149905135808
calibration,hespn,16,value_b00_a07_d10,9,160000,159313,0.99570625,0.99609375,0.014467952108330934,0.9953735854631238,0.9960207497479369,0.23148723373329494,0.0479766287530145
calibration,hespn,16,value_b00_a07_d10,10,160000,159396,0.996225,0.99609375,0.411288079377106,0.9959122113044169,0.996519589687755,0.5483841058361413,0.6982078801096759
calibration,hespn,16,value_b00_a07_d10,11,160000,159414,0.9963375,0.99609375,0.12276067046858868,0.9960292007058458,0.9966275924427473,0.2868807278288682,0.32068093510161944
calibration,hespn,16,value_b00_a07_d10,12,160000,159338,0.9958625,0.99609375,0.13807275499885951,0.9955356877448389,0.9961711374640457,0.2868807278288682,0.3515911002623478
calibration,hespn,16,value_b00_a07_d10,13,160000,159418,0.9963625,0.99609375,0.0884437484147571,0.9960552077709716,0.9966515836111126,0.2868807278288682,0.24862664268862905
calibration,hespn,16,value_b00_a07_d10,14,160000,159371,0.99606875,0.99609375,0.8726175464058323,0.9957498367239649,0.9963694748930294,0.8726175464058323,0.9530294022179738
calibration,hespn,16,value_b00_a07_d10,15,160000,159359,0.99599375,0.99609375,0.521301069631201,0.9956719406541688,0.9962973759595891,0.6108144882186943,0.7752889649046522
calibration,hespn,16,value_b00_a0F_dF0,0,160000,159412,0.996325,0.99609375,0.1434403639144341,0.9960161984752378,0.9966155955533341,0.4430141540188758,0.3609508502171867
calibration,hespn,16,value_b00_a0F_dF0,1,160000,159352,0.99595,0.99609375,0.3565675028948345,0.9956265139305183,0.9962553055688683,0.6338977829241502,0.6464679939169805
calibration,hespn,16,value_b00_a0F_dF0,2,160000,159407,0.99629375,0.99609375,0.20672421246595302,0.9959836966608732,0.996585599558239,0.4430141540188758,0.4604530022443501
calibration,hespn,16,value_b00_a0F_dF0,3,160000,159380,0.996125,0.99609375,0.8568844719153044,0.9958082771523237,0.9964235306741286,0.9792965393317764,0.9477063283855901
calibration,hespn,16,value_b00_a0F_dF0,4,160000,159388,0.996175,0.99609375,0.6163958739378903,0.9958602377309614,0.9964715666939887,0.758641075615865,0.8276084461263982
calibration,hespn,16,value_b00_a0F_dF0,5,160000,159408,0.9963,0.99609375,0.19267082946836656,0.9959901965959574,0.9965915991861127,0.4430141540188758,0.4430275360230704
calibration,hespn,16,value_b00_a0F_dF0,6,160000,159406,0.9962875,0.99609375,0.2215070770094379,0.9959771969386064,0.9965795997170194,0.4430141540188758,0.47839548690452277
calibration,hespn,16,value_b00_a0F_dF0,7,160000,159355,0.99596875,0.99609375,0.4227403369357625,0.9956459813991084,0.996273336866156,0.6763845390972201,0.7076385762133078
calibration,hespn,16,value_b00_a0F_dF0,8,160000,159336,0.99585,0.99609375,0.11802014526697782,0.9955227154911891,0.9961591105268097,0.4430141540188758,0.31126192158323823
calibration,hespn,16,value_b00_a0F_dF0,9,160000,159415,0.99634375,0.99609375,0.11333402266556593,0.9960357021458083,0.99663359056198,0.4430141540188758,0.3030659101920426
calibration,hespn,16,value_b00_a0F_dF0,10,160000,159339,0.99586875,0.99609375,0.14903814229324908,0.9955421741423356,0.99617715066139,0.4430141540188758,0.37018529521738447
calibration,hespn,16,value_b00_a0F_dF0,11,160000,159375,0.99609375,0.99609375,1.0,0.9957758082784421,0.9963935016585105,1.0,1.0
calibration,hespn,16,value_b00_a0F_dF0,12,160000,159391,0.99619375,0.99609375,0.5344626771913575,0.9958797262845202,0.9964895768568584,0.7482070857606392,0.7827371016074802
calibration,hespn,16,value_b00_a0F_dF0,13,160000,159390,0.9961875,0.99609375,0.5611553143204794,0.995873229896139,0.9964835736735886,0.7482070857606392,0.7939706731726752
calibration,hespn,16,value_b00_a0F_dF0,14,160000,159374,0.9960875,0.99609375,0.968026463428358,0.9957693150958465,0.9963874952618075,1.0,0.9886227711608762
calibration,hespn,16,value_b00_a0F_dF0,15,160000,159341,0.99588125,0.99609375,0.17294742854839296,0.9955551474807111,0.9961891765114845,0.4430141540188758,0.4099494602628574
calibration,spn_null,4,bit_a019_d019_off+000,0,160000,159356,0.995975,0.99609375,0.4463032151466413,0.9956524709301883,0.9962793469228468,0.8790266840122269,0.7176735117935941
calibration,spn_null,4,bit_a019_d019_off+000,1,160000,159391,0.99619375,0.99609375,0.5344626771913575,0.9958797262845202,0.9964895768568584,0.8790266840122269,0.7827371016074802
calibration,spn_null,4,bit_a019_d019_off+000,2,160000,159406,0.9962875,0.99609375,0.2215070770094379,0.9959771969386064,0.9965795997170194,0.8790266840122269,0.47839548690452277
calibration,spn_null,4,bit_a019_d019_off+000,3,160000,159374,0.9960875,0.99609375,0.968026463428358,0.9957693150958465,0.9963874952618075,0.968026463428358,0.9886227711608762
calibration,spn_null,4,bit_a019_d019_off+000,4,160000,159364,0.996025,0.99609375,0.6592700130091702,0.9957043939896857,0.9963274205498786,0.8790266840122269,0.8483903652664925
calibration,spn_null,4,bit_a019_d019_off+000,5,160000,159395,0.99621875,0.99609375,0.43448307620013293,0.9959057138883544,0.9965135875346601,0.8790266840122269,0.7172893433398584
calibration,spn_null,4,bit_a019_d019_off+000,6,160000,159361,0.99600625,0.99609375,0.5746794767050786,0.9956849214168292,0.9963093943685695,0.8790266840122269,0.806567686603619
calibration,spn_null,4,bit_a019_d019_off+000,7,160000,159374,0.9960875,0.99609375,0.968026463428358,0.9957693150958465,0.9963874952618075,0.968026463428358,0.9886227711608762
calibration,spn_null,4,bit_a019_d019_off+000,8,160000,159343,0.99589375,0.99609375,0.1996165534480121,0.9955681215463325,0.9962012016327074,0.8790266840122269,0.45196200780681983
calibration,spn_null,4,bit_a019_d019_off+000,9,160000,159370,0.9960625,0.99609375,0.8411534940380374,0.995743344323756,0.9963634677121034,0.9613182789006142,0.9427990125820385
calibration,spn_null,4,bit_a019_d019_off+000,10,160000,159321,0.99575625,0.99609375,0.03198683977615851,0.9954254462897645,0.9960688857465462,0.5117894364185361,0.1021875746592751
calibration,spn_null,4,bit_a019_d019_off+000,11,160000,159370,0.9960625,0.99609375,0.8411534940380374,0.995743344323756,0.9963634677121034,0.9613182789006142,0.9427990125820385
calibration,spn_null,4,bit_a019_d019_off+000,12,160000,159397,0.99623125,0.99609375,0.3888440252169814,0.9959187089275388,0.9965255916332852,0.8790266840122269,0.6774777934814922
calibration,spn_null,4,bit_a019_d019_off+000,13,160000,159340,0.995875,0.99609375,0.16065665549680855,0.9955486607208232,0.9961831636773398,0.8790266840122269,0.3899630575902306
calibration,spn_null,4,bit_a019_d019_off+000,14,160000,159364,0.996025,0.99609375,0.6592700130091702,0.9957043939896857,0.9963274205498786,0.8790266840122269,0.8483903652664925
calibration,spn_null,4,bit_a019_d019_off+000,15,160000,159356,0.995975,0.99609375,0.4463032151466413,0.9956524709301883,0.9962793469228468,0.8790266840122269,0.7176735117935941
calibration,spn_null,4,bit_a044_d044_off+000,0,160000,159382,0.9961375,0.99609375,0.7944822125859358,0.9958212660924974,0.9964355408864563,0.8972303936405732,0.921138797201085
calibration,spn_null,4,bit_a044_d044_off+000,1,160000,159381,0.99613125,0.99609375,0.825545676953505,0.9958147715226021,0.9964295358803383,0.8972303936405732,0.9351313862836163
calibration,spn_null,4,bit_a044_d044_off+000,2,160000,159357,0.99598125,0.99609375,0.47059649279436977,0.9956589606494335,0.996285356790942,0.8972303936405732,0.7363857099960799
calibration,spn_null,4,bit_a044_d044_off+000,3,160000,159353,0.99595625,0.99609375,0.37786194706260084,0.995633002899706,0.9962613161887326,0.8972303936405732,0.6668152006987074
calibration,spn_null,4,bit_a044_d044_off+000,4,160000,159376,0.9961,0.99609375,0.98401318155977,0.9957823016578018,0.9963995078579856,0.98401318155977,0.9959437578253866
calibration,spn_null,4,bit_a044_d044_off+000,5,160000,159366,0.9960375,0.99609375,0.7182837924895307,0.995717376662717,0.9963394370440737,0.8972303936405732,0.8800924579322902
calibration,spn_null,4,bit_a044_d044_off+000,6,160000,159434,0.9964625,0.99609375,0.01801926964431934,0.9961592714131247,0.9967475128127682,0.2883083143091094,0.059547328256614684
calibration,spn_null,4,bit_a044_d044_off+000,7,160000,159370,0.9960625,0.99609375,0.8411534940380374,0.995743344323756,0.9963634677121034,0.8972303936405732,0.9427990125820385
calibration,spn_null,4,bit_a044_d044_off+000,8,160000,159358,0.9959875,0.99609375,0.49560258495764375,0.9956654505572808,0.9962913664700027,0.8972303936405732,0.7522189431768189
calibration,spn_null,4,bit_a044_d044_off+000,9,160000,159361,0.99600625,0.99609375,0.5746794767050786,0.9956849214168292,0.9963093943685695,0.8972303936405732,0.806567686603619
calibration,spn_null,4,bit_a044_d044_off+000,10,160000,159361,0.99600625,0.99609375,0.5746794767050786,0.9956849214168292,0.9963093943685695,0.8972303936405732,0.806567686603619
calibration,spn_null,4,bit_a044_d044_off+000,11,160000,159416,0.99635,0.99609375,0.10448724867408299,0.9960422038029462,0.9966395884634905,0.8358979893926639,0.2853705795935126
calibration,spn_null,4,bit_a044_d044_off+000,12,160000,159390,0.9961875,0.99609375,0.5611553143204794,0.995873229896139,0.9964835736735886,0.8972303936405732,0.7939706731726752
calibration,spn_null,4,bit_a044_d044_off+000,13,160000,159344,0.9959,0.99609375,0.21402697797284306,0.9955746088528924,0.9962072139189562,0.8972303936405732,0.46856533376038617
calibration,spn_null,4,bit_a044_d044_off+000,14,160000,159355,0.99596875,0.99609375,0.4227403369357625,0.9956459813991084,0.996273336866156,0.8972303936405732,0.7076385762133078
calibration,spn_null,4,bit_a044_d044_off+000,15,160000,159364,0.996025,0.99609375,0.6592700130091702,0.9957043939896857,0.9963274205498786,0.8972303936405732,0.8483903652664925
calibration,spn_null,4,bit_a068_d068_off+000,0,160000,159357,0.99598125,0.99609375,0.47059649279436977,0.9956589606494335,0.996285356790942,0.9399889579884325,0.7363857099960799
calibration,spn_null,4,bit_a068_d068_off+000,1,160000,159388,0.996175,0.99609375,0.6163958739378903,0.9958602377309614,0.9964715666939887,0.9399889579884325,0.8276084461263982
calibration,spn_null,4,bit_a068_d068_off+000,2,160000,159406,0.9962875,0.99609375,0.2215070770094379,0.9959771969386064,0.9965795997170194,0.9399889579884325,0.47839548690452277
calibration,spn_null,4,bit_a068_d068_off+000,3,160000,159367,0.99604375,0.99609375,0.748460820632805,0.9957238682879227,0.9963454450018108,0.9399889579884325,0.8942406817765934
calibration,spn_null,4,bit_a068_d068_off+000,4,160000,159357,0.99598125,0.99609375,0.47059649279436977,0.9956589606494335,0.996285356790942,0.9399889579884325,0.7363857099960799
calibration,spn_null,4,bit_a068_d068_off+000,5,160000,159354,0.9959625,0.99609375,0.39992260533754054,0.9956394920557589,0.9962673266213062,0.9399889579884325,0.6855816091500695
calibration,spn_null,4,bit_a068_d068_off+000,6,160000,159378,0.9961125,0.99609375,0.9201939765617319,0.9957952890086983,0.9964115196633604,0.9985111935450542,0.9745021704349284
calibration,spn_null,4,bit_a068_d068_off+000,7,160000,159367,0.99604375,0.99609375,0.748460820632805,0.9957238682879227,0.9963454450018108,0.9399889579884325,0.8942406817765934
calibration,spn_null,4,bit_a068_d068_off+000,8,160000,159373,0.99608125,0.99609375,0.9361042439484883,0.9957628221095461,0.9963814886683475,0.9985111935450542,0.9810699499896821
calibration,spn_null,4,bit_a068_d068_off+000,9,160000,159375,0.99609375,0.99609375,1.0,0.9957758082784421,0.9963935016585105,1.0,1.0
calibration,spn_null,4,bit_a068_d068_off+000,10,160000,159409,0.99630625,0.99609375,0.17933242110671713,0.995996696744396,0.9965975986001014,0.9399889579884325,0.42041300186190095
calibration,spn_null,4,bit_a068_d068_off+000,11,160000,159384,0.99615,0.99609375,0.7333675617740207,0.9958342558330691,0.9964475502964784,0.9399889579884325,0.8878094064351323
calibration,spn_null,4,bit_a068_d068_off+000,12,160000,159415,0.99634375,0.99609375,0.11333402266556593,0.9960357021458083,0.99663359056198,0.9399889579884325,0.3030659101920426
calibration,spn_null,4,bit_a068_d068_off+000,13,160000,159383,0.99614375,0.99609375,0.7637410283656014,0.9958277608624917,0.9964415456919983,0.9399889579884325,0.9057336469808245
calibration,spn_null,4,bit_a068_d068_off+000,14,160000,159385,0.99615625,0.99609375,0.7034055381161318,0.9958407510047157,0.9964535546994084,0.9399889579884325,0.8701924182879982
calibration,spn_null,4,bit_a068_d068_off+000,15,160000,159398,0.9962375,0.99609375,0.3671614830414377,0.995925206758233,0.9965315933707364,0.9399889579884325,0.6533364665797594
calibration,spn_null,4,bit_a093_d093_off+000,0,160000,159344,0.9959,0.99609375,0.21402697797284306,0.9955746088528924,0.9962072139189562,0.7684336209765789,0.46856533376038617
calibration,spn_null,4,bit_a093_d093_off+000,1,160000,159386,0.9961625,0.99609375,0.6738967836523793,0.9958472463779195,0.9964595589002986,0.98401318155977,0.8591512779631927
calibration,spn_null,4,bit_a093_d093_off+000,2,160000,159382,0.9961375,0.99609375,0.7944822125859358,0.9958212660924974,0.9964355408864563,0.98401318155977,0.921138797201085
calibration,spn_null,4,bit_a093_d093_off+000,3,160000,159361,0.99600625,0.99609375,0.5746794767050786,0.9956849214168292,0.9963093943685695,0.98401318155977,0.806567686603619
calibration,spn_null,4,bit_a093_d093_off+000,4,160000,159409,0.99630625,0.99609375,0.17933242110671713,0.995996696744396,0.9965975986001014,0.7684336209765789,0.42041300186190095
calibration,spn_null,4,bit_a093_d093_off+000,5,160000,159363,0.99601875,0.99609375,0.6305127956476326,0.995697902940957,0.9963214120143271,0.98401318155977,0.8354620894709832
calibration,spn_null,4,bit_a093_d093_off+000,6,160000,159339,0.99586875,0.99609375,0.14903814229324908,0.9955421741423356,0.99617715066139,0.7684336209765789,0.37018529521738447
calibration,spn_null,4,bit_a093_d093_off+000,7,160000,159376,0.9961,0.99609375,0.98401318155977,0.9957823016578018,0.9963995078579856,0.98401318155977,0.9959437578253866
calibration,spn_null,4,bit_a093_d093_off+000,8,160000,159374,0.9960875,0.99609375,0.968026463428358,0.9957693150958465,0.9963874952618075,0.98401318155977,0.9886227711608762
calibration,spn_null,4,bit_a093_d093_off+000,9,160000,159403,0.99626875,0.99609375,0.27035196939762784,0.9959576990433774,0.9965615989186398,0.7684336209765789,0.5452476693733671
calibration,spn_null,4,bit_a093_d093_off+000,10,160000,159360,0.996,0.99609375,0.5476687068590793,0.9956784309405377,0.9963033852592592,0.98401318155977,0.7870688002765212
calibration,spn_null,4,bit_a093_d093_off+000,11,160000,159327,0.99579375,0.99609375,0.05689574259212015,0.9954643492022518,0.9961049804371879,0.7684336209765789,0.17122229745591017
calibration,spn_null,4,bit_a093_d093_off+000,12,160000,159374,0.9960875,0.99609375,0.968026463428358,0.9957693150958465,0.9963874952618075,0.98401318155977,0.9886227711608762
calibration,spn_null,4,bit_a093_d093_off+000,13,160000,159368,0.99605,0.99609375,0.7790281523722418,0.9957303601061935,0.9963514527660337,0.98401318155977,0.9153819171081421
calibration,spn_null,4,bit_a093_d093_off+000,14,160000,159378,0.9961125,0.99609375,0.9201939765617319,0.9957952890086983,0.9964115196633604,0.98401318155977,0.9745021704349284
calibration,spn_null,4,bit_a093_d093_off+000,15,160000,159402,0.9962625,0.99609375,0.28816260786621706,0.9959512001670582,0.9965555982293803,0.7684336209765789,0.5703837186630276
calibration,spn_null,4,bit_a118_d118_off+000,0,160000,159328,0.9958,0.99609375,0.06231821947678414,0.9954708336354253,0.9961109956031942,0.3323638372095154,0.18521823745421911
calibration,spn_null,4,bit_a118_d118_off+000,1,160000,159403,0.99626875,0.99609375,0.27035196939762784,0.9959576990433774,0.9965615989186398,0.6179473586231493,0.5452476693733671
calibration,spn_null,4,bit_a118_d118_off+000,2,160000,159345,0.99590625,0.99609375,0.22917350277737814,0.9955810963425052,0.9962132260217409,0.6179473586231493,0.48781942941526163
calibration,spn_null,4,bit_a118_d118_off+000,3,160000,159422,0.9963875,0.99609375,0.059588385203322686,0.9960812183377172,0.9966755712689978,0.3323638372095154,0.17848627081182458
calibration,spn_null,4,bit_a118_d118_off+000,4,160000,159369,0.99605625,0.99609375,0.8099411343643885,0.9957368521179853,0.9963574603362844,0.98401318155977,0.9261983192255069
calibration,spn_null,4,bit_a118_d118_off+000,5,160000,159399,0.99624375,0.99609375,0.3462482639504865,0.9959317047970141,0.9965375948995916,0.692496527900973,0.634347964489441
calibration,spn_null,4,bit_a118_d118_off+000,6,160000,159380,0.996125,0.99609375,0.8568844719153044,0.9958082771523237,0.9964235306741286,0.98401318155977,0.9477063283855901
calibration,spn_null,4,bit_a118_d118_off+000,7,160000,159365,0.99603125,0.99609375,0.6885399078547646,0.9957108852301221,0.9963334288932781,0.98401318155977,0.8617970163501617
calibration,spn_null,4,bit_a118_d118_off+000,8,160000,159369,0.99605625,0.99609375,0.8099411343643885,0.9957368521179853,0.9963574603362844,0.98401318155977,0.9261983192255069
calibration,spn_null,4,bit_a118_d118_off+000,9,160000,159362,0.9960125,0.99609375,0.6023046362527831,0.9956914120834872,0.9963154032870745,0.98401318155977,0.8236644598328658
calibration,spn_null,4,bit_a118_d118_off+000,10,160000,159374,0.9960875,0.99609375,0.968026463428358,0.9957693150958465,0.9963874952618075,0.98401318155977,0.9886227711608762
calibration,spn_null,4,bit_a118_d118_off+000,11,160000,159376,0.9961,0.99609375,0.98401318155977,0.9957823016578018,0.9963995078579856,0.98401318155977,0.9959437578253866
calibration,spn_null,4,bit_a118_d118_off+000,12,160000,159416,0.99635,0.99609375,0.10448724867408299,0.9960422038029462,0.9966395884634905,0.41794899469633195,0.2853705795935126
calibration,spn_null,4,bit_a118_d118_off+000,13,160000,159405,0.99628125,0.99609375,0.23703227797610793,0.9959706974286225,0.9965735996629903,0.6179473586231493,0.49792338480757903
calibration,spn_null,4,bit_a118_d118_off+000,14,160000,159437,0.99648125,0.99609375,0.012239683066847763,0.9961787897752089,0.9967654930922967,0.1958349290695642,0.04079894355615921
calibration,spn_null,4,bit_a118_d118_off+000,15,160000,159377,0.99610625,0.99609375,0.9520651830367521,0.9957887952343962,0.9964055138597604,0.98401318155977,0.9875554572828548
calibration,spn_null,4,bytepos_ab15_db15_a07_d10_off+00,0,160000,159372,0.996075,0.99609375,0.904284411952708,0.995756329319074,0.9963754818785991,0.9645700394162219,0.9688761556636157
calibration,spn_null,4,bytepos_ab15_db15_a07_d10_off+00,1,160000,159390,0.9961875,0.99609375,0.5611553143204794,0.995873229896139,0.9964835736735886,0.9645700394162219,0.7939706731726752
calibration,spn_null,4,bytepos_ab15_db15_a07_d10_off+00,2,160000,159380,0.996125,0.99609375,0.8568844719153044,0.9958082771523237,0.9964235306741286,0.9645700394162219,0.9477063283855901
calibration,spn_null,4,bytepos_ab15_db15_a07_d10_off+00,3,160000,159366,0.9960375,0.99609375,0.7182837924895307,0.995717376662717,0.9963394370440737,0.9645700394162219,0.8800924579322902
calibration,spn_null,4,bytepos_ab15_db15_a07_d10_off+00,4,160000,159433,0.99645625,0.99609375,0.020065892947241766,0.9961527657495257,0.9967415189279724,0.32105428715586826,0.06597005900463046
calibration,spn_null,4,bytepos_ab15_db15_a07_d10_off+00,5,160000,159358,0.9959875,0.99609375,0.49560258495764375,0.9956654505572808,0.9962913664700027,0.9645700394162219,0.7522189431768189
calibration,spn_null,4,bytepos_ab15_db15_a07_d10_off+00,6,160000,159385,0.99615625,0.99609375,0.7034055381161318,0.9958407510047157,0.9964535546994084,0.9645700394162219,0.8701924182879982
calibration,spn_null,4,bytepos_ab15_db15_a07_d10_off+00,7,160000,159360,0.996,0.99609375,0.5476687068590793,0.9956784309405377,0.9963033852592592,0.9645700394162219,0.7870688002765212
calibration,spn_null,4,bytepos_ab15_db15_a07_d10_off+00,8,160000,159362,0.9960125,0.99609375,0.6023046362527831,0.9956914120834872,0.9963154032870745,0.9645700394162219,0.8236644598328658
calibration,spn_null,4,bytepos_ab15_db15_a07_d10_off+00,9,160000,159350,0.9959375,0.99609375,0.3163002116891125,0.9956135365510194,0.9962432837689935,0.9645700394162219,0.5989116434350059
calibration,spn_null,4,bytepos_ab15_db15_a07_d10_off+00,10,160000,159366,0.9960375,0.99609375,0.7182837924895307,0.995717376662717,0.9963394370440737,0.9645700394162219,0.8800924579322902
calibration,spn_null,4,bytepos_ab15_db15_a07_d10_off+00,11,160000,159367,0.99604375,0.99609375,0.748460820632805,0.9957238682879227,0.9963454450018108,0.9645700394162219,0.8942406817765934
calibration,spn_null,4,bytepos_ab15_db15_a07_d10_off+00,12,160000,159356,0.995975,0.99609375,0.4463032151466413,0.9956524709301883,0.9962793469228468,0.9645700394162219,0.7176735117935941
calibration,spn_null,4,bytepos_ab15_db15_a07_d10_off+00,13,160000,159381,0.99613125,0.99609375,0.825545676953505,0.9958147715226021,0.9964295358803383,0.9645700394162219,0.9351313862836163
calibration,spn_null,4,bytepos_ab15_db15_a07_d10_off+00,14,160000,159374,0.9960875,0.99609375,0.968026463428358,0.9957693150958465,0.9963874952618075,0.968026463428358,0.9886227711608762
calibration,spn_null,4,bytepos_ab15_db15_a07_d10_off+00,15,160000,159329,0.99580625,0.99609375,0.0681616076981151,0.9954773182451876,0.9961170105922245,0.5452928615849209,0.19919373939175192
calibration,spn_null,4,value_b00_a07_d10,0,160000,159376,0.9961,0.99609375,0.98401318155977,0.9957823016578018,0.9963995078579856,0.98401318155977,0.9959437578253866
calibration,spn_null,4,value_b00_a07_d10,1,160000,159371,0.99606875,0.99609375,0.8726175464058323,0.9957498367239649,0.9963694748930294,0.98401318155977,0.9530294022179738
calibration,spn_null,4,value_b00_a07_d10,2,160000,159354,0.9959625,0.99609375,0.39992260533754054,0.9956394920557589,0.9962673266213062,0.7998452106750811,0.6855816091500695
calibration,spn_null,4,value_b00_a07_d10,3,160000,159351,0.99594375,0.99609375,0.33604567866258933,0.9956200251477654,0.9962492947621453,0.7998452106750811,0.6215873824972751
calibration,spn_null,4,value_b00_a07_d10,4,160000,159331,0.99581875,0.99609375,0.08120153140152415,0.9954902879960514,0.9961290400377788,0.7998452106750811,0.23200437543292615
calibration,spn_null,4,value_b00_a07_d10,5,160000,159345,0.99590625,0.99609375,0.22917350277737814,0.9955810963425052,0.9962132260217409,0.7998452106750811,0.48781942941526163
calibration,spn_null,4,value_b00_a07_d10,6,160000,159399,0.99624375,0.99609375,0.3462482639504865,0.9959317047970141,0.9965375948995916,0.7998452106750811,0.634347964489441
calibration,spn_null,4,value_b00_a07_d10,7,160000,159398,0.9962375,0.99609375,0.3671614830414377,0.995925206758233,0.9965315933707364,0.7998452106750811,0.6533364665797594
calibration,spn_null,4,value_b00_a07_d10,8,160000,159383,0.99614375,0.99609375,0.7637410283656014,0.9958277608624917,0.9964415456919983,0.98401318155977,0.9057336469808245
calibration,spn_null,4,value_b00_a07_d10,9,160000,159363,0.99601875,0.99609375,0.6305127956476326,0.995697902940957,0.9963214120143271,0.9171095209420111,0.8354620894709832
calibration,spn_null,4,value_b00_a07_d10,10,160000,159411,0.99631875,0.99609375,0.1547351446731544,0.9960096976834938,0.9966095967842568,0.7998452106750811,0.380398819170879
calibration,spn_null,4,value_b00_a07_d10,11,160000,159358,0.9959875,0.99609375,0.49560258495764375,0.9956654505572808,0.9962913664700027,0.8551402835061721,0.7522189431768189
calibration,spn_null,4,value_b00_a07_d10,12,160000,159391,0.99619375,0.99609375,0.5344626771913575,0.9958797262845202,0.9964895768568584,0.8551402835061721,0.7827371016074802
calibration,spn_null,4,value_b00_a07_d10,13,160000,159376,0.9961,0.99609375,0.98401318155977,0.9957823016578018,0.9963995078579856,0.98401318155977,0.9959437578253866
calibration,spn_null,4,value_b00_a07_d10,14,160000,159371,0.99606875,0.99609375,0.8726175464058323,0.9957498367239649,0.9963694748930294,0.98401318155977,0.9530294022179738
calibration,spn_null,4,value_b00_a07_d10,15,160000,159340,0.995875,0.99609375,0.16065665549680855,0.9955486607208232,0.9961831636773398,0.7998452106750811,0.3899630575902306
calibration,spn_null,4,value_b00_a0F_dF0,0,160000,159383,0.99614375,0.99609375,0.7637410283656014,0.9958277608624917,0.9964415456919983,0.9307920494995545,0.9057336469808245
calibration,spn_null,4,value_b00_a0F_dF0,1,160000,159360,0.996,0.99609375,0.5476687068590793,0.9956784309405377,0.9963033852592592,0.8762699309745269,0.7870688002765212
calibration,spn_null,4,value_b00_a0F_dF0,2,160000,159360,0.996,0.99609375,0.5476687068590793,0.9956784309405377,0.9963033852592592,0.8762699309745269,0.7870688002765212
calibration,spn_null,4,value_b00_a0F_dF0,3,160000,159325,0.99578125,0.99609375,0.04722500521690716,0.9954513808641076,0.9960929495758168,0.7556000834705145,0.14577493571778416
calibration,spn_null,4,value_b00_a0F_dF0,4,160000,159345,0.99590625,0.99609375,0.22917350277737814,0.9955810963425052,0.9962132260217409,0.8762699309745269,0.48781942941526163
calibration,spn_null,4,value_b00_a0F_dF0,5,160000,159392,0.9962,0.99609375,0.5084258875453176,0.995886222877429,0.9964955798351055,0.8762699309745269,0.763832319316909
calibration,spn_null,4,value_b00_a0F_dF0,6,160000,159380,0.996125,0.99609375,0.8568844719153044,0.9958082771523237,0.9964235306741286,0.9307920494995545,0.9477063283855901
calibration,spn_null,4,value_b00_a0F_dF0,7,160000,159374,0.9960875,0.99609375,0.968026463428358,0.9957693150958465,0.9963874952618075,0.968026463428358,0.9886227711608762
calibration,spn_null,4,value_b00_a0F_dF0,8,160000,159394,0.9962125,0.99609375,0.45841564590470885,0.9958992166788408,0.9965075851745139,0.8762699309745269,0.7298159536791384
calibration,spn_null,4,value_b00_a0F_dF0,9,160000,159381,0.99613125,0.99609375,0.825545676953505,0.9958147715226021,0.9964295358803383,0.9307920494995545,0.9351313862836163
calibration,spn_null,4,value_b00_a0F_dF0,10,160000,159402,0.9962625,0.99609375,0.28816260786621706,0.9959512001670582,0.9965555982293803,0.8762699309745269,0.5703837186630276
calibration,spn_null,4,value_b00_a0F_dF0,11,160000,159371,0.99606875,0.99609375,0.8726175464058323,0.9957498367239649,0.9963694748930294,0.9307920494995545,0.9530294022179738
calibration,spn_null,4,value_b00_a0F_dF0,12,160000,159352,0.99595,0.99609375,0.3565675028948345,0.9956265139305183,0.9962553055688683,0.8762699309745269,0.6464679939169805
calibration,spn_null,4,value_b00_a0F_dF0,13,160000,159391,0.99619375,0.99609375,0.5344626771913575,0.9958797262845202,0.9964895768568584,0.8762699309745269,0.7827371016074802
calibration,spn_null,4,value_b00_a0F_dF0,14,160000,159369,0.99605625,0.99609375,0.8099411343643885,0.9957368521179853,0.9963574603362844,0.9307920494995545,0.9261983192255069
calibration,spn_null,4,value_b00_a0F_dF0,15,160000,159357,0.99598125,0.99609375,0.47059649279436977,0.9956589606494335,0.996285356790942,0.8762699309745269,0.7363857099960799
calibration,spn_null,6,bit_a019_d019_off+000,0,160000,159371,0.99606875,0.99609375,0.8726175464058323,0.9957498367239649,0.9963694748930294,0.9307920494995545,0.9530294022179738
calibration,spn_null,6,bit_a019_d019_off+000,1,160000,159398,0.9962375,0.99609375,0.3671614830414377,0.995925206758233,0.9965315933707364,0.7208764872111182,0.6533364665797594
calibration,spn_null,6,bit_a019_d019_off+000,2,160000,159343,0.99589375,0.99609375,0.1996165534480121,0.9955681215463325,0.9962012016327074,0.7208764872111182,0.45196200780681983
calibration,spn_null,6,bit_a019_d019_off+000,3,160000,159354,0.9959625,0.99609375,0.39992260533754054,0.9956394920557589,0.9962673266213062,0.7208764872111182,0.6855816091500695
calibration,spn_null,6,bit_a019_d019_off+000,4,160000,159398,0.9962375,0.99609375,0.3671614830414377,0.995925206758233,0.9965315933707364,0.7208764872111182,0.6533364665797594
calibration,spn_null,6,bit_a019_d019_off+000,5,160000,159336,0.99585,0.99609375,0.11802014526697782,0.9955227154911891,0.9961591105268097,0.7208764872111182,0.31126192158323823
calibration,spn_null,6,bit_a019_d019_off+000,6,160000,159358,0.9959875,0.99609375,0.49560258495764375,0.9956654505572808,0.9962913664700027,0.7208764872111182,0.7522189431768189
calibration,spn_null,6,bit_a019_d019_off+000,7,160000,159395,0.99621875,0.99609375,0.43448307620013293,0.9959057138883544,0.9965135875346601,0.7208764872111182,0.7172893433398584
calibration,spn_null,6,bit_a019_d019_off+000,8,160000,159357,0.99598125,0.99609375,0.47059649279436977,0.9956589606494335,0.996285356790942,0.7208764872111182,0.7363857099960799
calibration,spn_null,6,bit_a019_d019_off+000,9,160000,159377,0.99610625,0.99609375,0.9520651830367521,0.9957887952343962,0.9964055138597604,0.9520651830367521,0.9875554572828548
calibration,spn_null,6,bit_a019_d019_off+000,10,160000,159389,0.99618125,0.99609375,0.5884764046808989,0.9958667337117855,0.9964775702857988,0.7846352062411985,0.8169737505331351
calibration,spn_null,6,bit_a019_d019_off+000,11,160000,159400,0.99625,0.99609375,0.326109478993354,0.9959382030443988,0.9965435962193318,0.7208764872111182,0.6126518587742071
calibration,spn_null,6,bit_a019_d019_off+000,12,160000,159394,0.9962125,0.99609375,0.45841564590470885,0.9958992166788408,0.9965075851745139,0.7208764872111182,0.7298159536791384
calibration,spn_null,6,bit_a019_d019_off+000,13,160000,159438,0.9964875,0.99609375,0.010918002965150319,0.9961852963550181,0.9967714860584922,0.1746880474424051,0.03652014929109514
calibration,spn_null,6,bit_a019_d019_off+000,14,160000,159371,0.99606875,0.99609375,0.8726175464058323,0.9957498367239649,0.9963694748930294,0.9307920494995545,0.9530294022179738
calibration,spn_null,6,bit_a019_d019_off+000,15,160000,159368,0.99605,0.99609375,0.7790281523722418,0.9957303601061935,0.9963514527660337,0.9307920494995545,0.9153819171081421
calibration,spn_null,6,bit_a044_d044_off+000,0,160000,159391,0.99619375,0.99609375,0.5344626771913575,0.9958797262845202,0.9964895768568584,0.7502992406572073,0.7827371016074802
calibration,spn_null,6,bit_a044_d044_off+000,1,160000,159357,0.99598125,0.99609375,0.47059649279436977,0.9956589606494335,0.996285356790942,0.7502992406572073,0.7363857099960799
calibration,spn_null,6,bit_a044_d044_off+000,2,160000,159385,0.99615625,0.99609375,0.7034055381161318,0.9958407510047157,0.9964535546994084,0.7502992406572073,0.8701924182879982
calibration,spn_null,6,bit_a044_d044_off+000,3,160000,159352,0.99595,0.99609375,0.3565675028948345,0.9956265139305183,0.9962553055688683,0.7502992406572073,0.6464679939169805
calibration,spn_null,6,bit_a044_d044_off+000,4,160000,159340,0.995875,0.99609375,0.16065665549680855,0.9955486607208232,0.9961831636773398,0.5141012975897874,0.3899630575902306
calibration,spn_null,6,bit_a044_d044_off+000,5,160000,159386,0.9961625,0.99609375,0.6738967836523793,0.9958472463779195,0.9964595589002986,0.7502992406572073,0.8591512779631927
calibration,spn_null,6,bit_a044_d044_off+000,6,160000,159348,0.995925,0.99609375,0.27914045471074067,0.9956005599138409,0.9962312612251158,0.7443745458953085,0.5582809094214813
calibration,spn_null,6,bit_a044_d044_off+000,7,160000,159414,0.9963375,0.99609375,0.12276067046858868,0.9960292007058458,0.9966275924427473,0.49104268187435474,0.32068093510161944
calibration,spn_null,6,bit_a044_d044_off+000,8,160000,159365,0.99603125,0.99609375,0.6885399078547646,0.9957108852301221,0.9963334288932781,0.7502992406572073,0.8617970163501617
calibration,spn_null,6,bit_a044_d044_off+000,9,160000,159431,0.99644375,0.99609375,0.02477522033939568,0.9961397551043655,0.9967295304745728,0.23132145016897132,0.08048802546808749
calibration,spn_null,6,bit_a044_d044_off+000,10,160000,159380,0.996125,0.99609375,0.8568844719153044,0.9958082771523237,0.9964235306741286,0.8568844719153044,0.9477063283855901
calibration,spn_null,6,bit_a044_d044_off+000,11,160000,159362,0.9960125,0.99609375,0.6023046362527831,0.9956914120834872,0.9963154032870745,0.7502992406572073,0.8236644598328658
calibration,spn_null,6,bit_a044_d044_off+000,12,160000,159420,0.996375,0.99609375,0.0712955109011778,0.9960682126143923,0.9966635778811244,0.38024272480628163,0.2067785210426909
calibration,spn_null,6,bit_a044_d044_off+000,13,160000,159356,0.995975,0.99609375,0.4463032151466413,0.9956524709301883,0.9962793469228468,0.7502992406572073,0.7176735117935941
calibration,spn_null,6,bit_a044_d044_off+000,14,160000,159356,0.995975,0.99609375,0.4463032151466413,0.9956524709301883,0.9962793469228468,0.7502992406572073,0.7176735117935941
calibration,spn_null,6,bit_a044_d044_off+000,15,160000,159320,0.99575,0.99609375,0.028915181271121415,0.995418963081837,0.9960628693526236,0.23132145016897132,0.09283804020159384
calibration,spn_null,6,bit_a068_d068_off+000,0,160000,159350,0.9959375,0.99609375,0.3163002116891125,0.9956135365510194,0.9962432837689935,0.8434672311709667,0.5989116434350059
calibration,spn_null,6,bit_a068_d068_off+000,1,160000,159359,0.99599375,0.99609375,0.521301069631201,0.9956719406541688,0.9962973759595891,0.8551402835061721,0.7752889649046522
calibration,spn_null,6,bit_a068_d068_off+000,2,160000,159391,0.99619375,0.99609375,0.5344626771913575,0.9958797262845202,0.9964895768568584,0.8551402835061721,0.7827371016074802
calibration,spn_null,6,bit_a068_d068_off+000,3,160000,159393,0.99620625,0.99609375,0.4830695928250653,0.9958927196753679,0.9965015826078262,0.8551402835061721,0.7473760017922042
calibration,spn_null,6,bit_a068_d068_off+000,4,160000,159342,0.9958875,0.99609375,0.1859284786553716,0.9955616344224101,0.9961951891634117,0.8434672311709667,0.4311385012298472
calibration,spn_null,6,bit_a068_d068_off+000,5,160000,159378,0.9961125,0.99609375,0.9201939765617319,0.9957952890086983,0.9964115196633604,1.0,0.9745021704349284
calibration,spn_null,6,bit_a068_d068_off+000,6,160000,159367,0.99604375,0.99609375,0.748460820632805,0.9957238682879227,0.9963454450018108,1.0,0.8942406817765934
calibration,spn_null,6,bit_a068_d068_off+000,7,160000,159370,0.9960625,0.99609375,0.8411534940380374,0.995743344323756,0.9963634677121034,1.0,0.9427990125820385
calibration,spn_null,6,bit_a068_d068_off+000,8,160000,159420,0.996375,0.99609375,0.0712955109011778,0.9960682126143923,0.9966635778811244,0.8434672311709667,0.2067785210426909
calibration,spn_null,6,bit_a068_d068_off+000,9,160000,159350,0.9959375,0.99609375,0.3163002116891125,0.9956135365510194,0.9962432837689935,0.8434672311709667,0.5989116434350059
calibration,spn_null,6,bit_a068_d068_off+000,10,160000,159376,0.9961,0.99609375,0.98401318155977,0.9957823016578018,0.9963995078579856,1.0,0.9959437578253866
calibration,spn_null,6,bit_a068_d068_off+000,11,160000,159412,0.996325,0.99609375,0.1434403639144341,0.9960161984752378,0.9966155955533341,0.8434672311709667,0.3609508502171867
calibration,spn_null,6,bit_a068_d068_off+000,12,160000,159382,0.9961375,0.99609375,0.7944822125859358,0.9958212660924974,0.9964355408864563,1.0,0.921138797201085
calibration,spn_null,6,bit_a068_d068_off+000,13,160000,159392,0.9962,0.99609375,0.5084258875453176,0.995886222877429,0.9964955798351055,0.8551402835061721,0.763832319316909
calibration,spn_null,6,bit_a068_d068_off+000,14,160000,159404,0.996275,0.99609375,0.2533108709405798,0.9959641981303896,0.9965675993966865,0.8434672311709667,0.5224026554306264
calibration,spn_null,6,bit_a068_d068_off+000,15,160000,159375,0.99609375,0.99609375,1.0,0.9957758082784421,0.9963935016585105,1.0,1.0
calibration,spn_null,6,bit_a093_d093_off+000,0,160000,159398,0.9962375,0.99609375,0.3671614830414377,0.995925206758233,0.9965315933707364,0.9211825484711446,0.6533364665797594
calibration,spn_null,6,bit_a093_d093_off+000,1,160000,159375,0.99609375,0.99609375,1.0,0.9957758082784421,0.9963935016585105,1.0,1.0
calibration,spn_null,6,bit_a093_d093_off+000,2,160000,159378,0.9961125,0.99609375,0.9201939765617319,0.9957952890086983,0.9964115196633604,0.9815402416658473,0.9745021704349284
calibration,spn_null,6,bit_a093_d093_off+000,3,160000,159331,0.99581875,0.99609375,0.08120153140152415,0.9954902879960514,0.9961290400377788,0.9211825484711446,0.23200437543292615
calibration,spn_null,6,bit_a093_d093_off+000,4,160000,159386,0.9961625,0.99609375,0.6738967836523793,0.9958472463779195,0.9964595589002986,0.9211825484711446,0.8591512779631927
calibration,spn_null,6,bit_a093_d093_off+000,5,160000,159367,0.99604375,0.99609375,0.748460820632805,0.9957238682879227,0.9963454450018108,0.9211825484711446,0.8942406817765934
calibration,spn_null,6,bit_a093_d093_off+000,6,160000,159384,0.99615,0.99609375,0.7333675617740207,0.9958342558330691,0.9964475502964784,0.9211825484711446,0.8878094064351323
calibration,spn_null,6,bit_a093_d093_off+000,7,160000,159385,0.99615625,0.99609375,0.7034055381161318,0.9958407510047157,0.9964535546994084,0.9211825484711446,0.8701924182879982
calibration,spn_null,6,bit_a093_d093_off+000,8,160000,159379,0.99611875,0.99609375,0.8884503477324643,0.9958017829811817,0.9964175252683092,0.9815402416658473,0.9594064497448435
calibration,spn_null,6,bit_a093_d093_off+000,9,160000,159386,0.9961625,0.99609375,0.6738967836523793,0.9958472463779195,0.9964595589002986,0.9211825484711446,0.8591512779631927
calibration,spn_null,6,bit_a093_d093_off+000,10,160000,159352,0.99595,0.99609375,0.3565675028948345,0.9956265139305183,0.9962553055688683,0.9211825484711446,0.6464679939169805
calibration,spn_null,6,bit_a093_d093_off+000,11,160000,159342,0.9958875,0.99609375,0.1859284786553716,0.9955616344224101,0.9961951891634117,0.9211825484711446,0.4311385012298472
calibration,spn_null,6,bit_a093_d093_off+000,12,160000,159408,0.9963,0.99609375,0.19267082946836656,0.9959901965959574,0.9965915991861127,0.9211825484711446,0.4430275360230704
calibration,spn_null,6,bit_a093_d093_off+000,13,160000,159384,0.99615,0.99609375,0.7333675617740207,0.9958342558330691,0.9964475502964784,0.9211825484711446,0.8878094064351323
calibration,spn_null,6,bit_a093_d093_off+000,14,160000,159367,0.99604375,0.99609375,0.748460820632805,0.9957238682879227,0.9963454450018108,0.9211825484711446,0.8942406817765934
calibration,spn_null,6,bit_a093_d093_off+000,15,160000,159391,0.99619375,0.99609375,0.5344626771913575,0.9958797262845202,0.9964895768568584,0.9211825484711446,0.7827371016074802
calibration,spn_null,6,bit_a118_d118_off+000,0,160000,159355,0.99596875,0.99609375,0.4227403369357625,0.9956459813991084,0.996273336866156,0.8358974206619325,0.7076385762133078
calibration,spn_null,6,bit_a118_d118_off+000,1,160000,159374,0.9960875,0.99609375,0.968026463428358,0.9957693150958465,0.9963874952618075,0.968026463428358,0.9886227711608762
calibration,spn_null,6,bit_a118_d118_off+000,2,160000,159400,0.99625,0.99609375,0.326109478993354,0.9959382030443988,0.9965435962193318,0.8358974206619325,0.6126518587742071
calibration,spn_null,6,bit_a118_d118_off+000,3,160000,159353,0.99595625,0.99609375,0.37786194706260084,0.995633002899706,0.9962613161887326,0.8358974206619325,0.6668152006987074
calibration,spn_null,6,bit_a118_d118_off+000,4,160000,159367,0.99604375,0.99609375,0.748460820632805,0.9957238682879227,0.9963454450018108,0.9211825484711446,0.8942406817765934
calibration,spn_null,6,bit_a118_d118_off+000,5,160000,159361,0.99600625,0.99609375,0.5746794767050786,0.9956849214168292,0.9963093943685695,0.8358974206619325,0.806567686603619
calibration,spn_null,6,bit_a118_d118_off+000,6,160000,159359,0.99599375,0.99609375,0.521301069631201,0.9956719406541688,0.9962973759595891,0.8358974206619325,0.7752889649046522
calibration,spn_null,6,bit_a118_d118_off+000,7,160000,159380,0.996125,0.99609375,0.8568844719153044,0.9958082771523237,0.9964235306741286,0.9476803709146286,0.9477063283855901
calibration,spn_null,6,bit_a118_d118_off+000,8,160000,159410,0.9963125,0.99609375,0.16669297883600925,0.9960031971067277,0.9966035977996639,0.8358974206619325,0.39906548549269044
calibration,spn_null,6,bit_a118_d118_off+000,9,160000,159386,0.9961625,0.99609375,0.6738967836523793,0.9958472463779195,0.9964595589002986,0.898529044869839,0.8591512779631927
calibration,spn_null,6,bit_a118_d118_off+000,10,160000,159391,0.99619375,0.99609375,0.5344626771913575,0.9958797262845202,0.9964895768568584,0.8358974206619325,0.7827371016074802
calibration,spn_null,6,bit_a118_d118_off+000,11,160000,159379,0.99611875,0.99609375,0.8884503477324643,0.9958017829811817,0.9964175252683092,0.9476803709146286,0.9594064497448435
calibration,spn_null,6,bit_a118_d118_off+000,12,160000,159356,0.995975,0.99609375,0.4463032151466413,0.9956524709301883,0.9962793469228468,0.8358974206619325,0.7176735117935941
calibration,spn_null,6,bit_a118_d118_off+000,13,160000,159399,0.99624375,0.99609375,0.3462482639504865,0.9959317047970141,0.9965375948995916,0.8358974206619325,0.634347964489441
calibration,spn_null,6,bit_a118_d118_off+000,14,160000,159354,0.9959625,0.99609375,0.39992260533754054,0.9956394920557589,0.9962673266213062,0.8358974206619325,0.6855816091500695
calibration,spn_null,6,bit_a118_d118_off+000,15,160000,159399,0.99624375,0.99609375,0.3462482639504865,0.9959317047970141,0.9965375948995916,0.8358974206619325,0.634347964489441
calibration,spn_null,6,bytepos_ab15_db15_a07_d10_off+00,0,160000,159379,0.99611875,0.99609375,0.8884503477324643,0.9958017829811817,0.9964175252683092,0.9520651830367521,0.9594064497448435
calibration,spn_null,6,bytepos_ab15_db15_a07_d10_off+00,1,160000,159362,0.9960125,0.99609375,0.6023046362527831,0.9956914120834872,0.9963154032870745,0.9520651830367521,0.8236644598328658
calibration,spn_null,6,bytepos_ab15_db15_a07_d10_off+00,2,160000,159382,0.9961375,0.99609375,0.7944822125859358,0.9958212660924974,0.9964355408864563,0.9520651830367521,0.921138797201085
calibration,spn_null,6,bytepos_ab15_db15_a07_d10_off+00,3,160000,159350,0.9959375,0.99609375,0.3163002116891125,0.9956135365510194,0.9962432837689935,0.9520651830367521,0.5989116434350059
calibration,spn_null,6,bytepos_ab15_db15_a07_d10_off+00,4,160000,159370,0.9960625,0.99609375,0.8411534940380374,0.995743344323756,0.9963634677121034,0.9520651830367521,0.9427990125820385
calibration,spn_null,6,bytepos_ab15_db15_a07_d10_off+00,5,160000,159381,0.99613125,0.99609375,0.825545676953505,0.9958147715226021,0.9964295358803383,0.9520651830367521,0.9351313862836163
calibration,spn_null,6,bytepos_ab15_db15_a07_d10_off+00,6,160000,159370,0.9960625,0.99609375,0.8411534940380374,0.995743344323756,0.9963634677121034,0.9520651830367521,0.9427990125820385
calibration,spn_null,6,bytepos_ab15_db15_a07_d10_off+00,7,160000,159356,0.995975,0.99609375,0.4463032151466413,0.9956524709301883,0.9962793469228468,0.9520651830367521,0.7176735117935941
calibration,spn_null,6,bytepos_ab15_db15_a07_d10_off+00,8,160000,159372,0.996075,0.99609375,0.904284411952708,0.995756329319074,0.9963754818785991,0.9520651830367521,0.9688761556636157
calibration,spn_null,6,bytepos_ab15_db15_a07_d10_off+00,9,160000,159379,0.99611875,0.99609375,0.8884503477324643,0.9958017829811817,0.9964175252683092,0.9520651830367521,0.9594064497448435
calibration,spn_null,6,bytepos_ab15_db15_a07_d10_off+00,10,160000,159377,0.99610625,0.99609375,0.9520651830367521,0.9957887952343962,0.9964055138597604,0.9520651830367521,0.9875554572828548
calibration,spn_null,6,bytepos_ab15_db15_a07_d10_off+00,11,160000,159358,0.9959875,0.99609375,0.49560258495764375,0.9956654505572808,0.9962913664700027,0.9520651830367521,0.7522189431768189
calibration,spn_null,6,bytepos_ab15_db15_a07_d10_off+00,12,160000,159371,0.99606875,0.99609375,0.8726175464058323,0.9957498367239649,0.9963694748930294,0.9520651830367521,0.9530294022179738
calibration,spn_null,6,bytepos_ab15_db15_a07_d10_off+00,13,160000,159397,0.99623125,0.99609375,0.3888440252169814,0.9959187089275388,0.9965255916332852,0.9520651830367521,0.6774777934814922
calibration,spn_null,6,bytepos_ab15_db15_a07_d10_off+00,14,160000,159351,0.99594375,0.99609375,0.33604567866258933,0.9956200251477654,0.9962492947621453,0.9520651830367521,0.6215873824972751
calibration,spn_null,6,bytepos_ab15_db15_a07_d10_off+00,15,160000,159359,0.99599375,0.99609375,0.521301069631201,0.9956719406541688,0.9962973759595891,0.9520651830367521,0.7752889649046522
calibration,spn_null,6,value_b00_a07_d10,0,160000,159358,0.9959875,0.99609375,0.49560258495764375,0.9956654505572808,0.9962913664700027,0.9256470107021583,0.7522189431768189
calibration,spn_null,6,value_b00_a07_d10,1,160000,159426,0.9964125,0.99609375,0.040923523571484696,0.9961072324423109,0.9966995553800212,0.21744541747107338,0.12923217969942535
calibration,spn_null,6,value_b00_a07_d10,2,160000,159323,0.99576875,0.99609375,0.038976760222499955,0.9954384132276419,0.9960809180112359,0.21744541747107338,0.12369484235900811
calibration,spn_null,6,value_b00_a07_d10,3,160000,159385,0.99615625,0.99609375,0.7034055381161318,0.9958407510047157,0.9964535546994084,0.9256470107021583,0.8701924182879982
calibration,spn_null,6,value_b00_a07_d10,4,160000,159378,0.9961125,0.99609375,0.9201939765617319,0.9957952890086983,0.9964115196633604,0.9815402416658473,0.9745021704349284
calibration,spn_null,6,value_b00_a07_d10,5,160000,159376,0.9961,0.99609375,0.98401318155977,0.9957823016578018,0.9963995078579856,0.98401318155977,0.9959437578253866
calibration,spn_null,6,value_b00_a07_d10,6,160000,159423,0.99639375,0.99609375,0.054361354367768344,0.9960877215307635,0.9966815676307069,0.21744541747107338,0.16462744540396723
calibration,spn_null,6,value_b00_a07_d10,7,160000,159368,0.99605,0.99609375,0.7790281523722418,0.9957303601061935,0.9963514527660337,0.9256470107021583,0.9153819171081421
calibration,spn_null,6,value_b00_a07_d10,8,160000,159337,0.99585625,0.99609375,0.1277403944427496,0.9955292015279255,0.9961651240857164,0.4087692622167987,0.33098725685570746
calibration,spn_null,6,value_b00_a07_d10,9,160000,159348,0.995925,0.99609375,0.27914045471074067,0.9956005599138409,0.9962312612251158,0.7229719124322571,0.5582809094214813
calibration,spn_null,6,value_b00_a07_d10,10,160000,159369,0.99605625,0.99609375,0.8099411343643885,0.9957368521179853,0.9963574603362844,0.9256470107021583,0.9261983192255069
calibration,spn_null,6,value_b00_a07_d10,11,160000,159384,0.99615,0.99609375,0.7333675617740207,0.9958342558330691,0.9964475502964784,0.9256470107021583,0.8878094064351323
calibration,spn_null,6,value_b00_a07_d10,12,160000,159350,0.9959375,0.99609375,0.3163002116891125,0.9956135365510194,0.9962432837689935,0.7229719124322571,0.5989116434350059
calibration,spn_null,6,value_b00_a07_d10,13,160000,159359,0.99599375,0.99609375,0.521301069631201,0.9956719406541688,0.9962973759595891,0.9256470107021583,0.7752889649046522
calibration,spn_null,6,value_b00_a07_d10,14,160000,159366,0.9960375,0.99609375,0.7182837924895307,0.995717376662717,0.9963394370440737,0.9256470107021583,0.8800924579322902
calibration,spn_null,6,value_b00_a07_d10,15,160000,159320,0.99575,0.99609375,0.028915181271121415,0.995418963081837,0.9960628693526236,0.21744541747107338,0.09283804020159384
calibration,spn_null,6,value_b00_a0F_dF0,0,160000,159343,0.99589375,0.99609375,0.1996165534480121,0.9955681215463325,0.9962012016327074,0.36750971105058317,0.45196200780681983
calibration,spn_null,6,value_b00_a0F_dF0,1,160000,159379,0.99611875,0.99609375,0.8884503477324643,0.9958017829811817,0.9964175252683092,0.904284411952708,0.9594064497448435
calibration,spn_null,6,value_b00_a0F_dF0,2,160000,159397,0.99623125,0.99609375,0.3888440252169814,0.9959187089275388,0.9965255916332852,0.5655913094065185,0.6774777934814922
calibration,spn_null,6,value_b00_a0F_dF0,3,160000,159409,0.99630625,0.99609375,0.17933242110671713,0.995996696744396,0.9965975986001014,0.36750971105058317,0.42041300186190095
calibration,spn_null,6,value_b00_a0F_dF0,4,160000,159350,0.9959375,0.99609375,0.3163002116891125,0.9956135365510194,0.9962432837689935,0.50608033870258,0.5989116434350059
calibration,spn_null,6,value_b00_a0F_dF0,5,160000,159360,0.996,0.99609375,0.5476687068590793,0.9956784309405377,0.9963033852592592,0.7302249424787725,0.7870688002765212
calibration,spn_null,6,value_b00_a0F_dF0,6,160000,159407,0.99629375,0.99609375,0.20672421246595302,0.9959836966608732,0.996585599558239,0.36750971105058317,0.4604530022443501
calibration,spn_null,6,value_b00_a0F_dF0,7,160000,159337,0.99585625,0.99609375,0.1277403944427496,0.9955292015279255,0.9961651240857164,0.36750971105058317,0.33098725685570746
calibration,spn_null,6,value_b00_a0F_dF0,8,160000,159343,0.99589375,0.99609375,0.1996165534480121,0.9955681215463325,0.9962012016327074,0.36750971105058317,0.45196200780681983
calibration,spn_null,6,value_b00_a0F_dF0,9,160000,159325,0.99578125,0.99609375,0.04722500521690716,0.9954513808641076,0.9960929495758168,0.36750971105058317,0.14577493571778416
calibration,spn_null,6,value_b00_a0F_dF0,10,160000,159380,0.996125,0.99609375,0.8568844719153044,0.9958082771523237,0.9964235306741286,0.904284411952708,0.9477063283855901
calibration,spn_null,6,value_b00_a0F_dF0,11,160000,159409,0.99630625,0.99609375,0.17933242110671713,0.995996696744396,0.9965975986001014,0.36750971105058317,0.42041300186190095
calibration,spn_null,6,value_b00_a0F_dF0,12,160000,159338,0.9958625,0.99609375,0.13807275499885951,0.9955356877448389,0.9961711374640457,0.36750971105058317,0.3515911002623478
calibration,spn_null,6,value_b00_a0F_dF0,13,160000,159333,0.99583125,0.99609375,0.09231369482499595,0.9955032584580027,0.9961410687706796,0.36750971105058317,0.257619613465105
calibration,spn_null,6,value_b00_a0F_dF0,14,160000,159372,0.996075,0.99609375,0.904284411952708,0.995756329319074,0.9963754818785991,0.904284411952708,0.9688761556636157
calibration,spn_null,6,value_b00_a0F_dF0,15,160000,159365,0.99603125,0.99609375,0.6885399078547646,0.9957108852301221,0.9963334288932781,0.8474337327443257,0.8617970163501617
calibration,spn_null,8,bit_a019_d019_off+000,0,160000,159390,0.9961875,0.99609375,0.5611553143204794,0.995873229896139,0.9964835736735886,0.9256470107021583,0.7939706731726752
calibration,spn_null,8,bit_a019_d019_off+000,1,160000,159389,0.99618125,0.99609375,0.5884764046808989,0.9958667337117855,0.9964775702857988,0.9256470107021583,0.8169737505331351
calibration,spn_null,8,bit_a019_d019_off+000,2,160000,159324,0.995775,0.99609375,0.042933551974619164,0.9954448969583586,0.9960869338812331,0.5452928615849209,0.13425475536037262
calibration,spn_null,8,bit_a019_d019_off+000,3,160000,159385,0.99615625,0.99609375,0.7034055381161318,0.9958407510047157,0.9964535546994084,0.9256470107021583,0.8701924182879982
calibration,spn_null,8,bit_a019_d019_off+000,4,160000,159401,0.99625625,0.99609375,0.3067476122713609,0.9959447015009065,0.9965495973294358,0.817993632723629,0.5919149905135808
calibration,spn_null,8,bit_a019_d019_off+000,5,160000,159345,0.99590625,0.99609375,0.22917350277737814,0.9955810963425052,0.9962132260217409,0.817993632723629,0.48781942941526163
calibration,spn_null,8,bit_a019_d019_off+000,6,160000,159368,0.99605,0.99609375,0.7790281523722418,0.9957303601061935,0.9963514527660337,0.9256470107021583,0.9153819171081421
calibration,spn_null,8,bit_a019_d019_off+000,7,160000,159372,0.996075,0.99609375,0.904284411952708,0.995756329319074,0.9963754818785991,0.9645700394162219,0.9688761556636157
calibration,spn_null,8,bit_a019_d019_off+000,8,160000,159369,0.99605625,0.99609375,0.8099411343643885,0.9957368521179853,0.9963574603362844,0.9256470107021583,0.9261983192255069
calibration,spn_null,8,bit_a019_d019_off+000,9,160000,159349,0.99593125,0.99609375,0.2973322516553708,0.9956070481398528,0.9962372725898415,0.817993632723629,0.5825284930390938
calibration,spn_null,8,bit_a019_d019_off+000,10,160000,159375,0.99609375,0.99609375,1.0,0.9957758082784421,0.9963935016585105,1.0,1.0
calibration,spn_null,8,bit_a019_d019_off+000,11,160000,159390,0.9961875,0.99609375,0.5611553143204794,0.995873229896139,0.9964835736735886,0.9256470107021583,0.7939706731726752
calibration,spn_null,8,bit_a019_d019_off+000,12,160000,159382,0.9961375,0.99609375,0.7944822125859358,0.9958212660924974,0.9964355408864563,0.9256470107021583,0.921138797201085
calibration,spn_null,8,bit_a019_d019_off+000,13,160000,159388,0.996175,0.99609375,0.6163958739378903,0.9958602377309614,0.9964715666939887,0.9256470107021583,0.8276084461263982
calibration,spn_null,8,bit_a019_d019_off+000,14,160000,159345,0.99590625,0.99609375,0.22917350277737814,0.9955810963425052,0.9962132260217409,0.817993632723629,0.48781942941526163
calibration,spn_null,8,bit_a019_d019_off+000,15,160000,159329,0.99580625,0.99609375,0.0681616076981151,0.9954773182451876,0.9961170105922245,0.5452928615849209,0.19919373939175192
calibration,spn_null,8,bit_a044_d044_off+000,0,160000,159323,0.99576875,0.99609375,0.038976760222499955,0.9954384132276419,0.9960809180112359,0.4590091645261891,0.12369484235900811
calibration,spn_null,8,bit_a044_d044_off+000,1,160000,159351,0.99594375,0.99609375,0.33604567866258933,0.9956200251477654,0.9962492947621453,0.48879371441831176,0.6215873824972751
calibration,spn_null,8,bit_a044_d044_off+000,2,160000,159377,0.99610625,0.99609375,0.9520651830367521,0.9957887952343962,0.9964055138597604,0.9520651830367521,0.9875554572828548
calibration,spn_null,8,bit_a044_d044_off+000,3,160000,159405,0.99628125,0.99609375,0.23703227797610793,0.9959706974286225,0.9965735996629903,0.46528193704104637,0.49792338480757903
calibration,spn_null,8,bit_a044_d044_off+000,4,160000,159405,0.99628125,0.99609375,0.23703227797610793,0.9959706974286225,0.9965735996629903,0.46528193704104637,0.49792338480757903
calibration,spn_null,8,bit_a044_d044_off+000,5,160000,159401,0.99625625,0.99609375,0.3067476122713609,0.9959447015009065,0.9965495973294358,0.48879371441831176,0.5919149905135808
calibration,spn_null,8,bit_a044_d044_off+000,6,160000,159362,0.9960125,0.99609375,0.6023046362527831,0.9956914120834872,0.9963154032870745,0.7370069180368487,0.8236644598328658
calibration,spn_null,8,bit_a044_d044_off+000,7,160000,159336,0.99585,0.99609375,0.11802014526697782,0.9955227154911891,0.9961591105268097,0.4590091645261891,0.31126192158323823
calibration,spn_null,8,bit_a044_d044_off+000,8,160000,159354,0.9959625,0.99609375,0.39992260533754054,0.9956394920557589,0.9962673266213062,0.533230140450054,0.6855816091500695
calibration,spn_null,8,bit_a044_d044_off+000,9,160000,159412,0.996325,0.99609375,0.1434403639144341,0.9960161984752378,0.9966155955533341,0.4590091645261891,0.3609508502171867
calibration,spn_null,8,bit_a044_d044_off+000,10,160000,159387,0.99616875,0.99609375,0.6448810532822427,0.9958537419531708,0.9964655628986566,0.7370069180368487,0.8440161024552869
calibration,spn_null,8,bit_a044_d044_off+000,11,160000,159369,0.99605625,0.99609375,0.8099411343643885,0.9957368521179853,0.9963574603362844,0.8639372099886811,0.9261983192255069
calibration,spn_null,8,bit_a044_d044_off+000,12,160000,159415,0.99634375,0.99609375,0.11333402266556593,0.9960357021458083,0.99663359056198,0.4590091645261891,0.3030659101920426
calibration,spn_null,8,bit_a044_d044_off+000,13,160000,159347,0.99591875,0.99609375,0.2617210895855886,0.99559407187256,0.9962252496752418,0.46528193704104637,0.5334442590279513
calibration,spn_null,8,bit_a044_d044_off+000,14,160000,159407,0.99629375,0.99609375,0.20672421246595302,0.9959836966608732,0.996585599558239,0.46528193704104637,0.4604530022443501
calibration,spn_null,8,bit_a044_d044_off+000,15,160000,159335,0.99584375,0.99609375,0.10889042149329917,0.9955162296342249,0.9961530967877319,0.4590091645261891,0.2936370916673236
calibration,spn_null,8,bit_a068_d068_off+000,0,160000,159344,0.9959,0.99609375,0.21402697797284306,0.9955746088528924,0.9962072139189562,0.7585032895235454,0.46856533376038617
calibration,spn_null,8,bit_a068_d068_off+000,1,160000,159370,0.9960625,0.99609375,0.8411534940380374,0.995743344323756,0.9963634677121034,0.98401318155977,0.9427990125820385
calibration,spn_null,8,bit_a068_d068_off+000,2,160000,159385,0.99615625,0.99609375,0.7034055381161318,0.9958407510047157,0.9964535546994084,0.98401318155977,0.8701924182879982
calibration,spn_null,8,bit_a068_d068_off+000,3,160000,159384,0.99615,0.99609375,0.7333675617740207,0.9958342558330691,0.9964475502964784,0.98401318155977,0.8878094064351323
calibration,spn_null,8,bit_a068_d068_off+000,4,160000,159371,0.99606875,0.99609375,0.8726175464058323,0.9957498367239649,0.9963694748930294,0.98401318155977,0.9530294022179738
calibration,spn_null,8,bit_a068_d068_off+000,5,160000,159405,0.99628125,0.99609375,0.23703227797610793,0.9959706974286225,0.9965735996629903,0.7585032895235454,0.49792338480757903
calibration,spn_null,8,bit_a068_d068_off+000,6,160000,159376,0.9961,0.99609375,0.98401318155977,0.9957823016578018,0.9963995078579856,0.98401318155977,0.9959437578253866
calibration,spn_null,8,bit_a068_d068_off+000,7,160000,159373,0.99608125,0.99609375,0.9361042439484883,0.9957628221095461,0.9963814886683475,0.98401318155977,0.9810699499896821
calibration,spn_null,8,bit_a068_d068_off+000,8,160000,159334,0.9958375,0.99609375,0.10032910767899636,0.99550974395663,0.9961470828688876,0.629440774757215,0.2751884096338186
calibration,spn_null,8,bit_a068_d068_off+000,9,160000,159369,0.99605625,0.99609375,0.8099411343643885,0.9957368521179853,0.9963574603362844,0.98401318155977,0.9261983192255069
calibration,spn_null,8,bit_a068_d068_off+000,10,160000,159394,0.9962125,0.99609375,0.45841564590470885,0.9958992166788408,0.9965075851745139,0.98401318155977,0.7298159536791384
calibration,spn_null,8,bit_a068_d068_off+000,11,160000,159336,0.99585,0.99609375,0.11802014526697782,0.9955227154911891,0.9961591105268097,0.629440774757215,0.31126192158323823
calibration,spn_null,8,bit_a068_d068_off+000,12,160000,159424,0.9964,0.99609375,0.04952251858918759,0.9960942249454944,0.9966875637701657,0.629440774757215,0.15140642625993658
calibration,spn_null,8,bit_a068_d068_off+000,13,160000,159363,0.99601875,0.99609375,0.6305127956476326,0.995697902940957,0.9963214120143271,0.98401318155977,0.8354620894709832
calibration,spn_null,8,bit_a068_d068_off+000,14,160000,159374,0.9960875,0.99609375,0.968026463428358,0.9957693150958465,0.9963874952618075,0.98401318155977,0.9886227711608762
calibration,spn_null,8,bit_a068_d068_off+000,15,160000,159388,0.996175,0.99609375,0.6163958739378903,0.9958602377309614,0.9964715666939887,0.98401318155977,0.8276084461263982
calibration,spn_null,8,bit_a093_d093_off+000,0,160000,159363,0.99601875,0.99609375,0.6305127956476326,0.995697902940957,0.9963214120143271,0.9589382007406112,0.8354620894709832
calibration,spn_null,8,bit_a093_d093_off+000,1,160000,159364,0.996025,0.99609375,0.6592700130091702,0.9957043939896857,0.9963274205498786,0.9589382007406112,0.8483903652664925
calibration,spn_null,8,bit_a093_d093_off+000,2,160000,159371,0.99606875,0.99609375,0.8726175464058323,0.9957498367239649,0.9963694748930294,1.0,0.9530294022179738
calibration,spn_null,8,bit_a093_d093_off+000,3,160000,159380,0.996125,0.99609375,0.8568844719153044,0.9958082771523237,0.9964235306741286,1.0,0.9477063283855901
calibration,spn_null,8,bit_a093_d093_off+000,4,160000,159391,0.99619375,0.99609375,0.5344626771913575,0.9958797262845202,0.9964895768568584,0.9589382007406112,0.7827371016074802
calibration,spn_null,8,bit_a093_d093_off+000,5,160000,159362,0.9960125,0.99609375,0.6023046362527831,0.9956914120834872,0.9963154032870745,0.9589382007406112,0.8236644598328658
calibration,spn_null,8,bit_a093_d093_off+000,6,160000,159355,0.99596875,0.99609375,0.4227403369357625,0.9956459813991084,0.996273336866156,0.9589382007406112,0.7076385762133078
calibration,spn_null,8,bit_a093_d093_off+000,7,160000,159415,0.99634375,0.99609375,0.11333402266556593,0.9960357021458083,0.99663359056198,0.9066721813245274,0.3030659101920426
calibration,spn_null,8,bit_a093_d093_off+000,8,160000,159345,0.99590625,0.99609375,0.22917350277737814,0.9955810963425052,0.9962132260217409,0.9589382007406112,0.48781942941526163
calibration,spn_null,8,bit_a093_d093_off+000,9,160000,159331,0.99581875,0.99609375,0.08120153140152415,0.9954902879960514,0.9961290400377788,0.9066721813245274,0.23200437543292615
calibration,spn_null,8,bit_a093_d093_off+000,10,160000,159372,0.996075,0.99609375,0.904284411952708,0.995756329319074,0.9963754818785991,1.0,0.9688761556636157
calibration,spn_null,8,bit_a093_d093_off+000,11,160000,159358,0.9959875,0.99609375,0.49560258495764375,0.9956654505572808,0.9962913664700027,0.9589382007406112,0.7522189431768189
calibration,spn_null,8,bit_a093_d093_off+000,12,160000,159402,0.9962625,0.99609375,0.28816260786621706,0.9959512001670582,0.9965555982293803,0.9589382007406112,0.5703837186630276
calibration,spn_null,8,bit_a093_d093_off+000,13,160000,159357,0.99598125,0.99609375,0.47059649279436977,0.9956589606494335,0.996285356790942,0.9589382007406112,0.7363857099960799
calibration,spn_null,8,bit_a093_d093_off+000,14,160000,159376,0.9961,0.99609375,0.98401318155977,0.9957823016578018,0.9963995078579856,1.0,0.9959437578253866
calibration,spn_null,8,bit_a093_d093_off+000,15,160000,159375,0.99609375,0.99609375,1.0,0.9957758082784421,0.9963935016585105,1.0,1.0
calibration,spn_null,8,bit_a118_d118_off+000,0,160000,159407,0.99629375,0.99609375,0.20672421246595302,0.9959836966608732,0.996585599558239,0.8561079118913723,0.4604530022443501
calibration,spn_null,8,bit_a118_d118_off+000,1,160000,159369,0.99605625,0.99609375,0.8099411343643885,0.9957368521179853,0.9963574603362844,0.9361042439484883,0.9261983192255069
calibration,spn_null,8,bit_a118_d118_off+000,2,160000,159378,0.9961125,0.99609375,0.9201939765617319,0.9957952890086983,0.9964115196633604,0.9361042439484883,0.9745021704349284
calibration,spn_null,8,bit_a118_d118_off+000,3,160000,159400,0.99625,0.99609375,0.326109478993354,0.9959382030443988,0.9965435962193318,0.8696252773156107,0.6126518587742071
calibration,spn_null,8,bit_a118_d118_off+000,4,160000,159407,0.99629375,0.99609375,0.20672421246595302,0.9959836966608732,0.996585599558239,0.8561079118913723,0.4604530022443501
calibration,spn_null,8,bit_a118_d118_off+000,5,160000,159344,0.9959,0.99609375,0.21402697797284306,0.9955746088528924,0.9962072139189562,0.8561079118913723,0.46856533376038617
calibration,spn_null,8,bit_a118_d118_off+000,6,160000,159391,0.99619375,0.99609375,0.5344626771913575,0.9958797262845202,0.9964895768568584,0.9361042439484883,0.7827371016074802
calibration,spn_null,8,bit_a118_d118_off+000,7,160000,159344,0.9959,0.99609375,0.21402697797284306,0.9955746088528924,0.9962072139189562,0.8561079118913723,0.46856533376038617
calibration,spn_null,8,bit_a118_d118_off+000,8,160000,159373,0.99608125,0.99609375,0.9361042439484883,0.9957628221095461,0.9963814886683475,0.9361042439484883,0.9810699499896821
calibration,spn_null,8,bit_a118_d118_off+000,9,160000,159369,0.99605625,0.99609375,0.8099411343643885,0.9957368521179853,0.9963574603362844,0.9361042439484883,0.9261983192255069
calibration,spn_null,8,bit_a118_d118_off+000,10,160000,159363,0.99601875,0.99609375,0.6305127956476326,0.995697902940957,0.9963214120143271,0.9361042439484883,0.8354620894709832
calibration,spn_null,8,bit_a118_d118_off+000,11,160000,159373,0.99608125,0.99609375,0.9361042439484883,0.9957628221095461,0.9963814886683475,0.9361042439484883,0.9810699499896821
calibration,spn_null,8,bit_a118_d118_off+000,12,160000,159386,0.9961625,0.99609375,0.6738967836523793,0.9958472463779195,0.9964595589002986,0.9361042439484883,0.8591512779631927
calibration,spn_null,8,bit_a118_d118_off+000,13,160000,159401,0.99625625,0.99609375,0.3067476122713609,0.9959447015009065,0.9965495973294358,0.8696252773156107,0.5919149905135808
calibration,spn_null,8,bit_a118_d118_off+000,14,160000,159356,0.995975,0.99609375,0.4463032151466413,0.9956524709301883,0.9962793469228468,0.9361042439484883,0.7176735117935941
calibration,spn_null,8,bit_a118_d118_off+000,15,160000,159378,0.9961125,0.99609375,0.9201939765617319,0.9957952890086983,0.9964115196633604,0.9361042439484883,0.9745021704349284
calibration,spn_null,8,bytepos_ab15_db15_a07_d10_off+00,0,160000,159360,0.996,0.99609375,0.5476687068590793,0.9956784309405377,0.9963033852592592,0.6740537930573284,0.7870688002765212
calibration,spn_null,8,bytepos_ab15_db15_a07_d10_off+00,1,160000,159393,0.99620625,0.99609375,0.4830695928250653,0.9958927196753679,0.9965015826078262,0.6740537930573284,0.7473760017922042
calibration,spn_null,8,bytepos_ab15_db15_a07_d10_off+00,2,160000,159391,0.99619375,0.99609375,0.5344626771913575,0.9958797262845202,0.9964895768568584,0.6740537930573284,0.7827371016074802
calibration,spn_null,8,bytepos_ab15_db15_a07_d10_off+00,3,160000,159398,0.9962375,0.99609375,0.3671614830414377,0.995925206758233,0.9965315933707364,0.6740537930573284,0.6533364665797594
calibration,spn_null,8,bytepos_ab15_db15_a07_d10_off+00,4,160000,159410,0.9963125,0.99609375,0.16669297883600925,0.9960031971067277,0.9966035977996639,0.6740537930573284,0.39906548549269044
calibration,spn_null,8,bytepos_ab15_db15_a07_d10_off+00,5,160000,159337,0.99585625,0.99609375,0.1277403944427496,0.9955292015279255,0.9961651240857164,0.6740537930573284,0.33098725685570746
calibration,spn_null,8,bytepos_ab15_db15_a07_d10_off+00,6,160000,159375,0.99609375,0.99609375,1.0,0.9957758082784421,0.9963935016585105,1.0,1.0
calibration,spn_null,8,bytepos_ab15_db15_a07_d10_off+00,7,160000,159381,0.99613125,0.99609375,0.825545676953505,0.9958147715226021,0.9964295358803383,0.9307920494995545,0.9351313862836163
calibration,spn_null,8,bytepos_ab15_db15_a07_d10_off+00,8,160000,159402,0.9962625,0.99609375,0.28816260786621706,0.9959512001670582,0.9965555982293803,0.6740537930573284,0.5703837186630276
calibration,spn_null,8,bytepos_ab15_db15_a07_d10_off+00,9,160000,159420,0.996375,0.99609375,0.0712955109011778,0.9960682126143923,0.9966635778811244,0.6740537930573284,0.2067785210426909
calibration,spn_null,8,bytepos_ab15_db15_a07_d10_off+00,10,160000,159392,0.9962,0.99609375,0.5084258875453176,0.995886222877429,0.9964955798351055,0.6740537930573284,0.763832319316909
calibration,spn_null,8,bytepos_ab15_db15_a07_d10_off+00,11,160000,159354,0.9959625,0.99609375,0.39992260533754054,0.9956394920557589,0.9962673266213062,0.6740537930573284,0.6855816091500695
calibration,spn_null,8,bytepos_ab15_db15_a07_d10_off+00,12,160000,159371,0.99606875,0.99609375,0.8726175464058323,0.9957498367239649,0.9963694748930294,0.9307920494995545,0.9530294022179738
calibration,spn_null,8,bytepos_ab15_db15_a07_d10_off+00,13,160000,159350,0.9959375,0.99609375,0.3163002116891125,0.9956135365510194,0.9962432837689935,0.6740537930573284,0.5989116434350059
calibration,spn_null,8,bytepos_ab15_db15_a07_d10_off+00,14,160000,159392,0.9962,0.99609375,0.5084258875453176,0.995886222877429,0.9964955798351055,0.6740537930573284,0.763832319316909
calibration,spn_null,8,bytepos_ab15_db15_a07_d10_off+00,15,160000,159344,0.9959,0.99609375,0.21402697797284306,0.9955746088528924,0.9962072139189562,0.6740537930573284,0.46856533376038617
calibration,spn_null,8,value_b00_a07_d10,0,160000,159388,0.996175,0.99609375,0.6163958739378903,0.9958602377309614,0.9964715666939887,0.8114092467805172,0.8276084461263982
calibration,spn_null,8,value_b00_a07_d10,1,160000,159362,0.9960125,0.99609375,0.6023046362527831,0.9956914120834872,0.9963154032870745,0.8114092467805172,0.8236644598328658
calibration,spn_null,8,value_b00_a07_d10,2,160000,159378,0.9961125,0.99609375,0.9201939765617319,0.9957952890086983,0.9964115196633604,0.9815402416658473,0.9745021704349284
calibration,spn_null,8,value_b00_a07_d10,3,160000,159388,0.996175,0.99609375,0.6163958739378903,0.9958602377309614,0.9964715666939887,0.8114092467805172,0.8276084461263982
calibration,spn_null,8,value_b00_a07_d10,4,160000,159354,0.9959625,0.99609375,0.39992260533754054,0.9956394920557589,0.9962673266213062,0.8114092467805172,0.6855816091500695
calibration,spn_null,8,value_b00_a07_d10,5,160000,159364,0.996025,0.99609375,0.6592700130091702,0.9957043939896857,0.9963274205498786,0.8114092467805172,0.8483903652664925
calibration,spn_null,8,value_b00_a07_d10,6,160000,159406,0.9962875,0.99609375,0.2215070770094379,0.9959771969386064,0.9965795997170194,0.8114092467805172,0.47839548690452277
calibration,spn_null,8,value_b00_a07_d10,7,160000,159372,0.996075,0.99609375,0.904284411952708,0.995756329319074,0.9963754818785991,0.9815402416658473,0.9688761556636157
calibration,spn_null,8,value_b00_a07_d10,8,160000,159375,0.99609375,0.99609375,1.0,0.9957758082784421,0.9963935016585105,1.0,1.0
calibration,spn_null,8,value_b00_a07_d10,9,160000,159390,0.9961875,0.99609375,0.5611553143204794,0.995873229896139,0.9964835736735886,0.8114092467805172,0.7939706731726752
calibration,spn_null,8,value_b00_a07_d10,10,160000,159453,0.99658125,0.99609375,0.0015400303851426963,0.9962829230696835,0.9968613524598742,0.02464048616228314,0.005395726896850323
calibration,spn_null,8,value_b00_a07_d10,11,160000,159387,0.99616875,0.99609375,0.6448810532822427,0.9958537419531708,0.9964655628986566,0.8114092467805172,0.8440161024552869
calibration,spn_null,8,value_b00_a07_d10,12,160000,159395,0.99621875,0.99609375,0.43448307620013293,0.9959057138883544,0.9965135875346601,0.8114092467805172,0.7172893433398584
calibration,spn_null,8,value_b00_a07_d10,13,160000,159418,0.9963625,0.99609375,0.0884437484147571,0.9960552077709716,0.9966515836111126,0.629440774757215,0.24862664268862905
calibration,spn_null,8,value_b00_a07_d10,14,160000,159395,0.99621875,0.99609375,0.43448307620013293,0.9959057138883544,0.9965135875346601,0.8114092467805172,0.7172893433398584
calibration,spn_null,8,value_b00_a07_d10,15,160000,159336,0.99585,0.99609375,0.11802014526697782,0.9955227154911891,0.9961591105268097,0.629440774757215,0.31126192158323823
calibration,spn_null,8,value_b00_a0F_dF0,0,160000,159328,0.9958,0.99609375,0.06231821947678414,0.9954708336354253,0.9961109956031942,0.40131643071598544,0.18521823745421911
calibration,spn_null,8,value_b00_a0F_dF0,1,160000,159370,0.9960625,0.99609375,0.8411534940380374,0.995743344323756,0.9963634677121034,1.0,0.9427990125820385
calibration,spn_null,8,value_b00_a0F_dF0,2,160000,159383,0.99614375,0.99609375,0.7637410283656014,0.9958277608624917,0.9964415456919983,1.0,0.9057336469808245
calibration,spn_null,8,value_b00_a0F_dF0,3,160000,159425,0.99640625,0.99609375,0.04505027622815881,0.9961007285824844,0.996693559686797,0.40131643071598544,0.14041644538646902
calibration,spn_null,8,value_b00_a0F_dF0,4,160000,159374,0.9960875,0.99609375,0.968026463428358,0.9957693150958465,0.9963874952618075,1.0,0.9886227711608762
calibration,spn_null,8,value_b00_a0F_dF0,5,160000,159391,0.99619375,0.99609375,0.5344626771913575,0.9958797262845202,0.9964895768568584,0.8551402835061721,0.7827371016074802
calibration,spn_null,8,value_b00_a0F_dF0,6,160000,159334,0.9958375,0.99609375,0.10032910767899636,0.99550974395663,0.9961470828688876,0.40131643071598544,0.2751884096338186
calibration,spn_null,8,value_b00_a0F_dF0,7,160000,159397,0.99623125,0.99609375,0.3888440252169814,0.9959187089275388,0.9965255916332852,0.8366159871899908,0.6774777934814922
calibration,spn_null,8,value_b00_a0F_dF0,8,160000,159341,0.99588125,0.99609375,0.17294742854839296,0.9955551474807111,0.9961891765114845,0.5534317713548574,0.4099494602628574
calibration,spn_null,8,value_b00_a0F_dF0,9,160000,159386,0.9961625,0.99609375,0.6738967836523793,0.9958472463779195,0.9964595589002986,0.9802135034943699,0.8591512779631927
calibration,spn_null,8,value_b00_a0F_dF0,10,160000,159418,0.9963625,0.99609375,0.0884437484147571,0.9960552077709716,0.9966515836111126,0.40131643071598544,0.24862664268862905
calibration,spn_null,8,value_b00_a0F_dF0,11,160000,159357,0.99598125,0.99609375,0.47059649279436977,0.9956589606494335,0.996285356790942,0.8366159871899908,0.7363857099960799
calibration,spn_null,8,value_b00_a0F_dF0,12,160000,159378,0.9961125,0.99609375,0.9201939765617319,0.9957952890086983,0.9964115196633604,1.0,0.9745021704349284
calibration,spn_null,8,value_b00_a0F_dF0,13,160000,159357,0.99598125,0.99609375,0.47059649279436977,0.9956589606494335,0.996285356790942,0.8366159871899908,0.7363857099960799
calibration,spn_null,8,value_b00_a0F_dF0,14,160000,159394,0.9962125,0.99609375,0.45841564590470885,0.9958992166788408,0.9965075851745139,0.8366159871899908,0.7298159536791384
calibration,spn_null,8,value_b00_a0F_dF0,15,160000,159375,0.99609375,0.99609375,1.0,0.9957758082784421,0.9963935016585105,1.0,1.0
calibration,spn_null,10,bit_a019_d019_off+000,0,160000,159365,0.99603125,0.99609375,0.6885399078547646,0.9957108852301221,0.9963334288932781,0.880582055417072,0.8617970163501617
calibration,spn_null,10,bit_a019_d019_off+000,1,160000,159383,0.99614375,0.99609375,0.7637410283656014,0.9958277608624917,0.9964415456919983,0.880582055417072,0.9057336469808245
calibration,spn_null,10,bit_a019_d019_off+000,2,160000,159365,0.99603125,0.99609375,0.6885399078547646,0.9957108852301221,0.9963334288932781,0.880582055417072,0.8617970163501617
calibration,spn_null,10,bit_a019_d019_off+000,3,160000,159334,0.9958375,0.99609375,0.10032910767899636,0.99550974395663,0.9961470828688876,0.654723575832473,0.2751884096338186
calibration,spn_null,10,bit_a019_d019_off+000,4,160000,159355,0.99596875,0.99609375,0.4227403369357625,0.9956459813991084,0.996273336866156,0.880582055417072,0.7076385762133078
calibration,spn_null,10,bit_a019_d019_off+000,5,160000,159369,0.99605625,0.99609375,0.8099411343643885,0.9957368521179853,0.9963574603362844,0.880582055417072,0.9261983192255069
calibration,spn_null,10,bit_a019_d019_off+000,6,160000,159375,0.99609375,0.99609375,1.0,0.9957758082784421,0.9963935016585105,1.0,1.0
calibration,spn_null,10,bit_a019_d019_off+000,7,160000,159342,0.9958875,0.99609375,0.1859284786553716,0.9955616344224101,0.9961951891634117,0.7088226464302012,0.4311385012298472
calibration,spn_null,10,bit_a019_d019_off+000,8,160000,159414,0.9963375,0.99609375,0.12276067046858868,0.9960292007058458,0.9966275924427473,0.654723575832473,0.32068093510161944
calibration,spn_null,10,bit_a019_d019_off+000,9,160000,159318,0.9957375,0.99609375,0.023527403160161452,0.9954059971860976,0.9960508360435364,0.37643845056258324,0.07682417358420067
calibration,spn_null,10,bit_a019_d019_off+000,10,160000,159356,0.995975,0.99609375,0.4463032151466413,0.9956524709301883,0.9962793469228468,0.880582055417072,0.7176735117935941
calibration,spn_null,10,bit_a019_d019_off+000,11,160000,159381,0.99613125,0.99609375,0.825545676953505,0.9958147715226021,0.9964295358803383,0.880582055417072,0.9351313862836163
calibration,spn_null,10,bit_a019_d019_off+000,12,160000,159388,0.996175,0.99609375,0.6163958739378903,0.9958602377309614,0.9964715666939887,0.880582055417072,0.8276084461263982
calibration,spn_null,10,bit_a019_d019_off+000,13,160000,159406,0.9962875,0.99609375,0.2215070770094379,0.9959771969386064,0.9965795997170194,0.7088226464302012,0.47839548690452277
calibration,spn_null,10,bit_a019_d019_off+000,14,160000,159366,0.9960375,0.99609375,0.7182837924895307,0.995717376662717,0.9963394370440737,0.880582055417072,0.8800924579322902
calibration,spn_null,10,bit_a019_d019_off+000,15,160000,159358,0.9959875,0.99609375,0.49560258495764375,0.9956654505572808,0.9962913664700027,0.880582055417072,0.7522189431768189
calibration,spn_null,10,bit_a044_d044_off+000,0,160000,159384,0.99615,0.99609375,0.7333675617740207,0.9958342558330691,0.9964475502964784,0.7822587325589555,0.8878094064351323
calibration,spn_null,10,bit_a044_d044_off+000,1,160000,159359,0.99599375,0.99609375,0.521301069631201,0.9956719406541688,0.9962973759595891,0.7822587325589555,0.7752889649046522
calibration,spn_null,10,bit_a044_d044_off+000,2,160000,159356,0.995975,0.99609375,0.4463032151466413,0.9956524709301883,0.9962793469228468,0.7822587325589555,0.7176735117935941
calibration,spn_null,10,bit_a044_d044_off+000,3,160000,159385,0.99615625,0.99609375,0.7034055381161318,0.9958407510047157,0.9964535546994084,0.7822587325589555,0.8701924182879982
calibration,spn_null,10,bit_a044_d044_off+000,4,160000,159360,0.996,0.99609375,0.5476687068590793,0.9956784309405377,0.9963033852592592,0.7822587325589555,0.7870688002765212
calibration,spn_null,10,bit_a044_d044_off+000,5,160000,159389,0.99618125,0.99609375,0.5884764046808989,0.9958667337117855,0.9964775702857988,0.7822587325589555,0.8169737505331351
calibration,spn_null,10,bit_a044_d044_off+000,6,160000,159418,0.9963625,0.99609375,0.0884437484147571,0.9960552077709716,0.9966515836111126,0.7075499873180568,0.24862664268862905
calibration,spn_null,10,bit_a044_d044_off+000,7,160000,159382,0.9961375,0.99609375,0.7944822125859358,0.9958212660924974,0.9964355408864563,0.7944822125859358,0.921138797201085
calibration,spn_null,10,bit_a044_d044_off+000,8,160000,159384,0.99615,0.99609375,0.7333675617740207,0.9958342558330691,0.9964475502964784,0.7822587325589555,0.8878094064351323
calibration,spn_null,10,bit_a044_d044_off+000,9,160000,159424,0.9964,0.99609375,0.04952251858918759,0.9960942249454944,0.9966875637701657,0.7075499873180568,0.15140642625993658
calibration,spn_null,10,bit_a044_d044_off+000,10,160000,159387,0.99616875,0.99609375,0.6448810532822427,0.9958537419531708,0.9964655628986566,0.7822587325589555,0.8440161024552869
calibration,spn_null,10,bit_a044_d044_off+000,11,160000,159346,0.9959125,0.99609375,0.2450681543952868,0.9955875840155882,0.9962192379406428,0.7822587325589555,0.511446583085816
calibration,spn_null,10,bit_a044_d044_off+000,12,160000,159360,0.996,0.99609375,0.5476687068590793,0.9956784309405377,0.9963033852592592,0.7822587325589555,0.7870688002765212
calibration,spn_null,10,bit_a044_d044_off+000,13,160000,159356,0.995975,0.99609375,0.4463032151466413,0.9956524709301883,0.9962793469228468,0.7822587325589555,0.7176735117935941
calibration,spn_null,10,bit_a044_d044_off+000,14,160000,159355,0.99596875,0.99609375,0.4227403369357625,0.9956459813991084,0.996273336866156,0.7822587325589555,0.7076385762133078
calibration,spn_null,10,bit_a044_d044_off+000,15,160000,159391,0.99619375,0.99609375,0.5344626771913575,0.9958797262845202,0.9964895768568584,0.7822587325589555,0.7827371016074802
calibration,spn_null,10,bit_a068_d068_off+000,0,160000,159344,0.9959,0.99609375,0.21402697797284306,0.9955746088528924,0.9962072139189562,0.5238251492054358,0.46856533376038617
calibration,spn_null,10,bit_a068_d068_off+000,1,160000,159351,0.99594375,0.99609375,0.33604567866258933,0.9956200251477654,0.9962492947621453,0.6720913573251787,0.6215873824972751
calibration,spn_null,10,bit_a068_d068_off+000,2,160000,159393,0.99620625,0.99609375,0.4830695928250653,0.9958927196753679,0.9965015826078262,0.8474337327443257,0.7473760017922042
calibration,spn_null,10,bit_a068_d068_off+000,3,160000,159426,0.9964125,0.99609375,0.040923523571484696,0.9961072324423109,0.9966995553800212,0.5238251492054358,0.12923217969942535
calibration,spn_null,10,bit_a068_d068_off+000,4,160000,159340,0.995875,0.99609375,0.16065665549680855,0.9955486607208232,0.9961831636773398,0.5238251492054358,0.3899630575902306
calibration,spn_null,10,bit_a068_d068_off+000,5,160000,159382,0.9961375,0.99609375,0.7944822125859358,0.9958212660924974,0.9964355408864563,0.8474476934249981,0.921138797201085
calibration,spn_null,10,bit_a068_d068_off+000,6,160000,159375,0.99609375,0.99609375,1.0,0.9957758082784421,0.9963935016585105,1.0,1.0
calibration,spn_null,10,bit_a068_d068_off+000,7,160000,159360,0.996,0.99609375,0.5476687068590793,0.9956784309405377,0.9963033852592592,0.8474337327443257,0.7870688002765212
calibration,spn_null,10,bit_a068_d068_off+000,8,160000,159387,0.99616875,0.99609375,0.6448810532822427,0.9958537419531708,0.9964655628986566,0.8474337327443257,0.8440161024552869
calibration,spn_null,10,bit_a068_d068_off+000,9,160000,159345,0.99590625,0.99609375,0.22917350277737814,0.9955810963425052,0.9962132260217409,0.5238251492054358,0.48781942941526163
calibration,spn_null,10,bit_a068_d068_off+000,10,160000,159382,0.9961375,0.99609375,0.7944822125859358,0.9958212660924974,0.9964355408864563,0.8474476934249981,0.921138797201085
calibration,spn_null,10,bit_a068_d068_off+000,11,160000,159330,0.9958125,0.99609375,0.07444845339427293,0.9954838030319315,0.9961230254038845,0.5238251492054358,0.21494891807068275
calibration,spn_null,10,bit_a068_d068_off+000,12,160000,159365,0.99603125,0.99609375,0.6885399078547646,0.9957108852301221,0.9963334288932781,0.8474337327443257,0.8617970163501617
calibration,spn_null,10,bit_a068_d068_off+000,13,160000,159408,0.9963,0.99609375,0.19267082946836656,0.9959901965959574,0.9965915991861127,0.5238251492054358,0.4430275360230704
calibration,spn_null,10,bit_a068_d068_off+000,14,160000,159388,0.996175,0.99609375,0.6163958739378903,0.9958602377309614,0.9964715666939887,0.8474337327443257,0.8276084461263982
calibration,spn_null,10,bit_a068_d068_off+000,15,160000,159337,0.99585625,0.99609375,0.1277403944427496,0.9955292015279255,0.9961651240857164,0.5238251492054358,0.33098725685570746
calibration,spn_null,10,bit_a093_d093_off+000,0,160000,159365,0.99603125,0.99609375,0.6885399078547646,0.9957108852301221,0.9963334288932781,0.880582055417072,0.8617970163501617
calibration,spn_null,10,bit_a093_d093_off+000,1,160000,159383,0.99614375,0.99609375,0.7637410283656014,0.9958277608624917,0.9964415456919983,0.880582055417072,0.9057336469808245
calibration,spn_null,10,bit_a093_d093_off+000,2,160000,159382,0.9961375,0.99609375,0.7944822125859358,0.9958212660924974,0.9964355408864563,0.880582055417072,0.921138797201085
calibration,spn_null,10,bit_a093_d093_off+000,3,160000,159385,0.99615625,0.99609375,0.7034055381161318,0.9958407510047157,0.9964535546994084,0.880582055417072,0.8701924182879982
calibration,spn_null,10,bit_a093_d093_off+000,4,160000,159352,0.99595,0.99609375,0.3565675028948345,0.9956265139305183,0.9962553055688683,0.880582055417072,0.6464679939169805
calibration,spn_null,10,bit_a093_d093_off+000,5,160000,159411,0.99631875,0.99609375,0.1547351446731544,0.9960096976834938,0.9966095967842568,0.880582055417072,0.380398819170879
calibration,spn_null,10,bit_a093_d093_off+000,6,160000,159389,0.99618125,0.99609375,0.5884764046808989,0.9958667337117855,0.9964775702857988,0.880582055417072,0.8169737505331351
calibration,spn_null,10,bit_a093_d093_off+000,7,160000,159356,0.995975,0.99609375,0.4463032151466413,0.9956524709301883,0.9962793469228468,0.880582055417072,0.7176735117935941
calibration,spn_null,10,bit_a093_d093_off+000,8,160000,159348,0.995925,0.99609375,0.27914045471074067,0.9956005599138409,0.9962312612251158,0.880582055417072,0.5582809094214813
calibration,spn_null,10,bit_a093_d093_off+000,9,160000,159398,0.9962375,0.99609375,0.3671614830414377,0.995925206758233,0.9965315933707364,0.880582055417072,0.6533364665797594
calibration,spn_null,10,bit_a093_d093_off+000,10,160000,159346,0.9959125,0.99609375,0.2450681543952868,0.9955875840155882,0.9962192379406428,0.880582055417072,0.511446583085816
calibration,spn_null,10,bit_a093_d093_off+000,11,160000,159366,0.9960375,0.99609375,0.7182837924895307,0.995717376662717,0.9963394370440737,0.880582055417072,0.8800924579322902
calibration,spn_null,10,bit_a093_d093_off+000,12,160000,159357,0.99598125,0.99609375,0.47059649279436977,0.9956589606494335,0.996285356790942,0.880582055417072,0.7363857099960799
calibration,spn_null,10,bit_a093_d093_off+000,13,160000,159381,0.99613125,0.99609375,0.825545676953505,0.9958147715226021,0.9964295358803383,0.880582055417072,0.9351313862836163
calibration,spn_null,10,bit_a093_d093_off+000,14,160000,159379,0.99611875,0.99609375,0.8884503477324643,0.9958017829811817,0.9964175252683092,0.8884503477324643,0.9594064497448435
calibration,spn_null,10,bit_a093_d093_off+000,15,160000,159349,0.99593125,0.99609375,0.2973322516553708,0.9956070481398528,0.9962372725898415,0.880582055417072,0.5825284930390938
calibration,spn_null,10,bit_a118_d118_off+000,0,160000,159361,0.99600625,0.99609375,0.5746794767050786,0.9956849214168292,0.9963093943685695,0.876079470913139,0.806567686603619
calibration,spn_null,10,bit_a118_d118_off+000,1,160000,159362,0.9960125,0.99609375,0.6023046362527831,0.9956914120834872,0.9963154032870745,0.876079470913139,0.8236644598328658
calibration,spn_null,10,bit_a118_d118_off+000,2,160000,159396,0.996225,0.99609375,0.411288079377106,0.9959122113044169,0.996519589687755,0.876079470913139,0.6982078801096759
calibration,spn_null,10,bit_a118_d118_off+000,3,160000,159379,0.99611875,0.99609375,0.8884503477324643,0.9958017829811817,0.9964175252683092,0.9815402416658473,0.9594064497448435
calibration,spn_null,10,bit_a118_d118_off+000,4,160000,159376,0.9961,0.99609375,0.98401318155977,0.9957823016578018,0.9963995078579856,0.98401318155977,0.9959437578253866
calibration,spn_null,10,bit_a118_d118_off+000,5,160000,159398,0.9962375,0.99609375,0.3671614830414377,0.995925206758233,0.9965315933707364,0.876079470913139,0.6533364665797594
calibration,spn_null,10,bit_a118_d118_off+000,6,160000,159403,0.99626875,0.99609375,0.27035196939762784,0.9959576990433774,0.9965615989186398,0.876079470913139,0.5452476693733671
calibration,spn_null,10,bit_a118_d118_off+000,7,160000,159358,0.9959875,0.99609375,0.49560258495764375,0.9956654505572808,0.9962913664700027,0.876079470913139,0.7522189431768189
calibration,spn_null,10,bit_a118_d118_off+000,8,160000,159354,0.9959625,0.99609375,0.39992260533754054,0.9956394920557589,0.9962673266213062,0.876079470913139,0.6855816091500695
calibration,spn_null,10,bit_a118_d118_off+000,9,160000,159385,0.99615625,0.99609375,0.7034055381161318,0.9958407510047157,0.9964535546994084,0.9378740508215091,0.8701924182879982
calibration,spn_null,10,bit_a118_d118_off+000,10,160000,159408,0.9963,0.99609375,0.19267082946836656,0.9959901965959574,0.9965915991861127,0.876079470913139,0.4430275360230704
calibration,spn_null,10,bit_a118_d118_off+000,11,160000,159392,0.9962,0.99609375,0.5084258875453176,0.995886222877429,0.9964955798351055,0.876079470913139,0.763832319316909
calibration,spn_null,10,bit_a118_d118_off+000,12,160000,159403,0.99626875,0.99609375,0.27035196939762784,0.9959576990433774,0.9965615989186398,0.876079470913139,0.5452476693733671
calibration,spn_null,10,bit_a118_d118_off+000,13,160000,159372,0.996075,0.99609375,0.904284411952708,0.995756329319074,0.9963754818785991,0.9815402416658473,0.9688761556636157
calibration,spn_null,10,bit_a118_d118_off+000,14,160000,159378,0.9961125,0.99609375,0.9201939765617319,0.9957952890086983,0.9964115196633604,0.9815402416658473,0.9745021704349284
calibration,spn_null,10,bit_a118_d118_off+000,15,160000,159393,0.99620625,0.99609375,0.4830695928250653,0.9958927196753679,0.9965015826078262,0.876079470913139,0.7473760017922042
calibration,spn_null,10,bytepos_ab15_db15_a07_d10_off+00,0,160000,159393,0.99620625,0.99609375,0.4830695928250653,0.9958927196753679,0.9965015826078262,0.98401318155977,0.7473760017922042
calibration,spn_null,10,bytepos_ab15_db15_a07_d10_off+00,1,160000,159376,0.9961,0.99609375,0.98401318155977,0.9957823016578018,0.9963995078579856,0.98401318155977,0.9959437578253866
calibration,spn_null,10,bytepos_ab15_db15_a07_d10_off+00,2,160000,159360,0.996,0.99609375,0.5476687068590793,0.9956784309405377,0.9963033852592592,0.98401318155977,0.7870688002765212
calibration,spn_null,10,bytepos_ab15_db15_a07_d10_off+00,3,160000,159377,0.99610625,0.99609375,0.9520651830367521,0.9957887952343962,0.9964055138597604,0.98401318155977,0.9875554572828548
calibration,spn_null,10,bytepos_ab15_db15_a07_d10_off+00,4,160000,159395,0.99621875,0.99609375,0.43448307620013293,0.9959057138883544,0.9965135875346601,0.98401318155977,0.7172893433398584
calibration,spn_null,10,bytepos_ab15_db15_a07_d10_off+00,5,160000,159438,0.9964875,0.99609375,0.010918002965150319,0.9961852963550181,0.9967714860584922,0.1746880474424051,0.03652014929109514
calibration,spn_null,10,bytepos_ab15_db15_a07_d10_off+00,6,160000,159371,0.99606875,0.99609375,0.8726175464058323,0.9957498367239649,0.9963694748930294,0.98401318155977,0.9530294022179738
calibration,spn_null,10,bytepos_ab15_db15_a07_d10_off+00,7,160000,159360,0.996,0.99609375,0.5476687068590793,0.9956784309405377,0.9963033852592592,0.98401318155977,0.7870688002765212
calibration,spn_null,10,bytepos_ab15_db15_a07_d10_off+00,8,160000,159386,0.9961625,0.99609375,0.6738967836523793,0.9958472463779195,0.9964595589002986,0.98401318155977,0.8591512779631927
calibration,spn_null,10,bytepos_ab15_db15_a07_d10_off+00,9,160000,159384,0.99615,0.99609375,0.7333675617740207,0.9958342558330691,0.9964475502964784,0.98401318155977,0.8878094064351323
calibration,spn_null,10,bytepos_ab15_db15_a07_d10_off+00,10,160000,159363,0.99601875,0.99609375,0.6305127956476326,0.995697902940957,0.9963214120143271,0.98401318155977,0.8354620894709832
calibration,spn_null,10,bytepos_ab15_db15_a07_d10_off+00,11,160000,159369,0.99605625,0.99609375,0.8099411343643885,0.9957368521179853,0.9963574603362844,0.98401318155977,0.9261983192255069
calibration,spn_null,10,bytepos_ab15_db15_a07_d10_off+00,12,160000,159368,0.99605,0.99609375,0.7790281523722418,0.9957303601061935,0.9963514527660337,0.98401318155977,0.9153819171081421
calibration,spn_null,10,bytepos_ab15_db15_a07_d10_off+00,13,160000,159401,0.99625625,0.99609375,0.3067476122713609,0.9959447015009065,0.9965495973294358,0.98401318155977,0.5919149905135808
calibration,spn_null,10,bytepos_ab15_db15_a07_d10_off+00,14,160000,159349,0.99593125,0.99609375,0.2973322516553708,0.9956070481398528,0.9962372725898415,0.98401318155977,0.5825284930390938
calibration,spn_null,10,bytepos_ab15_db15_a07_d10_off+00,15,160000,159357,0.99598125,0.99609375,0.47059649279436977,0.9956589606494335,0.996285356790942,0.98401318155977,0.7363857099960799
calibration,spn_null,10,value_b00_a07_d10,0,160000,159369,0.99605625,0.99609375,0.8099411343643885,0.9957368521179853,0.9963574603362844,0.8411534940380374,0.9261983192255069
calibration,spn_null,10,value_b00_a07_d10,1,160000,159398,0.9962375,0.99609375,0.3671614830414377,0.995925206758233,0.9965315933707364,0.7343229660828754,0.6533364665797594
calibration,spn_null,10,value_b00_a07_d10,2,160000,159350,0.9959375,0.99609375,0.3163002116891125,0.9956135365510194,0.9962432837689935,0.7229719124322571,0.5989116434350059
calibration,spn_null,10,value_b00_a07_d10,3,160000,159360,0.996,0.99609375,0.5476687068590793,0.9956784309405377,0.9963033852592592,0.8358974206619325,0.7870688002765212
calibration,spn_null,10,value_b00_a07_d10,4,160000,159343,0.99589375,0.99609375,0.1996165534480121,0.9955681215463325,0.9962012016327074,0.5512645665758747,0.45196200780681983
calibration,spn_null,10,value_b00_a07_d10,5,160000,159331,0.99581875,0.99609375,0.08120153140152415,0.9954902879960514,0.9961290400377788,0.5512645665758747,0.23200437543292615
calibration,spn_null,10,value_b00_a07_d10,6,160000,159343,0.99589375,0.99609375,0.1996165534480121,0.9955681215463325,0.9962012016327074,0.5512645665758747,0.45196200780681983
calibration,spn_null,10,value_b00_a07_d10,7,160000,159367,0.99604375,0.99609375,0.748460820632805,0.9957238682879227,0.9963454450018108,0.8411534940380374,0.8942406817765934
calibration,spn_null,10,value_b00_a07_d10,8,160000,159422,0.9963875,0.99609375,0.059588385203322686,0.9960812183377172,0.9966755712689978,0.5512645665758747,0.17848627081182458
calibration,spn_null,10,value_b00_a07_d10,9,160000,159366,0.9960375,0.99609375,0.7182837924895307,0.995717376662717,0.9963394370440737,0.8411534940380374,0.8800924579322902
calibration,spn_null,10,value_b00_a07_d10,10,160000,159387,0.99616875,0.99609375,0.6448810532822427,0.9958537419531708,0.9964655628986566,0.8411534940380374,0.8440161024552869
calibration,spn_null,10,value_b00_a07_d10,11,160000,159361,0.99600625,0.99609375,0.5746794767050786,0.9956849214168292,0.9963093943685695,0.8358974206619325,0.806567686603619
calibration,spn_null,10,value_b00_a07_d10,12,160000,159407,0.99629375,0.99609375,0.20672421246595302,0.9959836966608732,0.996585599558239,0.5512645665758747,0.4604530022443501
calibration,spn_null,10,value_b00_a07_d10,13,160000,159370,0.9960625,0.99609375,0.8411534940380374,0.995743344323756,0.9963634677121034,0.8411534940380374,0.9427990125820385
calibration,spn_null,10,value_b00_a07_d10,14,160000,159413,0.99633125,0.99609375,0.13278903715571136,0.9960226994825058,0.9966215941063478,0.5512645665758747,0.34268138620828736
calibration,spn_null,10,value_b00_a07_d10,15,160000,159390,0.9961875,0.99609375,0.5611553143204794,0.995873229896139,0.9964835736735886,0.8358974206619325,0.7939706731726752
calibration,spn_null,10,value_b00_a0F_dF0,0,160000,159374,0.9960875,0.99609375,0.968026463428358,0.9957693150958465,0.9963874952618075,0.968026463428358,0.9886227711608762
calibration,spn_null,10,value_b00_a0F_dF0,1,160000,159388,0.996175,0.99609375,0.6163958739378903,0.9958602377309614,0.9964715666939887,0.8553837950089199,0.8276084461263982
calibration,spn_null,10,value_b00_a0F_dF0,2,160000,159393,0.99620625,0.99609375,0.4830695928250653,0.9958927196753679,0.9965015826078262,0.8553837950089199,0.7473760017922042
calibration,spn_null,10,value_b00_a0F_dF0,3,160000,159339,0.99586875,0.99609375,0.14903814229324908,0.9955421741423356,0.99617715066139,0.7948700922306617,0.37018529521738447
calibration,spn_null,10,value_b00_a0F_dF0,4,160000,159373,0.99608125,0.99609375,0.9361042439484883,0.9957628221095461,0.9963814886683475,0.968026463428358,0.9810699499896821
calibration,spn_null,10,value_b00_a0F_dF0,5,160000,159358,0.9959875,0.99609375,0.49560258495764375,0.9956654505572808,0.9962913664700027,0.8553837950089199,0.7522189431768189
calibration,spn_null,10,value_b00_a0F_dF0,6,160000,159424,0.9964,0.99609375,0.04952251858918759,0.9960942249454944,0.9966875637701657,0.3961801487135007,0.15140642625993658
calibration,spn_null,10,value_b00_a0F_dF0,7,160000,159394,0.9962125,0.99609375,0.45841564590470885,0.9958992166788408,0.9965075851745139,0.8553837950089199,0.7298159536791384
calibration,spn_null,10,value_b00_a0F_dF0,8,160000,159354,0.9959625,0.99609375,0.39992260533754054,0.9956394920557589,0.9962673266213062,0.8553837950089199,0.6855816091500695
calibration,spn_null,10,value_b00_a0F_dF0,9,160000,159385,0.99615625,0.99609375,0.7034055381161318,0.9958407510047157,0.9964535546994084,0.8553837950089199,0.8701924182879982
calibration,spn_null,10,value_b00_a0F_dF0,10,160000,159356,0.995975,0.99609375,0.4463032151466413,0.9956524709301883,0.9962793469228468,0.8553837950089199,0.7176735117935941
calibration,spn_null,10,value_b00_a0F_dF0,11,160000,159367,0.99604375,0.99609375,0.748460820632805,0.9957238682879227,0.9963454450018108,0.8553837950089199,0.8942406817765934
calibration,spn_null,10,value_b00_a0F_dF0,12,160000,159365,0.99603125,0.99609375,0.6885399078547646,0.9957108852301221,0.9963334288932781,0.8553837950089199,0.8617970163501617
calibration,spn_null,10,value_b00_a0F_dF0,13,160000,159325,0.99578125,0.99609375,0.04722500521690716,0.9954513808641076,0.9960929495758168,0.3961801487135007,0.14577493571778416
calibration,spn_null,10,value_b00_a0F_dF0,14,160000,159365,0.99603125,0.99609375,0.6885399078547646,0.9957108852301221,0.9963334288932781,0.8553837950089199,0.8617970163501617
calibration,spn_null,10,value_b00_a0F_dF0,15,160000,159392,0.9962,0.99609375,0.5084258875453176,0.995886222877429,0.9964955798351055,0.8553837950089199,0.763832319316909
calibration,spn_null,12,bit_a019_d019_off+000,0,160000,159401,0.99625625,0.99609375,0.3067476122713609,0.9959447015009065,0.9965495973294358,0.710973520600072,0.5919149905135808
calibration,spn_null,12,bit_a019_d019_off+000,1,160000,159354,0.9959625,0.99609375,0.39992260533754054,0.9956394920557589,0.9962673266213062,0.710973520600072,0.6855816091500695
calibration,spn_null,12,bit_a019_d019_off+000,2,160000,159384,0.99615,0.99609375,0.7333675617740207,0.9958342558330691,0.9964475502964784,0.958803879842759,0.8878094064351323
calibration,spn_null,12,bit_a019_d019_off+000,3,160000,159365,0.99603125,0.99609375,0.6885399078547646,0.9957108852301221,0.9963334288932781,0.958803879842759,0.8617970163501617
calibration,spn_null,12,bit_a019_d019_off+000,4,160000,159375,0.99609375,0.99609375,1.0,0.9957758082784421,0.9963935016585105,1.0,1.0
calibration,spn_null,12,bit_a019_d019_off+000,5,160000,159340,0.995875,0.99609375,0.16065665549680855,0.9955486607208232,0.9961831636773398,0.6426266219872342,0.3899630575902306
calibration,spn_null,12,bit_a019_d019_off+000,6,160000,159389,0.99618125,0.99609375,0.5884764046808989,0.9958667337117855,0.9964775702857988,0.9415622474894383,0.8169737505331351
calibration,spn_null,12,bit_a019_d019_off+000,7,160000,159412,0.996325,0.99609375,0.1434403639144341,0.9960161984752378,0.9966155955533341,0.6426266219872342,0.3609508502171867
calibration,spn_null,12,bit_a019_d019_off+000,8,160000,159378,0.9961125,0.99609375,0.9201939765617319,0.9957952890086983,0.9964115196633604,1.0,0.9745021704349284
calibration,spn_null,12,bit_a019_d019_off+000,9,160000,159407,0.99629375,0.99609375,0.20672421246595302,0.9959836966608732,0.996585599558239,0.6615174798910497,0.4604530022443501
calibration,spn_null,12,bit_a019_d019_off+000,10,160000,159324,0.995775,0.99609375,0.042933551974619164,0.9954448969583586,0.9960869338812331,0.6426266219872342,0.13425475536037262
calibration,spn_null,12,bit_a019_d019_off+000,11,160000,159399,0.99624375,0.99609375,0.3462482639504865,0.9959317047970141,0.9965375948995916,0.710973520600072,0.634347964489441
calibration,spn_null,12,bit_a019_d019_off+000,12,160000,159398,0.9962375,0.99609375,0.3671614830414377,0.995925206758233,0.9965315933707364,0.710973520600072,0.6533364665797594
calibration,spn_null,12,bit_a019_d019_off+000,13,160000,159375,0.99609375,0.99609375,1.0,0.9957758082784421,0.9963935016585105,1.0,1.0
calibration,spn_null,12,bit_a019_d019_off+000,14,160000,159368,0.99605,0.99609375,0.7790281523722418,0.9957303601061935,0.9963514527660337,0.958803879842759,0.9153819171081421
calibration,spn_null,12,bit_a019_d019_off+000,15,160000,159413,0.99633125,0.99609375,0.13278903715571136,0.9960226994825058,0.9966215941063478,0.6426266219872342,0.34268138620828736
calibration,spn_null,12,bit_a044_d044_off+000,0,160000,159390,0.9961875,0.99609375,0.5611553143204794,0.995873229896139,0.9964835736735886,0.7482070857606392,0.7939706731726752
calibration,spn_null,12,bit_a044_d044_off+000,1,160000,159395,0.99621875,0.99609375,0.43448307620013293,0.9959057138883544,0.9965135875346601,0.7140851442346261,0.7172893433398584
calibration,spn_null,12,bit_a044_d044_off+000,2,160000,159364,0.996025,0.99609375,0.6592700130091702,0.9957043939896857,0.9963274205498786,0.7502992406572073,0.8483903652664925
calibration,spn_null,12,bit_a044_d044_off+000,3,160000,159390,0.9961875,0.99609375,0.5611553143204794,0.995873229896139,0.9964835736735886,0.7482070857606392,0.7939706731726752
calibration,spn_null,12,bit_a044_d044_off+000,4,160000,159380,0.996125,0.99609375,0.8568844719153044,0.9958082771523237,0.9964235306741286,0.8568844719153044,0.9477063283855901
calibration,spn_null,12,bit_a044_d044_off+000,5,160000,159332,0.995825,0.99609375,0.08482141029892074,0.9954967731379427,0.99613505449351,0.45238085492757724,0.24091288132237842
calibration,spn_null,12,bit_a044_d044_off+000,6,160000,159356,0.995975,0.99609375,0.4463032151466413,0.9956524709301883,0.9962793469228468,0.7140851442346261,0.7176735117935941
calibration,spn_null,12,bit_a044_d044_off+000,7,160000,159396,0.996225,0.99609375,0.411288079377106,0.9959122113044169,0.996519589687755,0.7140851442346261,0.6982078801096759
calibration,spn_null,12,bit_a044_d044_off+000,8,160000,159343,0.99589375,0.99609375,0.1996165534480121,0.9955681215463325,0.9962012016327074,0.7140851442346261,0.45196200780681983
calibration,spn_null,12,bit_a044_d044_off+000,9,160000,159355,0.99596875,0.99609375,0.4227403369357625,0.9956459813991084,0.996273336866156,0.7140851442346261,0.7076385762133078
calibration,spn_null,12,bit_a044_d044_off+000,10,160000,159385,0.99615625,0.99609375,0.7034055381161318,0.9958407510047157,0.9964535546994084,0.7502992406572073,0.8701924182879982
calibration,spn_null,12,bit_a044_d044_off+000,11,160000,159431,0.99644375,0.99609375,0.02477522033939568,0.9961397551043655,0.9967295304745728,0.39640352543033086,0.08048802546808749
calibration,spn_null,12,bit_a044_d044_off+000,12,160000,159365,0.99603125,0.99609375,0.6885399078547646,0.9957108852301221,0.9963334288932781,0.7502992406572073,0.8617970163501617
calibration,spn_null,12,bit_a044_d044_off+000,13,160000,159355,0.99596875,0.99609375,0.4227403369357625,0.9956459813991084,0.996273336866156,0.7140851442346261,0.7076385762133078
calibration,spn_null,12,bit_a044_d044_off+000,14,160000,159356,0.995975,0.99609375,0.4463032151466413,0.9956524709301883,0.9962793469228468,0.7140851442346261,0.7176735117935941
calibration,spn_null,12,bit_a044_d044_off+000,15,160000,159421,0.99638125,0.99609375,0.06522564248713436,0.9960747153657834,0.9966695746856129,0.45238085492757724,0.19237055848740087
calibration,spn_null,12,bit_a068_d068_off+000,0,160000,159338,0.9958625,0.99609375,0.13807275499885951,0.9955356877448389,0.9961711374640457,0.6491683129405691,0.3515911002623478
calibration,spn_null,12,bit_a068_d068_off+000,1,160000,159399,0.99624375,0.99609375,0.3462482639504865,0.9959317047970141,0.9965375948995916,0.6491683129405691,0.634347964489441
calibration,spn_null,12,bit_a068_d068_off+000,2,160000,159395,0.99621875,0.99609375,0.43448307620013293,0.9959057138883544,0.9965135875346601,0.6491683129405691,0.7172893433398584
calibration,spn_null,12,bit_a068_d068_off+000,3,160000,159388,0.996175,0.99609375,0.6163958739378903,0.9958602377309614,0.9964715666939887,0.8218611652505204,0.8276084461263982
calibration,spn_null,12,bit_a068_d068_off+000,4,160000,159381,0.99613125,0.99609375,0.825545676953505,0.9958147715226021,0.9964295358803383,0.825545676953505,0.9351313862836163
calibration,spn_null,12,bit_a068_d068_off+000,5,160000,159381,0.99613125,0.99609375,0.825545676953505,0.9958147715226021,0.9964295358803383,0.825545676953505,0.9351313862836163
calibration,spn_null,12,bit_a068_d068_off+000,6,160000,159365,0.99603125,0.99609375,0.6885399078547646,0.9957108852301221,0.9963334288932781,0.825545676953505,0.8617970163501617
calibration,spn_null,12,bit_a068_d068_off+000,7,160000,159411,0.99631875,0.99609375,0.1547351446731544,0.9960096976834938,0.9966095967842568,0.6491683129405691,0.380398819170879
calibration,spn_null,12,bit_a068_d068_off+000,8,160000,159395,0.99621875,0.99609375,0.43448307620013293,0.9959057138883544,0.9965135875346601,0.6491683129405691,0.7172893433398584
calibration,spn_null,12,bit_a068_d068_off+000,9,160000,159402,0.9962625,0.99609375,0.28816260786621706,0.9959512001670582,0.9965555982293803,0.6491683129405691,0.5703837186630276
calibration,spn_null,12,bit_a068_d068_off+000,10,160000,159395,0.99621875,0.99609375,0.43448307620013293,0.9959057138883544,0.9965135875346601,0.6491683129405691,0.7172893433398584
calibration,spn_null,12,bit_a068_d068_off+000,11,160000,159356,0.995975,0.99609375,0.4463032151466413,0.9956524709301883,0.9962793469228468,0.6491683129405691,0.7176735117935941
calibration,spn_null,12,bit_a068_d068_off+000,12,160000,159382,0.9961375,0.99609375,0.7944822125859358,0.9958212660924974,0.9964355408864563,0.825545676953505,0.921138797201085
calibration,spn_null,12,bit_a068_d068_off+000,13,160000,159395,0.99621875,0.99609375,0.43448307620013293,0.9959057138883544,0.9965135875346601,0.6491683129405691,0.7172893433398584
calibration,spn_null,12,bit_a068_d068_off+000,14,160000,159356,0.995975,0.99609375,0.4463032151466413,0.9956524709301883,0.9962793469228468,0.6491683129405691,0.7176735117935941
calibration,spn_null,12,bit_a068_d068_off+000,15,160000,159327,0.99579375,0.99609375,0.05689574259212015,0.9954643492022518,0.9961049804371879,0.6491683129405691,0.17122229745591017
calibration,spn_null,12,bit_a093_d093_off+000,0,160000,159386,0.9961625,0.99609375,0.6738967836523793,0.9958472463779195,0.9964595589002986,0.7188232358958712,0.8591512779631927
calibration,spn_null,12,bit_a093_d093_off+000,1,160000,159387,0.99616875,0.99609375,0.6448810532822427,0.9958537419531708,0.9964655628986566,0.7188232358958712,0.8440161024552869
calibration,spn_null,12,bit_a093_d093_off+000,2,160000,159411,0.99631875,0.99609375,0.1547351446731544,0.9960096976834938,0.9966095967842568,0.4126270524617451,0.380398819170879
calibration,spn_null,12,bit_a093_d093_off+000,3,160000,159394,0.9962125,0.99609375,0.45841564590470885,0.9958992166788408,0.9965075851745139,0.6112208612062785,0.7298159536791384
calibration,spn_null,12,bit_a093_d093_off+000,4,160000,159354,0.9959625,0.99609375,0.39992260533754054,0.9956394920557589,0.9962673266213062,0.6112208612062785,0.6855816091500695
calibration,spn_null,12,bit_a093_d093_off+000,5,160000,159439,0.99649375,0.99609375,0.009724754203267657,0.9961918031654005,0.9967774787935108,0.1555960672522825,0.032757066789954215
calibration,spn_null,12,bit_a093_d093_off+000,6,160000,159424,0.9964,0.99609375,0.04952251858918759,0.9960942249454944,0.9966875637701657,0.2641200991423338,0.15140642625993658
calibration,spn_null,12,bit_a093_d093_off+000,7,160000,159408,0.9963,0.99609375,0.19267082946836656,0.9959901965959574,0.9965915991861127,0.4403904673562664,0.4430275360230704
calibration,spn_null,12,bit_a093_d093_off+000,8,160000,159331,0.99581875,0.99609375,0.08120153140152415,0.9954902879960514,0.9961290400377788,0.28301999492722274,0.23200437543292615
calibration,spn_null,12,bit_a093_d093_off+000,9,160000,159425,0.99640625,0.99609375,0.04505027622815881,0.9961007285824844,0.996693559686797,0.2641200991423338,0.14041644538646902
calibration,spn_null,12,bit_a093_d093_off+000,10,160000,159395,0.99621875,0.99609375,0.43448307620013293,0.9959057138883544,0.9965135875346601,0.6112208612062785,0.7172893433398584
calibration,spn_null,12,bit_a093_d093_off+000,11,160000,159387,0.99616875,0.99609375,0.6448810532822427,0.9958537419531708,0.9964655628986566,0.7188232358958712,0.8440161024552869
calibration,spn_null,12,bit_a093_d093_off+000,12,160000,159418,0.9963625,0.99609375,0.0884437484147571,0.9960552077709716,0.9966515836111126,0.28301999492722274,0.24862664268862905
calibration,spn_null,12,bit_a093_d093_off+000,13,160000,159402,0.9962625,0.99609375,0.28816260786621706,0.9959512001670582,0.9965555982293803,0.5763252157324341,0.5703837186630276
calibration,spn_null,12,bit_a093_d093_off+000,14,160000,159356,0.995975,0.99609375,0.4463032151466413,0.9956524709301883,0.9962793469228468,0.6112208612062785,0.7176735117935941
calibration,spn_null,12,bit_a093_d093_off+000,15,160000,159368,0.99605,0.99609375,0.7790281523722418,0.9957303601061935,0.9963514527660337,0.7790281523722418,0.9153819171081421
calibration,spn_null,12,bit_a118_d118_off+000,0,160000,159386,0.9961625,0.99609375,0.6738967836523793,0.9958472463779195,0.9964595589002986,0.9520651830367521,0.8591512779631927
calibration,spn_null,12,bit_a118_d118_off+000,1,160000,159347,0.99591875,0.99609375,0.2617210895855886,0.99559407187256,0.9962252496752418,0.7914246033153978,0.5334442590279513
calibration,spn_null,12,bit_a118_d118_off+000,2,160000,159300,0.995625,0.99609375,0.0030143361934619932,0.9952893348608448,0.9959425054594582,0.04822937909539189,0.010427973858463111
calibration,spn_null,12,bit_a118_d118_off+000,3,160000,159347,0.99591875,0.99609375,0.2617210895855886,0.99559407187256,0.9962252496752418,0.7914246033153978,0.5334442590279513
calibration,spn_null,12,bit_a118_d118_off+000,4,160000,159377,0.99610625,0.99609375,0.9520651830367521,0.9957887952343962,0.9964055138597604,0.9520651830367521,0.9875554572828548
calibration,spn_null,12,bit_a118_d118_off+000,5,160000,159379,0.99611875,0.99609375,0.8884503477324643,0.9958017829811817,0.9964175252683092,0.9520651830367521,0.9594064497448435
calibration,spn_null,12,bit_a118_d118_off+000,6,160000,159364,0.996025,0.99609375,0.6592700130091702,0.9957043939896857,0.9963274205498786,0.9520651830367521,0.8483903652664925
calibration,spn_null,12,bit_a118_d118_off+000,7,160000,159401,0.99625625,0.99609375,0.3067476122713609,0.9959447015009065,0.9965495973294358,0.7914246033153978,0.5919149905135808
calibration,spn_null,12,bit_a118_d118_off+000,8,160000,159365,0.99603125,0.99609375,0.6885399078547646,0.9957108852301221,0.9963334288932781,0.9520651830367521,0.8617970163501617
calibration,spn_null,12,bit_a118_d118_off+000,9,160000,159335,0.99584375,0.99609375,0.10889042149329917,0.9955162296342249,0.9961530967877319,0.629440774757215,0.2936370916673236
calibration,spn_null,12,bit_a118_d118_off+000,10,160000,159336,0.99585,0.99609375,0.11802014526697782,0.9955227154911891,0.9961591105268097,0.629440774757215,0.31126192158323823
calibration,spn_null,12,bit_a118_d118_off+000,11,160000,159395,0.99621875,0.99609375,0.43448307620013293,0.9959057138883544,0.9965135875346601,0.8689661524002659,0.7172893433398584
calibration,spn_null,12,bit_a118_d118_off+000,12,160000,159399,0.99624375,0.99609375,0.3462482639504865,0.9959317047970141,0.9965375948995916,0.7914246033153978,0.634347964489441
calibration,spn_null,12,bit_a118_d118_off+000,13,160000,159384,0.99615,0.99609375,0.7333675617740207,0.9958342558330691,0.9964475502964784,0.9520651830367521,0.8878094064351323
calibration,spn_null,12,bit_a118_d118_off+000,14,160000,159372,0.996075,0.99609375,0.904284411952708,0.995756329319074,0.9963754818785991,0.9520651830367521,0.9688761556636157
calibration,spn_null,12,bit_a118_d118_off+000,15,160000,159381,0.99613125,0.99609375,0.825545676953505,0.9958147715226021,0.9964295358803383,0.9520651830367521,0.9351313862836163
calibration,spn_null,12,bytepos_ab15_db15_a07_d10_off+00,0,160000,159369,0.99605625,0.99609375,0.8099411343643885,0.9957368521179853,0.9963574603362844,0.8639372099886811,0.9261983192255069
calibration,spn_null,12,bytepos_ab15_db15_a07_d10_off+00,1,160000,159362,0.9960125,0.99609375,0.6023046362527831,0.9956914120834872,0.9963154032870745,0.8114092467805172,0.8236644598328658
calibration,spn_null,12,bytepos_ab15_db15_a07_d10_off+00,2,160000,159338,0.9958625,0.99609375,0.13807275499885951,0.9955356877448389,0.9961711374640457,0.5737614556577364,0.3515911002623478
calibration,spn_null,12,bytepos_ab15_db15_a07_d10_off+00,3,160000,159404,0.996275,0.99609375,0.2533108709405798,0.9959641981303896,0.9965675993966865,0.578996276435611,0.5224026554306264
calibration,spn_null,12,bytepos_ab15_db15_a07_d10_off+00,4,160000,159389,0.99618125,0.99609375,0.5884764046808989,0.9958667337117855,0.9964775702857988,0.8114092467805172,0.8169737505331351
calibration,spn_null,12,bytepos_ab15_db15_a07_d10_off+00,5,160000,159405,0.99628125,0.99609375,0.23703227797610793,0.9959706974286225,0.9965735996629903,0.578996276435611,0.49792338480757903
calibration,spn_null,12,bytepos_ab15_db15_a07_d10_off+00,6,160000,159363,0.99601875,0.99609375,0.6305127956476326,0.995697902940957,0.9963214120143271,0.8114092467805172,0.8354620894709832
calibration,spn_null,12,bytepos_ab15_db15_a07_d10_off+00,7,160000,159358,0.9959875,0.99609375,0.49560258495764375,0.9956654505572808,0.9962913664700027,0.8114092467805172,0.7522189431768189
calibration,spn_null,12,bytepos_ab15_db15_a07_d10_off+00,8,160000,159328,0.9958,0.99609375,0.06231821947678414,0.9954708336354253,0.9961109956031942,0.49854575581427313,0.18521823745421911
calibration,spn_null,12,bytepos_ab15_db15_a07_d10_off+00,9,160000,159346,0.9959125,0.99609375,0.2450681543952868,0.9955875840155882,0.9962192379406428,0.578996276435611,0.511446583085816
calibration,spn_null,12,bytepos_ab15_db15_a07_d10_off+00,10,160000,159384,0.99615,0.99609375,0.7333675617740207,0.9958342558330691,0.9964475502964784,0.8381343563131666,0.8878094064351323
calibration,spn_null,12,bytepos_ab15_db15_a07_d10_off+00,11,160000,159412,0.996325,0.99609375,0.1434403639144341,0.9960161984752378,0.9966155955533341,0.5737614556577364,0.3609508502171867
calibration,spn_null,12,bytepos_ab15_db15_a07_d10_off+00,12,160000,159423,0.99639375,0.99609375,0.054361354367768344,0.9960877215307635,0.9966815676307069,0.49854575581427313,0.16462744540396723
calibration,spn_null,12,bytepos_ab15_db15_a07_d10_off+00,13,160000,159364,0.996025,0.99609375,0.6592700130091702,0.9957043939896857,0.9963274205498786,0.8114092467805172,0.8483903652664925
calibration,spn_null,12,bytepos_ab15_db15_a07_d10_off+00,14,160000,159379,0.99611875,0.99609375,0.8884503477324643,0.9958017829811817,0.9964175252683092,0.8884503477324643,0.9594064497448435
calibration,spn_null,12,bytepos_ab15_db15_a07_d10_off+00,15,160000,159389,0.99618125,0.99609375,0.5884764046808989,0.9958667337117855,0.9964775702857988,0.8114092467805172,0.8169737505331351
calibration,spn_null,12,value_b00_a07_d10,0,160000,159390,0.9961875,0.99609375,0.5611553143204794,0.995873229896139,0.9964835736735886,0.8474476934249981,0.7939706731726752
calibration,spn_null,12,value_b00_a07_d10,1,160000,159390,0.9961875,0.99609375,0.5611553143204794,0.995873229896139,0.9964835736735886,0.8474476934249981,0.7939706731726752
calibration,spn_null,12,value_b00_a07_d10,2,160000,159388,0.996175,0.99609375,0.6163958739378903,0.9958602377309614,0.9964715666939887,0.8474476934249981,0.8276084461263982
calibration,spn_null,12,value_b00_a07_d10,3,160000,159401,0.99625625,0.99609375,0.3067476122713609,0.9959447015009065,0.9965495973294358,0.7011373994773963,0.5919149905135808
calibration,spn_null,12,value_b00_a07_d10,4,160000,159410,0.9963125,0.99609375,0.16669297883600925,0.9960031971067277,0.9966035977996639,0.7011373994773963,0.39906548549269044
calibration,spn_null,12,value_b00_a07_d10,5,160000,159373,0.99608125,0.99609375,0.9361042439484883,0.9957628221095461,0.9963814886683475,0.9361042439484883,0.9810699499896821
calibration,spn_null,12,value_b00_a07_d10,6,160000,159403,0.99626875,0.99609375,0.27035196939762784,0.9959576990433774,0.9965615989186398,0.7011373994773963,0.5452476693733671
calibration,spn_null,12,value_b00_a07_d10,7,160000,159390,0.9961875,0.99609375,0.5611553143204794,0.995873229896139,0.9964835736735886,0.8474476934249981,0.7939706731726752
calibration,spn_null,12,value_b00_a07_d10,8,160000,159336,0.99585,0.99609375,0.11802014526697782,0.9955227154911891,0.9961591105268097,0.7011373994773963,0.31126192158323823
calibration,spn_null,12,value_b00_a07_d10,9,160000,159403,0.99626875,0.99609375,0.27035196939762784,0.9959576990433774,0.9965615989186398,0.7011373994773963,0.5452476693733671
calibration,spn_null,12,value_b00_a07_d10,10,160000,159382,0.9961375,0.99609375,0.7944822125859358,0.9958212660924974,0.9964355408864563,0.8474476934249981,0.921138797201085
calibration,spn_null,12,value_b00_a07_d10,11,160000,159367,0.99604375,0.99609375,0.748460820632805,0.9957238682879227,0.9963454450018108,0.8474476934249981,0.8942406817765934
calibration,spn_null,12,value_b00_a07_d10,12,160000,159409,0.99630625,0.99609375,0.17933242110671713,0.995996696744396,0.9965975986001014,0.7011373994773963,0.42041300186190095
calibration,spn_null,12,value_b00_a07_d10,13,160000,159344,0.9959,0.99609375,0.21402697797284306,0.9955746088528924,0.9962072139189562,0.7011373994773963,0.46856533376038617
calibration,spn_null,12,value_b00_a07_d10,14,160000,159387,0.99616875,0.99609375,0.6448810532822427,0.9958537419531708,0.9964655628986566,0.8474476934249981,0.8440161024552869
calibration,spn_null,12,value_b00_a07_d10,15,160000,159382,0.9961375,0.99609375,0.7944822125859358,0.9958212660924974,0.9964355408864563,0.8474476934249981,0.921138797201085
calibration,spn_null,12,value_b00_a0F_dF0,0,160000,159364,0.996025,0.99609375,0.6592700130091702,0.9957043939896857,0.9963274205498786,0.7869027518340167,0.8483903652664925
calibration,spn_null,12,value_b00_a0F_dF0,1,160000,159374,0.9960875,0.99609375,0.968026463428358,0.9957693150958465,0.9963874952618075,0.968026463428358,0.9886227711608762
calibration,spn_null,12,value_b00_a0F_dF0,2,160000,159417,0.99635625,0.99609375,0.09619803813209854,0.9960487056778148,0.9966455861467214,0.6134952245427218,0.26652270304996994
calibration,spn_null,12,value_b00_a0F_dF0,3,160000,159359,0.99599375,0.99609375,0.521301069631201,0.9956719406541688,0.9962973759595891,0.71261690292181,0.7752889649046522
calibration,spn_null,12,value_b00_a0F_dF0,4,160000,159405,0.99628125,0.99609375,0.23703227797610793,0.9959706974286225,0.9965735996629903,0.6134952245427218,0.49792338480757903
calibration,spn_null,12,value_b00_a0F_dF0,5,160000,159354,0.9959625,0.99609375,0.39992260533754054,0.9956394920557589,0.9962673266213062,0.710973520600072,0.6855816091500695
calibration,spn_null,12,value_b00_a0F_dF0,6,160000,159339,0.99586875,0.99609375,0.14903814229324908,0.9955421741423356,0.99617715066139,0.6134952245427218,0.37018529521738447
calibration,spn_null,12,value_b00_a0F_dF0,7,160000,159359,0.99599375,0.99609375,0.521301069631201,0.9956719406541688,0.9962973759595891,0.71261690292181,0.7752889649046522
calibration,spn_null,12,value_b00_a0F_dF0,8,160000,159401,0.99625625,0.99609375,0.3067476122713609,0.9959447015009065,0.9965495973294358,0.6134952245427218,0.5919149905135808
calibration,spn_null,12,value_b00_a0F_dF0,9,160000,159410,0.9963125,0.99609375,0.16669297883600925,0.9960031971067277,0.9966035977996639,0.6134952245427218,0.39906548549269044
calibration,spn_null,12,value_b00_a0F_dF0,10,160000,159417,0.99635625,0.99609375,0.09619803813209854,0.9960487056778148,0.9966455861467214,0.6134952245427218,0.26652270304996994
calibration,spn_null,12,value_b00_a0F_dF0,11,160000,159378,0.9961125,0.99609375,0.9201939765617319,0.9957952890086983,0.9964115196633604,0.968026463428358,0.9745021704349284
calibration,spn_null,12,value_b00_a0F_dF0,12,160000,159345,0.99590625,0.99609375,0.22917350277737814,0.9955810963425052,0.9962132260217409,0.6134952245427218,0.48781942941526163
calibration,spn_null,12,value_b00_a0F_dF0,13,160000,159403,0.99626875,0.99609375,0.27035196939762784,0.9959576990433774,0.9965615989186398,0.6134952245427218,0.5452476693733671
calibration,spn_null,12,value_b00_a0F_dF0,14,160000,159365,0.99603125,0.99609375,0.6885399078547646,0.9957108852301221,0.9963334288932781,0.7869027518340167,0.8617970163501617
calibration,spn_null,12,value_b00_a0F_dF0,15,160000,159391,0.99619375,0.99609375,0.5344626771913575,0.9958797262845202,0.9964895768568584,0.71261690292181,0.7827371016074802
calibration,spn_null,14,bit_a019_d019_off+000,0,160000,159378,0.9961125,0.99609375,0.9201939765617319,0.9957952890086983,0.9964115196633604,0.968026463428358,0.9745021704349284
calibration,spn_null,14,bit_a019_d019_off+000,1,160000,159373,0.99608125,0.99609375,0.9361042439484883,0.9957628221095461,0.9963814886683475,0.968026463428358,0.9810699499896821
calibration,spn_null,14,bit_a019_d019_off+000,2,160000,159364,0.996025,0.99609375,0.6592700130091702,0.9957043939896857,0.9963274205498786,0.968026463428358,0.8483903652664925
calibration,spn_null,14,bit_a019_d019_off+000,3,160000,159355,0.99596875,0.99609375,0.4227403369357625,0.9956459813991084,0.996273336866156,0.8926064302932826,0.7076385762133078
calibration,spn_null,14,bit_a019_d019_off+000,4,160000,159362,0.9960125,0.99609375,0.6023046362527831,0.9956914120834872,0.9963154032870745,0.968026463428358,0.8236644598328658
calibration,spn_null,14,bit_a019_d019_off+000,5,160000,159371,0.99606875,0.99609375,0.8726175464058323,0.9957498367239649,0.9963694748930294,0.968026463428358,0.9530294022179738
calibration,spn_null,14,bit_a019_d019_off+000,6,160000,159328,0.9958,0.99609375,0.06231821947678414,0.9954708336354253,0.9961109956031942,0.3323638372095154,0.18521823745421911
calibration,spn_null,14,bit_a019_d019_off+000,7,160000,159369,0.99605625,0.99609375,0.8099411343643885,0.9957368521179853,0.9963574603362844,0.968026463428358,0.9261983192255069
calibration,spn_null,14,bit_a019_d019_off+000,8,160000,159317,0.99573125,0.99609375,0.021177068958117835,0.9953995144975272,0.996044819129133,0.16941655166494268,0.06938561842932807
calibration,spn_null,14,bit_a019_d019_off+000,9,160000,159356,0.995975,0.99609375,0.4463032151466413,0.9956524709301883,0.9962793469228468,0.8926064302932826,0.7176735117935941
calibration,spn_null,14,bit_a019_d019_off+000,10,160000,159350,0.9959375,0.99609375,0.3163002116891125,0.9956135365510194,0.9962432837689935,0.8434672311709667,0.5989116434350059
calibration,spn_null,14,bit_a019_d019_off+000,11,160000,159402,0.9962625,0.99609375,0.28816260786621706,0.9959512001670582,0.9965555982293803,0.8434672311709667,0.5703837186630276
calibration,spn_null,14,bit_a019_d019_off+000,12,160000,159374,0.9960875,0.99609375,0.968026463428358,0.9957693150958465,0.9963874952618075,0.968026463428358,0.9886227711608762
calibration,spn_null,14,bit_a019_d019_off+000,13,160000,159370,0.9960625,0.99609375,0.8411534940380374,0.995743344323756,0.9963634677121034,0.968026463428358,0.9427990125820385
calibration,spn_null,14,bit_a019_d019_off+000,14,160000,159332,0.995825,0.99609375,0.08482141029892074,0.9954967731379427,0.99613505449351,0.33928564119568294,0.24091288132237842
calibration,spn_null,14,bit_a019_d019_off+000,15,160000,159316,0.995725,0.99609375,0.01903422910151848,0.9953930319813198,0.9960388020419949,0.16941655166494268,0.06268562585748796
calibration,spn_null,14,bit_a044_d044_off+000,0,160000,159367,0.99604375,0.99609375,0.748460820632805,0.9957238682879227,0.9963454450018108,0.9520651830367521,0.8942406817765934
calibration,spn_null,14,bit_a044_d044_off+000,1,160000,159344,0.9959,0.99609375,0.21402697797284306,0.9955746088528924,0.9962072139189562,0.6848863295130978,0.46856533376038617
calibration,spn_null,14,bit_a044_d044_off+000,2,160000,159360,0.996,0.99609375,0.5476687068590793,0.9956784309405377,0.9963033852592592,0.9520651830367521,0.7870688002765212
calibration,spn_null,14,bit_a044_d044_off+000,3,160000,159379,0.99611875,0.99609375,0.8884503477324643,0.9958017829811817,0.9964175252683092,0.9520651830367521,0.9594064497448435
calibration,spn_null,14,bit_a044_d044_off+000,4,160000,159357,0.99598125,0.99609375,0.47059649279436977,0.9956589606494335,0.996285356790942,0.9411929855887395,0.7363857099960799
calibration,spn_null,14,bit_a044_d044_off+000,5,160000,159377,0.99610625,0.99609375,0.9520651830367521,0.9957887952343962,0.9964055138597604,0.9520651830367521,0.9875554572828548
calibration,spn_null,14,bit_a044_d044_off+000,6,160000,159373,0.99608125,0.99609375,0.9361042439484883,0.9957628221095461,0.9963814886683475,0.9520651830367521,0.9810699499896821
calibration,spn_null,14,bit_a044_d044_off+000,7,160000,159370,0.9960625,0.99609375,0.8411534940380374,0.995743344323756,0.9963634677121034,0.9520651830367521,0.9427990125820385
calibration,spn_null,14,bit_a044_d044_off+000,8,160000,159408,0.9963,0.99609375,0.19267082946836656,0.9959901965959574,0.9965915991861127,0.6848863295130978,0.4430275360230704
calibration,spn_null,14,bit_a044_d044_off+000,9,160000,159351,0.99594375,0.99609375,0.33604567866258933,0.9956200251477654,0.9962492947621453,0.7681044083716327,0.6215873824972751
calibration,spn_null,14,bit_a044_d044_off+000,10,160000,159310,0.9956875,0.99609375,0.01029635774339923,0.9953541404827476,0.9960026959127612,0.16474172389438768,0.03456120081700441
calibration,spn_null,14,bit_a044_d044_off+000,11,160000,159327,0.99579375,0.99609375,0.05689574259212015,0.9954643492022518,0.9961049804371879,0.4551659407369612,0.17122229745591017
calibration,spn_null,14,bit_a044_d044_off+000,12,160000,159377,0.99610625,0.99609375,0.9520651830367521,0.9957887952343962,0.9964055138597604,0.9520651830367521,0.9875554572828548
calibration,spn_null,14,bit_a044_d044_off+000,13,160000,159414,0.9963375,0.99609375,0.12276067046858868,0.9960292007058458,0.9966275924427473,0.654723575832473,0.32068093510161944
calibration,spn_null,14,bit_a044_d044_off+000,14,160000,159351,0.99594375,0.99609375,0.33604567866258933,0.9956200251477654,0.9962492947621453,0.7681044083716327,0.6215873824972751
calibration,spn_null,14,bit_a044_d044_off+000,15,160000,159364,0.996025,0.99609375,0.6592700130091702,0.9957043939896857,0.9963274205498786,0.9520651830367521,0.8483903652664925
calibration,spn_null,14,bit_a068_d068_off+000,0,160000,159358,0.9959875,0.99609375,0.49560258495764375,0.9956654505572808,0.9962913664700027,0.9589382007406112,0.7522189431768189
calibration,spn_null,14,bit_a068_d068_off+000,1,160000,159397,0.99623125,0.99609375,0.3888440252169814,0.9959187089275388,0.9965255916332852,0.9589382007406112,0.6774777934814922
calibration,spn_null,14,bit_a068_d068_off+000,2,160000,159335,0.99584375,0.99609375,0.10889042149329917,0.9955162296342249,0.9961530967877319,0.9589382007406112,0.2936370916673236
calibration,spn_null,14,bit_a068_d068_off+000,3,160000,159393,0.99620625,0.99609375,0.4830695928250653,0.9958927196753679,0.9965015826078262,0.9589382007406112,0.7473760017922042
calibration,spn_null,14,bit_a068_d068_off+000,4,160000,159369,0.99605625,0.99609375,0.8099411343643885,0.9957368521179853,0.9963574603362844,0.968026463428358,0.9261983192255069
calibration,spn_null,14,bit_a068_d068_off+000,5,160000,159371,0.99606875,0.99609375,0.8726175464058323,0.9957498367239649,0.9963694748930294,0.968026463428358,0.9530294022179738
calibration,spn_null,14,bit_a068_d068_off+000,6,160000,159374,0.9960875,0.99609375,0.968026463428358,0.9957693150958465,0.9963874952618075,0.968026463428358,0.9886227711608762
calibration,spn_null,14,bit_a068_d068_off+000,7,160000,159371,0.99606875,0.99609375,0.8726175464058323,0.9957498367239649,0.9963694748930294,0.968026463428358,0.9530294022179738
calibration,spn_null,14,bit_a068_d068_off+000,8,160000,159393,0.99620625,0.99609375,0.4830695928250653,0.9958927196753679,0.9965015826078262,0.9589382007406112,0.7473760017922042
calibration,spn_null,14,bit_a068_d068_off+000,9,160000,159378,0.9961125,0.99609375,0.9201939765617319,0.9957952890086983,0.9964115196633604,0.968026463428358,0.9745021704349284
calibration,spn_null,14,bit_a068_d068_off+000,10,160000,159364,0.996025,0.99609375,0.6592700130091702,0.9957043939896857,0.9963274205498786,0.9589382007406112,0.8483903652664925
calibration,spn_null,14,bit_a068_d068_off+000,11,160000,159351,0.99594375,0.99609375,0.33604567866258933,0.9956200251477654,0.9962492947621453,0.9589382007406112,0.6215873824972751
calibration,spn_null,14,bit_a068_d068_off+000,12,160000,159351,0.99594375,0.99609375,0.33604567866258933,0.9956200251477654,0.9962492947621453,0.9589382007406112,0.6215873824972751
calibration,spn_null,14,bit_a068_d068_off+000,13,160000,159389,0.99618125,0.99609375,0.5884764046808989,0.9958667337117855,0.9964775702857988,0.9589382007406112,0.8169737505331351
calibration,spn_null,14,bit_a068_d068_off+000,14,160000,159357,0.99598125,0.99609375,0.47059649279436977,0.9956589606494335,0.996285356790942,0.9589382007406112,0.7363857099960799
calibration,spn_null,14,bit_a068_d068_off+000,15,160000,159388,0.996175,0.99609375,0.6163958739378903,0.9958602377309614,0.9964715666939887,0.9589382007406112,0.8276084461263982
calibration,spn_null,14,bit_a093_d093_off+000,0,160000,159372,0.996075,0.99609375,0.904284411952708,0.995756329319074,0.9963754818785991,0.9201939765617319,0.9688761556636157
calibration,spn_null,14,bit_a093_d093_off+000,1,160000,159404,0.996275,0.99609375,0.2533108709405798,0.9959641981303896,0.9965675993966865,0.9201939765617319,0.5224026554306264
calibration,spn_null,14,bit_a093_d093_off+000,2,160000,159397,0.99623125,0.99609375,0.3888440252169814,0.9959187089275388,0.9965255916332852,0.9201939765617319,0.6774777934814922
calibration,spn_null,14,bit_a093_d093_off+000,3,160000,159368,0.99605,0.99609375,0.7790281523722418,0.9957303601061935,0.9963514527660337,0.9201939765617319,0.9153819171081421
calibration,spn_null,14,bit_a093_d093_off+000,4,160000,159385,0.99615625,0.99609375,0.7034055381161318,0.9958407510047157,0.9964535546994084,0.9201939765617319,0.8701924182879982
calibration,spn_null,14,bit_a093_d093_off+000,5,160000,159385,0.99615625,0.99609375,0.7034055381161318,0.9958407510047157,0.9964535546994084,0.9201939765617319,0.8701924182879982
calibration,spn_null,14,bit_a093_d093_off+000,6,160000,159398,0.9962375,0.99609375,0.3671614830414377,0.995925206758233,0.9965315933707364,0.9201939765617319,0.6533364665797594
calibration,spn_null,14,bit_a093_d093_off+000,7,160000,159378,0.9961125,0.99609375,0.9201939765617319,0.9957952890086983,0.9964115196633604,0.9201939765617319,0.9745021704349284
calibration,spn_null,14,bit_a093_d093_off+000,8,160000,159344,0.9959,0.99609375,0.21402697797284306,0.9955746088528924,0.9962072139189562,0.9201939765617319,0.46856533376038617
calibration,spn_null,14,bit_a093_d093_off+000,9,160000,159370,0.9960625,0.99609375,0.8411534940380374,0.995743344323756,0.9963634677121034,0.9201939765617319,0.9427990125820385
calibration,spn_null,14,bit_a093_d093_off+000,10,160000,159355,0.99596875,0.99609375,0.4227403369357625,0.9956459813991084,0.996273336866156,0.9201939765617319,0.7076385762133078
calibration,spn_null,14,bit_a093_d093_off+000,11,160000,159384,0.99615,0.99609375,0.7333675617740207,0.9958342558330691,0.9964475502964784,0.9201939765617319,0.8878094064351323
calibration,spn_null,14,bit_a093_d093_off+000,12,160000,159392,0.9962,0.99609375,0.5084258875453176,0.995886222877429,0.9964955798351055,0.9201939765617319,0.763832319316909
calibration,spn_null,14,bit_a093_d093_off+000,13,160000,159389,0.99618125,0.99609375,0.5884764046808989,0.9958667337117855,0.9964775702857988,0.9201939765617319,0.8169737505331351
calibration,spn_null,14,bit_a093_d093_off+000,14,160000,159393,0.99620625,0.99609375,0.4830695928250653,0.9958927196753679,0.9965015826078262,0.9201939765617319,0.7473760017922042
calibration,spn_null,14,bit_a093_d093_off+000,15,160000,159370,0.9960625,0.99609375,0.8411534940380374,0.995743344323756,0.9963634677121034,0.9201939765617319,0.9427990125820385
calibration,spn_null,14,bit_a118_d118_off+000,0,160000,159349,0.99593125,0.99609375,0.2973322516553708,0.9956070481398528,0.9962372725898415,0.6338977829241502,0.5825284930390938
calibration,spn_null,14,bit_a118_d118_off+000,1,160000,159427,0.99641875,0.99609375,0.037121714807022324,0.9961137365255534,0.9967055508492563,0.2518666944901715,0.11819849490793179
calibration,spn_null,14,bit_a118_d118_off+000,2,160000,159393,0.99620625,0.99609375,0.4830695928250653,0.9958927196753679,0.9965015826078262,0.7026466804728222,0.7473760017922042
calibration,spn_null,14,bit_a118_d118_off+000,3,160000,159325,0.99578125,0.99609375,0.04722500521690716,0.9954513808641076,0.9960929495758168,0.2518666944901715,0.14577493571778416
calibration,spn_null,14,bit_a118_d118_off+000,4,160000,159377,0.99610625,0.99609375,0.9520651830367521,0.9957887952343962,0.9964055138597604,0.98401318155977,0.9875554572828548
calibration,spn_null,14,bit_a118_d118_off+000,5,160000,159352,0.99595,0.99609375,0.3565675028948345,0.9956265139305183,0.9962553055688683,0.6338977829241502,0.6464679939169805
calibration,spn_null,14,bit_a118_d118_off+000,6,160000,159360,0.996,0.99609375,0.5476687068590793,0.9956784309405377,0.9963033852592592,0.7302249424787725,0.7870688002765212
calibration,spn_null,14,bit_a118_d118_off+000,7,160000,159417,0.99635625,0.99609375,0.09619803813209854,0.9960487056778148,0.9966455861467214,0.3078337220227153,0.26652270304996994
calibration,spn_null,14,bit_a118_d118_off+000,8,160000,159368,0.99605,0.99609375,0.7790281523722418,0.9957303601061935,0.9963514527660337,0.9256470107021583,0.9153819171081421
calibration,spn_null,14,bit_a118_d118_off+000,9,160000,159311,0.99569375,0.99609375,0.0115493067852641,0.9953606219726214,0.9960087140284356,0.1847889085642256,0.038564641787316646
calibration,spn_null,14,bit_a118_d118_off+000,10,160000,159405,0.99628125,0.99609375,0.23703227797610793,0.9959706974286225,0.9965735996629903,0.6320860746029545,0.49792338480757903
calibration,spn_null,14,bit_a118_d118_off+000,11,160000,159400,0.99625,0.99609375,0.326109478993354,0.9959382030443988,0.9965435962193318,0.6338977829241502,0.6126518587742071
calibration,spn_null,14,bit_a118_d118_off+000,12,160000,159396,0.996225,0.99609375,0.411288079377106,0.9959122113044169,0.996519589687755,0.6580609270033696,0.6982078801096759
calibration,spn_null,14,bit_a118_d118_off+000,13,160000,159369,0.99605625,0.99609375,0.8099411343643885,0.9957368521179853,0.9963574603362844,0.9256470107021583,0.9261983192255069
calibration,spn_null,14,bit_a118_d118_off+000,14,160000,159376,0.9961,0.99609375,0.98401318155977,0.9957823016578018,0.9963995078579856,0.98401318155977,0.9959437578253866
calibration,spn_null,14,bit_a118_d118_off+000,15,160000,159421,0.99638125,0.99609375,0.06522564248713436,0.9960747153657834,0.9966695746856129,0.26090256994853744,0.19237055848740087
calibration,spn_null,14,bytepos_ab15_db15_a07_d10_off+00,0,160000,159396,0.996225,0.99609375,0.411288079377106,0.9959122113044169,0.996519589687755,0.968026463428358,0.6982078801096759
calibration,spn_null,14,bytepos_ab15_db15_a07_d10_off+00,1,160000,159372,0.996075,0.99609375,0.904284411952708,0.995756329319074,0.9963754818785991,0.968026463428358,0.9688761556636157
calibration,spn_null,14,bytepos_ab15_db15_a07_d10_off+00,2,160000,159378,0.9961125,0.99609375,0.9201939765617319,0.9957952890086983,0.9964115196633604,0.968026463428358,0.9745021704349284
calibration,spn_null,14,bytepos_ab15_db15_a07_d10_off+00,3,160000,159346,0.9959125,0.99609375,0.2450681543952868,0.9955875840155882,0.9962192379406428,0.968026463428358,0.511446583085816
calibration,spn_null,14,bytepos_ab15_db15_a07_d10_off+00,4,160000,159371,0.99606875,0.99609375,0.8726175464058323,0.9957498367239649,0.9963694748930294,0.968026463428358,0.9530294022179738
calibration,spn_null,14,bytepos_ab15_db15_a07_d10_off+00,5,160000,159390,0.9961875,0.99609375,0.5611553143204794,0.995873229896139,0.9964835736735886,0.968026463428358,0.7939706731726752
calibration,spn_null,14,bytepos_ab15_db15_a07_d10_off+00,6,160000,159381,0.99613125,0.99609375,0.825545676953505,0.9958147715226021,0.9964295358803383,0.968026463428358,0.9351313862836163
calibration,spn_null,14,bytepos_ab15_db15_a07_d10_off+00,7,160000,159333,0.99583125,0.99609375,0.09231369482499595,0.9955032584580027,0.9961410687706796,0.968026463428358,0.257619613465105
calibration,spn_null,14,bytepos_ab15_db15_a07_d10_off+00,8,160000,159358,0.9959875,0.99609375,0.49560258495764375,0.9956654505572808,0.9962913664700027,0.968026463428358,0.7522189431768189
calibration,spn_null,14,bytepos_ab15_db15_a07_d10_off+00,9,160000,159374,0.9960875,0.99609375,0.968026463428358,0.9957693150958465,0.9963874952618075,0.968026463428358,0.9886227711608762
calibration,spn_null,14,bytepos_ab15_db15_a07_d10_off+00,10,160000,159347,0.99591875,0.99609375,0.2617210895855886,0.99559407187256,0.9962252496752418,0.968026463428358,0.5334442590279513
calibration,spn_null,14,bytepos_ab15_db15_a07_d10_off+00,11,160000,159368,0.99605,0.99609375,0.7790281523722418,0.9957303601061935,0.9963514527660337,0.968026463428358,0.9153819171081421
calibration,spn_null,14,bytepos_ab15_db15_a07_d10_off+00,12,160000,159378,0.9961125,0.99609375,0.9201939765617319,0.9957952890086983,0.9964115196633604,0.968026463428358,0.9745021704349284
calibration,spn_null,14,bytepos_ab15_db15_a07_d10_off+00,13,160000,159388,0.996175,0.99609375,0.6163958739378903,0.9958602377309614,0.9964715666939887,0.968026463428358,0.8276084461263982
calibration,spn_null,14,bytepos_ab15_db15_a07_d10_off+00,14,160000,159347,0.99591875,0.99609375,0.2617210895855886,0.99559407187256,0.9962252496752418,0.968026463428358,0.5334442590279513
calibration,spn_null,14,bytepos_ab15_db15_a07_d10_off+00,15,160000,159350,0.9959375,0.99609375,0.3163002116891125,0.9956135365510194,0.9962432837689935,0.968026463428358,0.5989116434350059
calibration,spn_null,14,value_b00_a07_d10,0,160000,159414,0.9963375,0.99609375,0.12276067046858868,0.9960292007058458,0.9966275924427473,0.49104268187435474,0.32068093510161944
calibration,spn_null,14,value_b00_a07_d10,1,160000,159385,0.99615625,0.99609375,0.7034055381161318,0.9958407510047157,0.9964535546994084,0.968026463428358,0.8701924182879982
calibration,spn_null,14,value_b00_a07_d10,2,160000,159374,0.9960875,0.99609375,0.968026463428358,0.9957693150958465,0.9963874952618075,0.968026463428358,0.9886227711608762
calibration,spn_null,14,value_b00_a07_d10,3,160000,159404,0.996275,0.99609375,0.2533108709405798,0.9959641981303896,0.9965675993966865,0.6754956558415461,0.5224026554306264
calibration,spn_null,14,value_b00_a07_d10,4,160000,159384,0.99615,0.99609375,0.7333675617740207,0.9958342558330691,0.9964475502964784,0.968026463428358,0.8878094064351323
calibration,spn_null,14,value_b00_a07_d10,5,160000,159353,0.99595625,0.99609375,0.37786194706260084,0.995633002899706,0.9962613161887326,0.7776880504339628,0.6668152006987074
calibration,spn_null,14,value_b00_a07_d10,6,160000,159369,0.99605625,0.99609375,0.8099411343643885,0.9957368521179853,0.9963574603362844,0.968026463428358,0.9261983192255069
calibration,spn_null,14,value_b00_a07_d10,7,160000,159333,0.99583125,0.99609375,0.09231369482499595,0.9955032584580027,0.9961410687706796,0.49104268187435474,0.257619613465105
calibration,spn_null,14,value_b00_a07_d10,8,160000,159374,0.9960875,0.99609375,0.968026463428358,0.9957693150958465,0.9963874952618075,0.968026463428358,0.9886227711608762
calibration,spn_null,14,value_b00_a07_d10,9,160000,159406,0.9962875,0.99609375,0.2215070770094379,0.9959771969386064,0.9965795997170194,0.6754956558415461,0.47839548690452277
calibration,spn_null,14,value_b00_a07_d10,10,160000,159366,0.9960375,0.99609375,0.7182837924895307,0.995717376662717,0.9963394370440737,0.968026463428358,0.8800924579322902
calibration,spn_null,14,value_b00_a07_d10,11,160000,159397,0.99623125,0.99609375,0.3888440252169814,0.9959187089275388,0.9965255916332852,0.7776880504339628,0.6774777934814922
calibration,spn_null,14,value_b00_a07_d10,12,160000,159423,0.99639375,0.99609375,0.054361354367768344,0.9960877215307635,0.9966815676307069,0.49104268187435474,0.16462744540396723
calibration,spn_null,14,value_b00_a07_d10,13,160000,159332,0.995825,0.99609375,0.08482141029892074,0.9954967731379427,0.99613505449351,0.49104268187435474,0.24091288132237842
calibration,spn_null,14,value_b00_a07_d10,14,160000,159380,0.996125,0.99609375,0.8568844719153044,0.9958082771523237,0.9964235306741286,0.968026463428358,0.9477063283855901
calibration,spn_null,14,value_b00_a07_d10,15,160000,159357,0.99598125,0.99609375,0.47059649279436977,0.9956589606494335,0.996285356790942,0.8366159871899908,0.7363857099960799
calibration,spn_null,14,value_b00_a0F_dF0,0,160000,159360,0.996,0.99609375,0.5476687068590793,0.9956784309405377,0.9963033852592592,0.876079470913139,0.7870688002765212
calibration,spn_null,14,value_b00_a0F_dF0,1,160000,159362,0.9960125,0.99609375,0.6023046362527831,0.9956914120834872,0.9963154032870745,0.876079470913139,0.8236644598328658
calibration,spn_null,14,value_b00_a0F_dF0,2,160000,159414,0.9963375,0.99609375,0.12276067046858868,0.9960292007058458,0.9966275924427473,0.745393094841952,0.32068093510161944
calibration,spn_null,14,value_b00_a0F_dF0,3,160000,159350,0.9959375,0.99609375,0.3163002116891125,0.9956135365510194,0.9962432837689935,0.745393094841952,0.5989116434350059
calibration,spn_null,14,value_b00_a0F_dF0,4,160000,159404,0.996275,0.99609375,0.2533108709405798,0.9959641981303896,0.9965675993966865,0.745393094841952,0.5224026554306264
calibration,spn_null,14,value_b00_a0F_dF0,5,160000,159396,0.996225,0.99609375,0.411288079377106,0.9959122113044169,0.996519589687755,0.822576158754212,0.6982078801096759
calibration,spn_null,14,value_b00_a0F_dF0,6,160000,159400,0.99625,0.99609375,0.326109478993354,0.9959382030443988,0.9965435962193318,0.745393094841952,0.6126518587742071
calibration,spn_null,14,value_b00_a0F_dF0,7,160000,159407,0.99629375,0.99609375,0.20672421246595302,0.9959836966608732,0.996585599558239,0.745393094841952,0.4604530022443501
calibration,spn_null,14,value_b00_a0F_dF0,8,160000,159377,0.99610625,0.99609375,0.9520651830367521,0.9957887952343962,0.9964055138597604,0.968026463428358,0.9875554572828548
calibration,spn_null,14,value_b00_a0F_dF0,9,160000,159362,0.9960125,0.99609375,0.6023046362527831,0.9956914120834872,0.9963154032870745,0.876079470913139,0.8236644598328658
calibration,spn_null,14,value_b00_a0F_dF0,10,160000,159403,0.99626875,0.99609375,0.27035196939762784,0.9959576990433774,0.9965615989186398,0.745393094841952,0.5452476693733671
calibration,spn_null,14,value_b00_a0F_dF0,11,160000,159377,0.99610625,0.99609375,0.9520651830367521,0.9957887952343962,0.9964055138597604,0.968026463428358,0.9875554572828548
calibration,spn_null,14,value_b00_a0F_dF0,12,160000,159364,0.996025,0.99609375,0.6592700130091702,0.9957043939896857,0.9963274205498786,0.8790266840122269,0.8483903652664925
calibration,spn_null,14,value_b00_a0F_dF0,13,160000,159367,0.99604375,0.99609375,0.748460820632805,0.9957238682879227,0.9963454450018108,0.9211825484711446,0.8942406817765934
calibration,spn_null,14,value_b00_a0F_dF0,14,160000,159374,0.9960875,0.99609375,0.968026463428358,0.9957693150958465,0.9963874952618075,0.968026463428358,0.9886227711608762
calibration,spn_null,14,value_b00_a0F_dF0,15,160000,159331,0.99581875,0.99609375,0.08120153140152415,0.9954902879960514,0.9961290400377788,0.745393094841952,0.23200437543292615
calibration,spn_null,16,bit_a019_d019_off+000,0,160000,159351,0.99594375,0.99609375,0.33604567866258933,0.9956200251477654,0.9962492947621453,0.6720913573251787,0.6215873824972751
calibration,spn_null,16,bit_a019_d019_off+000,1,160000,159354,0.9959625,0.99609375,0.39992260533754054,0.9956394920557589,0.9962673266213062,0.710973520600072,0.6855816091500695
calibration,spn_null,16,bit_a019_d019_off+000,2,160000,159380,0.996125,0.99609375,0.8568844719153044,0.9958082771523237,0.9964235306741286,0.9792965393317764,0.9477063283855901
calibration,spn_null,16,bit_a019_d019_off+000,3,160000,159345,0.99590625,0.99609375,0.22917350277737814,0.9955810963425052,0.9962132260217409,0.6320860746029545,0.48781942941526163
calibration,spn_null,16,bit_a019_d019_off+000,4,160000,159376,0.9961,0.99609375,0.98401318155977,0.9957823016578018,0.9963995078579856,0.98401318155977,0.9959437578253866
calibration,spn_null,16,bit_a019_d019_off+000,5,160000,159362,0.9960125,0.99609375,0.6023046362527831,0.9956914120834872,0.9963154032870745,0.8965758166369313,0.8236644598328658
calibration,spn_null,16,bit_a019_d019_off+000,6,160000,159405,0.99628125,0.99609375,0.23703227797610793,0.9959706974286225,0.9965735996629903,0.6320860746029545,0.49792338480757903
calibration,spn_null,16,bit_a019_d019_off+000,7,160000,159334,0.9958375,0.99609375,0.10032910767899636,0.99550974395663,0.9961470828688876,0.6320860746029545,0.2751884096338186
calibration,spn_null,16,bit_a019_d019_off+000,8,160000,159388,0.996175,0.99609375,0.6163958739378903,0.9958602377309614,0.9964715666939887,0.8965758166369313,0.8276084461263982
calibration,spn_null,16,bit_a019_d019_off+000,9,160000,159415,0.99634375,0.99609375,0.11333402266556593,0.9960357021458083,0.99663359056198,0.6320860746029545,0.3030659101920426
calibration,spn_null,16,bit_a019_d019_off+000,10,160000,159369,0.99605625,0.99609375,0.8099411343643885,0.9957368521179853,0.9963574603362844,0.9792965393317764,0.9261983192255069
calibration,spn_null,16,bit_a019_d019_off+000,11,160000,159373,0.99608125,0.99609375,0.9361042439484883,0.9957628221095461,0.9963814886683475,0.98401318155977,0.9810699499896821
calibration,spn_null,16,bit_a019_d019_off+000,12,160000,159407,0.99629375,0.99609375,0.20672421246595302,0.9959836966608732,0.996585599558239,0.6320860746029545,0.4604530022443501
calibration,spn_null,16,bit_a019_d019_off+000,13,160000,159406,0.9962875,0.99609375,0.2215070770094379,0.9959771969386064,0.9965795997170194,0.6320860746029545,0.47839548690452277
calibration,spn_null,16,bit_a019_d019_off+000,14,160000,159382,0.9961375,0.99609375,0.7944822125859358,0.9958212660924974,0.9964355408864563,0.9792965393317764,0.921138797201085
calibration,spn_null,16,bit_a019_d019_off+000,15,160000,159351,0.99594375,0.99609375,0.33604567866258933,0.9956200251477654,0.9962492947621453,0.6720913573251787,0.6215873824972751
calibration,spn_null,16,bit_a044_d044_off+000,0,160000,159426,0.9964125,0.99609375,0.040923523571484696,0.9961072324423109,0.9966995553800212,0.22897894386463555,0.12923217969942535
calibration,spn_null,16,bit_a044_d044_off+000,1,160000,159344,0.9959,0.99609375,0.21402697797284306,0.9955746088528924,0.9962072139189562,0.5982196333384883,0.46856533376038617
calibration,spn_null,16,bit_a044_d044_off+000,2,160000,159396,0.996225,0.99609375,0.411288079377106,0.9959122113044169,0.996519589687755,0.7311788077815218,0.6982078801096759
calibration,spn_null,16,bit_a044_d044_off+000,3,160000,159401,0.99625625,0.99609375,0.3067476122713609,0.9959447015009065,0.9965495973294358,0.6134952245427218,0.5919149905135808
calibration,spn_null,16,bit_a044_d044_off+000,4,160000,159417,0.99635625,0.99609375,0.09619803813209854,0.9960487056778148,0.9966455861467214,0.38479215252839416,0.26652270304996994
calibration,spn_null,16,bit_a044_d044_off+000,5,160000,159376,0.9961,0.99609375,0.98401318155977,0.9957823016578018,0.9963995078579856,0.98401318155977,0.9959437578253866
calibration,spn_null,16,bit_a044_d044_off+000,6,160000,159431,0.99644375,0.99609375,0.02477522033939568,0.9961397551043655,0.9967295304745728,0.22897894386463555,0.08048802546808749
calibration,spn_null,16,bit_a044_d044_off+000,7,160000,159386,0.9961625,0.99609375,0.6738967836523793,0.9958472463779195,0.9964595589002986,0.9476803709146286,0.8591512779631927
calibration,spn_null,16,bit_a044_d044_off+000,8,160000,159379,0.99611875,0.99609375,0.8884503477324643,0.9958017829811817,0.9964175252683092,0.9476803709146286,0.9594064497448435
calibration,spn_null,16,bit_a044_d044_off+000,9,160000,159383,0.99614375,0.99609375,0.7637410283656014,0.9958277608624917,0.9964415456919983,0.9476803709146286,0.9057336469808245
calibration,spn_null,16,bit_a044_d044_off+000,10,160000,159347,0.99591875,0.99609375,0.2617210895855886,0.99559407187256,0.9962252496752418,0.5982196333384883,0.5334442590279513
calibration,spn_null,16,bit_a044_d044_off+000,11,160000,159404,0.996275,0.99609375,0.2533108709405798,0.9959641981303896,0.9965675993966865,0.5982196333384883,0.5224026554306264
calibration,spn_null,16,bit_a044_d044_off+000,12,160000,159380,0.996125,0.99609375,0.8568844719153044,0.9958082771523237,0.9964235306741286,0.9476803709146286,0.9477063283855901
calibration,spn_null,16,bit_a044_d044_off+000,13,160000,159358,0.9959875,0.99609375,0.49560258495764375,0.9956654505572808,0.9962913664700027,0.79296413593223,0.7522189431768189
calibration,spn_null,16,bit_a044_d044_off+000,14,160000,159368,0.99605,0.99609375,0.7790281523722418,0.9957303601061935,0.9963514527660337,0.9476803709146286,0.9153819171081421
calibration,spn_null,16,bit_a044_d044_off+000,15,160000,159324,0.995775,0.99609375,0.042933551974619164,0.9954448969583586,0.9960869338812331,0.22897894386463555,0.13425475536037262
calibration,spn_null,16,bit_a068_d068_off+000,0,160000,159350,0.9959375,0.99609375,0.3163002116891125,0.9956135365510194,0.9962432837689935,0.968026463428358,0.5989116434350059
calibration,spn_null,16,bit_a068_d068_off+000,1,160000,159384,0.99615,0.99609375,0.7333675617740207,0.9958342558330691,0.9964475502964784,0.968026463428358,0.8878094064351323
calibration,spn_null,16,bit_a068_d068_off+000,2,160000,159378,0.9961125,0.99609375,0.9201939765617319,0.9957952890086983,0.9964115196633604,0.968026463428358,0.9745021704349284
calibration,spn_null,16,bit_a068_d068_off+000,3,160000,159380,0.996125,0.99609375,0.8568844719153044,0.9958082771523237,0.9964235306741286,0.968026463428358,0.9477063283855901
calibration,spn_null,16,bit_a068_d068_off+000,4,160000,159354,0.9959625,0.99609375,0.39992260533754054,0.9956394920557589,0.9962673266213062,0.968026463428358,0.6855816091500695
calibration,spn_null,16,bit_a068_d068_off+000,5,160000,159366,0.9960375,0.99609375,0.7182837924895307,0.995717376662717,0.9963394370440737,0.968026463428358,0.8800924579322902
calibration,spn_null,16,bit_a068_d068_off+000,6,160000,159398,0.9962375,0.99609375,0.3671614830414377,0.995925206758233,0.9965315933707364,0.968026463428358,0.6533364665797594
calibration,spn_null,16,bit_a068_d068_off+000,7,160000,159362,0.9960125,0.99609375,0.6023046362527831,0.9956914120834872,0.9963154032870745,0.968026463428358,0.8236644598328658
calibration,spn_null,16,bit_a068_d068_off+000,8,160000,159373,0.99608125,0.99609375,0.9361042439484883,0.9957628221095461,0.9963814886683475,0.968026463428358,0.9810699499896821
calibration,spn_null,16,bit_a068_d068_off+000,9,160000,159310,0.9956875,0.99609375,0.01029635774339923,0.9953541404827476,0.9960026959127612,0.16474172389438768,0.03456120081700441
calibration,spn_null,16,bit_a068_d068_off+000,10,160000,159388,0.996175,0.99609375,0.6163958739378903,0.9958602377309614,0.9964715666939887,0.968026463428358,0.8276084461263982
calibration,spn_null,16,bit_a068_d068_off+000,11,160000,159389,0.99618125,0.99609375,0.5884764046808989,0.9958667337117855,0.9964775702857988,0.968026463428358,0.8169737505331351
calibration,spn_null,16,bit_a068_d068_off+000,12,160000,159371,0.99606875,0.99609375,0.8726175464058323,0.9957498367239649,0.9963694748930294,0.968026463428358,0.9530294022179738
calibration,spn_null,16,bit_a068_d068_off+000,13,160000,159363,0.99601875,0.99609375,0.6305127956476326,0.995697902940957,0.9963214120143271,0.968026463428358,0.8354620894709832
calibration,spn_null,16,bit_a068_d068_off+000,14,160000,159364,0.996025,0.99609375,0.6592700130091702,0.9957043939896857,0.9963274205498786,0.968026463428358,0.8483903652664925
calibration,spn_null,16,bit_a068_d068_off+000,15,160000,159374,0.9960875,0.99609375,0.968026463428358,0.9957693150958465,0.9963874952618075,0.968026463428358,0.9886227711608762
calibration,spn_null,16,bit_a093_d093_off+000,0,160000,159373,0.99608125,0.99609375,0.9361042439484883,0.9957628221095461,0.9963814886683475,0.9520651830367521,0.9810699499896821
calibration,spn_null,16,bit_a093_d093_off+000,1,160000,159418,0.9963625,0.99609375,0.0884437484147571,0.9960552077709716,0.9966515836111126,0.666771915344037,0.24862664268862905
calibration,spn_null,16,bit_a093_d093_off+000,2,160000,159410,0.9963125,0.99609375,0.16669297883600925,0.9960031971067277,0.9966035977996639,0.666771915344037,0.39906548549269044
calibration,spn_null,16,bit_a093_d093_off+000,3,160000,159403,0.99626875,0.99609375,0.27035196939762784,0.9959576990433774,0.9965615989186398,0.7209385850603409,0.5452476693733671
calibration,spn_null,16,bit_a093_d093_off+000,4,160000,159392,0.9962,0.99609375,0.5084258875453176,0.995886222877429,0.9964955798351055,0.7395285637022802,0.763832319316909
calibration,spn_null,16,bit_a093_d093_off+000,5,160000,159392,0.9962,0.99609375,0.5084258875453176,0.995886222877429,0.9964955798351055,0.7395285637022802,0.763832319316909
calibration,spn_null,16,bit_a093_d093_off+000,6,160000,159377,0.99610625,0.99609375,0.9520651830367521,0.9957887952343962,0.9964055138597604,0.9520651830367521,0.9875554572828548
calibration,spn_null,16,bit_a093_d093_off+000,7,160000,159365,0.99603125,0.99609375,0.6885399078547646,0.9957108852301221,0.9963334288932781,0.8474337327443257,0.8617970163501617
calibration,spn_null,16,bit_a093_d093_off+000,8,160000,159395,0.99621875,0.99609375,0.43448307620013293,0.9959057138883544,0.9965135875346601,0.7395285637022802,0.7172893433398584
calibration,spn_null,16,bit_a093_d093_off+000,9,160000,159346,0.9959125,0.99609375,0.2450681543952868,0.9955875840155882,0.9962192379406428,0.7209385850603409,0.511446583085816
calibration,spn_null,16,bit_a093_d093_off+000,10,160000,159329,0.99580625,0.99609375,0.0681616076981151,0.9954773182451876,0.9961170105922245,0.666771915344037,0.19919373939175192
calibration,spn_null,16,bit_a093_d093_off+000,11,160000,159397,0.99623125,0.99609375,0.3888440252169814,0.9959187089275388,0.9965255916332852,0.7395285637022802,0.6774777934814922
calibration,spn_null,16,bit_a093_d093_off+000,12,160000,159353,0.99595625,0.99609375,0.37786194706260084,0.995633002899706,0.9962613161887326,0.7395285637022802,0.6668152006987074
calibration,spn_null,16,bit_a093_d093_off+000,13,160000,159365,0.99603125,0.99609375,0.6885399078547646,0.9957108852301221,0.9963334288932781,0.8474337327443257,0.8617970163501617
calibration,spn_null,16,bit_a093_d093_off+000,14,160000,159381,0.99613125,0.99609375,0.825545676953505,0.9958147715226021,0.9964295358803383,0.9434807736611486,0.9351313862836163
calibration,spn_null,16,bit_a093_d093_off+000,15,160000,159411,0.99631875,0.99609375,0.1547351446731544,0.9960096976834938,0.9966095967842568,0.666771915344037,0.380398819170879
calibration,spn_null,16,bit_a118_d118_off+000,0,160000,159360,0.996,0.99609375,0.5476687068590793,0.9956784309405377,0.9963033852592592,0.8762699309745269,0.7870688002765212
calibration,spn_null,16,bit_a118_d118_off+000,1,160000,159364,0.996025,0.99609375,0.6592700130091702,0.9957043939896857,0.9963274205498786,0.9180532104730195,0.8483903652664925
calibration,spn_null,16,bit_a118_d118_off+000,2,160000,159369,0.99605625,0.99609375,0.8099411343643885,0.9957368521179853,0.9963574603362844,0.9307920494995545,0.9261983192255069
calibration,spn_null,16,bit_a118_d118_off+000,3,160000,159351,0.99594375,0.99609375,0.33604567866258933,0.9956200251477654,0.9962492947621453,0.8587903872445605,0.6215873824972751
calibration,spn_null,16,bit_a118_d118_off+000,4,160000,159407,0.99629375,0.99609375,0.20672421246595302,0.9959836966608732,0.996585599558239,0.6615174798910497,0.4604530022443501
calibration,spn_null,16,bit_a118_d118_off+000,5,160000,159371,0.99606875,0.99609375,0.8726175464058323,0.9957498367239649,0.9963694748930294,0.9307920494995545,0.9530294022179738
calibration,spn_null,16,bit_a118_d118_off+000,6,160000,159381,0.99613125,0.99609375,0.825545676953505,0.9958147715226021,0.9964295358803383,0.9307920494995545,0.9351313862836163
calibration,spn_null,16,bit_a118_d118_off+000,7,160000,159341,0.99588125,0.99609375,0.17294742854839296,0.9955551474807111,0.9961891765114845,0.6615174798910497,0.4099494602628574
calibration,spn_null,16,bit_a118_d118_off+000,8,160000,159365,0.99603125,0.99609375,0.6885399078547646,0.9957108852301221,0.9963334288932781,0.9180532104730195,0.8617970163501617
calibration,spn_null,16,bit_a118_d118_off+000,9,160000,159325,0.99578125,0.99609375,0.04722500521690716,0.9954513808641076,0.9960929495758168,0.6615174798910497,0.14577493571778416
calibration,spn_null,16,bit_a118_d118_off+000,10,160000,159338,0.9958625,0.99609375,0.13807275499885951,0.9955356877448389,0.9961711374640457,0.6615174798910497,0.3515911002623478
calibration,spn_null,16,bit_a118_d118_off+000,11,160000,159355,0.99596875,0.99609375,0.4227403369357625,0.9956459813991084,0.996273336866156,0.8587903872445605,0.7076385762133078
calibration,spn_null,16,bit_a118_d118_off+000,12,160000,159409,0.99630625,0.99609375,0.17933242110671713,0.995996696744396,0.9965975986001014,0.6615174798910497,0.42041300186190095
calibration,spn_null,16,bit_a118_d118_off+000,13,160000,159375,0.99609375,0.99609375,1.0,0.9957758082784421,0.9963935016585105,1.0,1.0
calibration,spn_null,16,bit_a118_d118_off+000,14,160000,159393,0.99620625,0.99609375,0.4830695928250653,0.9958927196753679,0.9965015826078262,0.8587903872445605,0.7473760017922042
calibration,spn_null,16,bit_a118_d118_off+000,15,160000,159393,0.99620625,0.99609375,0.4830695928250653,0.9958927196753679,0.9965015826078262,0.8587903872445605,0.7473760017922042
calibration,spn_null,16,bytepos_ab15_db15_a07_d10_off+00,0,160000,159363,0.99601875,0.99609375,0.6305127956476326,0.995697902940957,0.9963214120143271,0.8553837950089199,0.8354620894709832
calibration,spn_null,16,bytepos_ab15_db15_a07_d10_off+00,1,160000,159356,0.995975,0.99609375,0.4463032151466413,0.9956524709301883,0.9962793469228468,0.814961148275038,0.7176735117935941
calibration,spn_null,16,bytepos_ab15_db15_a07_d10_off+00,2,160000,159412,0.996325,0.99609375,0.1434403639144341,0.9960161984752378,0.9966155955533341,0.814961148275038,0.3609508502171867
calibration,spn_null,16,bytepos_ab15_db15_a07_d10_off+00,3,160000,159370,0.9960625,0.99609375,0.8411534940380374,0.995743344323756,0.9963634677121034,0.8972303936405732,0.9427990125820385
calibration,spn_null,16,bytepos_ab15_db15_a07_d10_off+00,4,160000,159399,0.99624375,0.99609375,0.3462482639504865,0.9959317047970141,0.9965375948995916,0.814961148275038,0.634347964489441
calibration,spn_null,16,bytepos_ab15_db15_a07_d10_off+00,5,160000,159329,0.99580625,0.99609375,0.0681616076981151,0.9954773182451876,0.9961170105922245,0.814961148275038,0.19919373939175192
calibration,spn_null,16,bytepos_ab15_db15_a07_d10_off+00,6,160000,159367,0.99604375,0.99609375,0.748460820632805,0.9957238682879227,0.9963454450018108,0.8553837950089199,0.8942406817765934
calibration,spn_null,16,bytepos_ab15_db15_a07_d10_off+00,7,160000,159367,0.99604375,0.99609375,0.748460820632805,0.9957238682879227,0.9963454450018108,0.8553837950089199,0.8942406817765934
calibration,spn_null,16,bytepos_ab15_db15_a07_d10_off+00,8,160000,159407,0.99629375,0.99609375,0.20672421246595302,0.9959836966608732,0.996585599558239,0.814961148275038,0.4604530022443501
calibration,spn_null,16,bytepos_ab15_db15_a07_d10_off+00,9,160000,159364,0.996025,0.99609375,0.6592700130091702,0.9957043939896857,0.9963274205498786,0.8553837950089199,0.8483903652664925
calibration,spn_null,16,bytepos_ab15_db15_a07_d10_off+00,10,160000,159394,0.9962125,0.99609375,0.45841564590470885,0.9958992166788408,0.9965075851745139,0.814961148275038,0.7298159536791384
calibration,spn_null,16,bytepos_ab15_db15_a07_d10_off+00,11,160000,159373,0.99608125,0.99609375,0.9361042439484883,0.9957628221095461,0.9963814886683475,0.9361042439484883,0.9810699499896821
calibration,spn_null,16,bytepos_ab15_db15_a07_d10_off+00,12,160000,159396,0.996225,0.99609375,0.411288079377106,0.9959122113044169,0.996519589687755,0.814961148275038,0.6982078801096759
calibration,spn_null,16,bytepos_ab15_db15_a07_d10_off+00,13,160000,159363,0.99601875,0.99609375,0.6305127956476326,0.995697902940957,0.9963214120143271,0.8553837950089199,0.8354620894709832
calibration,spn_null,16,bytepos_ab15_db15_a07_d10_off+00,14,160000,159411,0.99631875,0.99609375,0.1547351446731544,0.9960096976834938,0.9966095967842568,0.814961148275038,0.380398819170879
calibration,spn_null,16,bytepos_ab15_db15_a07_d10_off+00,15,160000,159394,0.9962125,0.99609375,0.45841564590470885,0.9958992166788408,0.9965075851745139,0.814961148275038,0.7298159536791384
calibration,spn_null,16,value_b00_a07_d10,0,160000,159359,0.99599375,0.99609375,0.521301069631201,0.9956719406541688,0.9962973759595891,0.7370069180368487,0.7752889649046522
calibration,spn_null,16,value_b00_a07_d10,1,160000,159391,0.99619375,0.99609375,0.5344626771913575,0.9958797262845202,0.9964895768568584,0.7370069180368487,0.7827371016074802
calibration,spn_null,16,value_b00_a07_d10,2,160000,159382,0.9961375,0.99609375,0.7944822125859358,0.9958212660924974,0.9964355408864563,0.7944822125859358,0.921138797201085
calibration,spn_null,16,value_b00_a07_d10,3,160000,159356,0.995975,0.99609375,0.4463032151466413,0.9956524709301883,0.9962793469228468,0.7370069180368487,0.7176735117935941
calibration,spn_null,16,value_b00_a07_d10,4,160000,159363,0.99601875,0.99609375,0.6305127956476326,0.995697902940957,0.9963214120143271,0.7370069180368487,0.8354620894709832
calibration,spn_null,16,value_b00_a07_d10,5,160000,159411,0.99631875,0.99609375,0.1547351446731544,0.9960096976834938,0.9966095967842568,0.6426266219872342,0.380398819170879
calibration,spn_null,16,value_b00_a07_d10,6,160000,159361,0.99600625,0.99609375,0.5746794767050786,0.9956849214168292,0.9963093943685695,0.7370069180368487,0.806567686603619
calibration,spn_null,16,value_b00_a07_d10,7,160000,159387,0.99616875,0.99609375,0.6448810532822427,0.9958537419531708,0.9964655628986566,0.7370069180368487,0.8440161024552869
calibration,spn_null,16,value_b00_a07_d10,8,160000,159340,0.995875,0.99609375,0.16065665549680855,0.9955486607208232,0.9961831636773398,0.6426266219872342,0.3899630575902306
calibration,spn_null,16,value_b00_a07_d10,9,160000,159320,0.99575,0.99609375,0.028915181271121415,0.995418963081837,0.9960628693526236,0.46264290033794264,0.09283804020159384
calibration,spn_null,16,value_b00_a07_d10,10,160000,159406,0.9962875,0.99609375,0.2215070770094379,0.9959771969386064,0.9965795997170194,0.6535150783874315,0.47839548690452277
calibration,spn_null,16,value_b00_a07_d10,11,160000,159390,0.9961875,0.99609375,0.5611553143204794,0.995873229896139,0.9964835736735886,0.7370069180368487,0.7939706731726752
calibration,spn_null,16,value_b00_a07_d10,12,160000,159382,0.9961375,0.99609375,0.7944822125859358,0.9958212660924974,0.9964355408864563,0.7944822125859358,0.921138797201085
calibration,spn_null,16,value_b00_a07_d10,13,160000,159346,0.9959125,0.99609375,0.2450681543952868,0.9955875840155882,0.9962192379406428,0.6535150783874315,0.511446583085816
calibration,spn_null,16,value_b00_a07_d10,14,160000,159336,0.99585,0.99609375,0.11802014526697782,0.9955227154911891,0.9961591105268097,0.6426266219872342,0.31126192158323823
calibration,spn_null,16,value_b00_a07_d10,15,160000,159360,0.996,0.99609375,0.5476687068590793,0.9956784309405377,0.9963033852592592,0.7370069180368487,0.7870688002765212
calibration,spn_null,16,value_b00_a0F_dF0,0,160000,159332,0.995825,0.99609375,0.08482141029892074,0.9954967731379427,0.99613505449351,0.45238085492757724,0.24091288132237842
calibration,spn_null,16,value_b00_a0F_dF0,1,160000,159401,0.99625625,0.99609375,0.3067476122713609,0.9959447015009065,0.9965495973294358,0.817993632723629,0.5919149905135808
calibration,spn_null,16,value_b00_a0F_dF0,2,160000,159424,0.9964,0.99609375,0.04952251858918759,0.9960942249454944,0.9966875637701657,0.3961801487135007,0.15140642625993658
calibration,spn_null,16,value_b00_a0F_dF0,3,160000,159358,0.9959875,0.99609375,0.49560258495764375,0.9956654505572808,0.9962913664700027,0.8406837275301768,0.7522189431768189
calibration,spn_null,16,value_b00_a0F_dF0,4,160000,159379,0.99611875,0.99609375,0.8884503477324643,0.9958017829811817,0.9964175252683092,0.98401318155977,0.9594064497448435
calibration,spn_null,16,value_b00_a0F_dF0,5,160000,159379,0.99611875,0.99609375,0.8884503477324643,0.9958017829811817,0.9964175252683092,0.98401318155977,0.9594064497448435
calibration,spn_null,16,value_b00_a0F_dF0,6,160000,159397,0.99623125,0.99609375,0.3888440252169814,0.9959187089275388,0.9965255916332852,0.8406837275301768,0.6774777934814922
calibration,spn_null,16,value_b00_a0F_dF0,7,160000,159389,0.99618125,0.99609375,0.5884764046808989,0.9958667337117855,0.9964775702857988,0.8406837275301768,0.8169737505331351
calibration,spn_null,16,value_b00_a0F_dF0,8,160000,159373,0.99608125,0.99609375,0.9361042439484883,0.9957628221095461,0.9963814886683475,0.98401318155977,0.9810699499896821
calibration,spn_null,16,value_b00_a0F_dF0,9,160000,159376,0.9961,0.99609375,0.98401318155977,0.9957823016578018,0.9963995078579856,0.98401318155977,0.9959437578253866
calibration,spn_null,16,value_b00_a0F_dF0,10,160000,159390,0.9961875,0.99609375,0.5611553143204794,0.995873229896139,0.9964835736735886,0.8406837275301768,0.7939706731726752
calibration,spn_null,16,value_b00_a0F_dF0,11,160000,159405,0.99628125,0.99609375,0.23703227797610793,0.9959706974286225,0.9965735996629903,0.7585032895235454,0.49792338480757903
calibration,spn_null,16,value_b00_a0F_dF0,12,160000,159363,0.99601875,0.99609375,0.6305127956476326,0.995697902940957,0.9963214120143271,0.8406837275301768,0.8354620894709832
calibration,spn_null,16,value_b00_a0F_dF0,13,160000,159430,0.9964375,0.99609375,0.02746989834211533,0.9961332501216116,0.9967235359071669,0.3961801487135007,0.0886423610367419
calibration,spn_null,16,value_b00_a0F_dF0,14,160000,159357,0.99598125,0.99609375,0.47059649279436977,0.9956589606494335,0.996285356790942,0.8406837275301768,0.7363857099960799
calibration,spn_null,16,value_b00_a0F_dF0,15,160000,159413,0.99633125,0.99609375,0.13278903715571136,0.9960226994825058,0.9966215941063478,0.5311561486228454,0.34268138620828736
